Stime,srcip,sport,dstip,dsport,proto,service,dur,sbytes,dbytes,state,Spkts,Dpkts,is_sm_ips_ports,ct_srv_src,ct_srv_dst,ct_src_dport_ltm,ct_dst_sport_ltm,ct_dst_src_ltm,ct_dst_ltm,ct_src_ltm,dttl,sttl,ct_flw_http_mthd,res_len,trans_depth,dmeansz,smeansz,dwin,swin,dtcpb,stcpb,Label,attack_cat,res_bdy_len
1588205200,10.0.1.6,54243,10.0.0.4,53,udp,dns,0.001528025,39,55,SF,1,1,0,0,0,0,0,0,0,0,128,128,0,0,0,83,67,0,0,0,0,,,
1588205200,10.0.1.6,56880,10.0.0.4,445,tcp,"gssapi,smb,krb",10.76107693,4020,1681,RSTO,12,11,0,0,0,0,0,1,1,1,128,128,0,0,0,193,108,20861,7059,1505229605,3037930145,,,
1588205280,10.0.1.6,65108,10.0.0.4,53,udp,dns,0.001599073,36,104,SF,1,1,0,1,1,1,0,2,2,2,128,128,0,0,0,132,64,0,0,0,0,,,
1588205323,10.0.1.6,138,10.0.1.255,138,udp,,,,,S0,1,0,0,0,0,0,0,0,0,3,0,128,0,0,0,0,229,0,0,0,0,,,
1588205391,10.0.1.6,123,10.0.0.4,123,udp,,0.003068924,120,120,SF,1,1,0,0,0,0,0,3,3,4,128,128,0,0,0,148,148,0,0,0,0,,,
1588205723,10.0.1.6,54192,10.0.0.4,53,udp,dns,0.001271963,35,51,SF,1,1,0,2,2,2,0,4,4,5,128,128,0,0,0,79,63,0,0,0,0,,,
1588205880,10.0.1.6,56542,10.0.0.4,53,udp,dns,0.001223087,36,104,SF,1,1,0,3,3,3,0,5,5,6,128,128,0,0,0,132,64,0,0,0,0,,,
1588206049,10.0.1.6,56956,10.0.0.4,389,tcp,,0.369796991,2180,515,RSTR,8,8,0,0,0,0,0,6,6,7,128,128,0,0,0,124,87,20487,22374,1819658905,3214930701,,,
1588206049,10.0.1.6,56955,10.0.0.4,389,tcp,,0.515841961,2991,4544,RSTR,13,11,0,0,0,1,0,7,7,8,128,128,0,0,0,599,132,19370,6832,1418158349,2634436645,,,
1588206049,10.0.1.6,56953,10.0.0.4,135,tcp,dce_rpc,14.7123189,328,280,SF,7,6,0,0,0,0,0,8,8,9,128,128,0,0,0,117,90,24584,10933,3535944624,3946279426,,,
1588206049,10.0.1.6,56954,10.0.0.4,49667,tcp,dce_rpc,34.73738909,2799,1098,SF,10,10,0,1,1,0,0,9,9,10,128,128,0,0,0,165,126,21307,8266,2333692858,3105602112,,,
1588206041,10.0.1.6,138,10.0.1.255,138,udp,,,,,S0,1,0,0,0,0,1,1,1,1,11,0,128,0,0,0,0,229,0,0,0,0,,,
1588206048,10.0.1.6,56543,10.0.0.4,389,udp,,0.00107193,203,174,SF,1,1,0,0,0,2,0,10,10,12,128,128,0,0,0,202,231,0,0,0,0,,,
1588206049,10.0.1.6,56545,10.0.0.4,389,udp,,0.001207113,202,174,SF,1,1,0,0,0,3,0,11,11,13,128,128,0,0,0,202,230,0,0,0,0,,,
1588206049,10.0.1.6,56957,10.0.0.4,445,tcp,"gssapi,smb,krb",183.004385,15652,12520,RSTO,71,70,0,1,1,1,0,12,12,14,128,128,0,0,0,233,170,17094,10572,993287131,2760062146,,,
1588206415,10.0.1.6,123,10.0.0.4,123,udp,,0.001982927,120,120,SF,1,1,0,0,0,1,1,13,13,15,128,128,0,0,0,148,148,0,0,0,0,,,
1588206480,10.0.1.6,56622,10.0.0.4,53,udp,dns,0.00188899,36,104,SF,1,1,0,4,4,4,0,14,14,16,128,128,0,0,0,132,64,0,0,0,0,,,
1588206763,10.0.1.6,64909,10.0.0.4,53,udp,dns,0.00229311,47,165,SF,1,1,0,5,5,5,0,15,15,17,128,128,0,0,0,193,75,0,0,0,0,,,
1588206809,10.0.1.4,60775,10.0.1.6,5985,tcp,,0.011584044,4719,426,SF,9,6,0,0,0,0,0,0,0,0,128,128,0,0,0,113,565,24584,8958,1001783987,3616078221,,,
1588206808,10.0.1.4,60774,10.0.1.6,5985,tcp,,1.073806047,16130,6585,SF,22,14,0,0,0,1,0,1,1,1,128,128,0,0,0,267,773,19903,4874,3596827121,3455291931,,,
1588206808,10.0.1.4,60772,10.0.1.6,5985,tcp,,1.519392967,11473,7014,SF,20,12,0,0,0,2,0,2,2,2,128,128,0,0,0,87,614,7339,5158,2966939941,838403696,,,
1588206806,10.0.1.4,60771,10.0.1.6,5985,tcp,,3.010339975,24430,13628,SF,27,16,0,0,0,3,0,3,3,3,128,128,0,0,0,135,945,6015,4351,1434755761,4154541111,,,
1588206764,10.0.1.6,138,10.0.1.255,138,udp,,,,,S0,1,0,0,0,0,2,2,2,2,18,0,128,0,0,0,0,229,0,0,0,0,,,
1588206824,10.0.1.6,56837,10.0.0.4,53,udp,dns,4.115046024,164,261,SF,4,1,0,6,6,6,0,16,16,19,128,128,0,0,0,289,69,0,0,0,0,,,
1588206894,10.0.1.6,57027,10.0.0.4,389,tcp,,0.003503799,158,386,RSTR,5,4,0,0,0,4,0,17,17,20,128,128,0,0,0,139,74,24581,14486,1637361675,1907425235,,,
1588206894,10.0.1.6,57028,10.0.0.4,389,tcp,,0.00999999,2351,6019,RSTR,9,8,0,0,0,5,0,18,18,21,128,128,0,0,0,793,97,20488,8959,1803580878,4200995572,,,
1588206894,10.0.1.6,57029,10.0.0.4,389,tcp,,0.379868984,7233,16107,RSTR,22,24,0,0,0,6,0,19,19,22,128,128,0,0,0,771,133,17758,4874,154048835,4193014429,,,
1588206892,10.0.1.6,58829,10.0.0.4,53,udp,dns,0.001379967,90,158,SF,1,1,0,7,7,7,0,20,20,23,128,128,0,0,0,186,118,0,0,0,0,,,
1588206892,10.0.1.6,52350,10.0.0.4,53,udp,dns,0.00185585,59,127,SF,1,1,0,8,8,8,0,21,21,24,128,128,0,0,0,155,87,0,0,0,0,,,
1588206892,10.0.1.6,137,10.0.1.255,137,udp,dns,1.517328024,150,0,S0,3,0,0,9,0,0,0,3,3,25,0,128,0,0,0,0,78,0,0,0,0,,,
1588206894,10.0.1.6,64562,10.0.0.4,53,udp,dns,0.001204967,53,110,SF,1,1,0,10,9,9,0,22,22,26,128,128,0,0,0,138,81,0,0,0,0,,,
1588206894,10.0.1.6,57026,10.0.0.4,445,tcp,"gssapi,smb,krb,dce_rpc",10.73675299,20809,16305,RSTO,126,125,0,0,0,2,0,23,23,27,128,128,0,0,0,173,180,16785,11404,2887306721,210708221,,,
1588206894,10.0.1.6,57024,10.0.0.4,135,tcp,dce_rpc,12.41123199,328,280,SF,7,6,0,2,2,1,0,24,24,28,128,128,0,0,0,117,90,24584,10933,2597924840,1262344177,,,
1588206894,10.0.1.6,57025,10.0.0.4,49667,tcp,dce_rpc,12.4067409,462,472,SF,7,6,0,3,3,1,0,25,25,29,128,128,0,0,0,178,109,24584,10932,2241798703,2238927602,,,
1588206926,10.0.1.4,60807,10.0.1.6,445,tcp,"gssapi,smb,krb",10.30827498,527368,1617,RSTO,31,25,0,0,0,0,0,4,4,4,128,128,0,0,0,105,7446,18360,3716,352255398,1437054565,,,
1588206926,10.0.1.4,60803,10.0.1.6,445,tcp,gssapi,10.74068093,4261160,3871,RSTO,276,81,0,0,0,1,0,5,5,5,128,128,0,0,0,87,9416,17001,2246,2824034498,1686132515,,,
1588206926,10.0.1.4,60805,10.0.1.6,445,tcp,"gssapi,smb,krb",10.31012106,2084,947,RSTO,8,5,0,1,1,2,0,6,6,6,128,128,0,0,0,231,302,26223,9565,3991234248,1287314823,,,
1588206926,10.0.1.4,60806,10.0.1.6,445,tcp,"gssapi,smb,krb",10.3099339,527300,1619,RSTO,61,25,0,2,2,3,0,7,7,7,128,128,0,0,0,105,7684,18360,3015,1503700581,29345324,,,
1588206894,10.0.1.6,52351,10.0.0.4,389,udp,,0.001388073,246,174,SF,1,1,0,0,0,7,0,26,26,30,128,128,0,0,0,202,274,0,0,0,0,,,
1588206894,10.0.1.6,64563,10.0.0.4,389,udp,,0.001056194,203,174,SF,1,1,0,0,0,8,0,27,27,31,128,128,0,0,0,202,231,0,0,0,0,,,
1588206978,10.0.1.4,60816,10.0.1.6,55121,tcp,,3.003256083,0,0,S0,3,0,0,0,0,0,0,8,8,8,0,128,0,0,0,0,52,0,64240,0,616250780,,,
1588206985,10.0.1.4,60816,10.0.1.6,55121,tcp,,,,,S0,1,0,0,0,0,1,1,9,9,9,0,128,0,0,0,0,52,0,64240,0,616250780,,,
1588206993,10.0.1.4,60816,10.0.1.6,55121,tcp,,,,,S0,1,0,0,0,0,2,2,10,10,10,0,128,0,0,0,0,52,0,64240,0,616250780,,,
1588206990,10.0.1.6,64173,10.0.0.4,53,udp,dns,0.00130105,35,51,SF,1,1,0,11,10,10,0,28,28,32,128,128,0,0,0,79,63,0,0,0,0,,,
1588206999,10.0.1.6,57044,10.0.0.4,389,tcp,,0.00838995,2741,4007,RSTR,10,10,0,0,0,9,0,29,29,33,128,128,0,0,0,441,130,19669,8266,2642323974,867573237,,,
1588206999,10.0.1.6,57045,10.0.0.4,389,tcp,,0.008588076,2206,937,RSTR,7,7,0,0,0,10,0,30,30,34,128,128,0,0,0,175,92,21072,10931,670570681,1951156946,,,
1588206999,10.0.1.6,57046,10.0.0.4,389,tcp,,0.005938053,2391,1273,RSTR,8,8,0,0,0,11,0,31,31,35,128,128,0,0,0,200,109,20487,13408,1154317192,4136455882,,,
1588206999,10.0.1.6,57047,10.0.0.4,88,tcp,krb_tcp,0.002733946,221,182,RSTR,4,4,0,0,0,0,0,32,32,36,128,128,0,0,0,88,98,24581,17596,1976901480,3904752217,,,
1588206999,10.0.1.6,57048,10.0.0.4,88,tcp,krb_tcp,0.002079964,301,1535,RSTR,5,5,0,1,1,1,0,33,33,37,128,128,0,0,0,349,102,22944,25964,373135066,2424434179,,,
1588206999,10.0.1.6,57049,10.0.0.4,88,tcp,krb_tcp,0.002274036,1443,1465,RSTR,5,6,0,2,2,2,0,34,34,38,128,128,0,0,0,286,34,21852,20225,2321196122,574359733,,,
1588206999,10.0.1.4,60819,10.0.1.6,55121,tcp,,3.014851093,0,0,S0,3,0,0,0,0,3,0,11,11,11,0,128,0,0,0,0,52,0,64240,0,3188076793,,,
1588207006,10.0.1.4,60819,10.0.1.6,55121,tcp,,,,,S0,1,0,0,0,0,4,1,12,12,12,0,128,0,0,0,0,52,0,64240,0,3188076793,,,
1588207000,10.0.1.6,57052,10.0.0.4,445,tcp,"gssapi,smb,krb",10.92378998,4020,1681,RSTO,12,11,0,2,2,3,0,35,35,39,128,128,0,0,0,193,108,20861,7059,912829334,1935470149,,,
1588207014,10.0.1.4,60819,10.0.1.6,55121,tcp,,,,,S0,1,0,0,0,0,5,2,13,13,13,0,128,0,0,0,0,52,0,64240,0,3188076793,,,
1588206978,10.0.1.4,60815,10.0.1.6,135,tcp,dce_rpc,42.45286512,496,452,RSTO,8,4,0,0,0,0,0,14,14,14,128,128,0,0,0,156,103,17919,9566,2491215147,686368904,,,
1588206978,10.0.1.4,60811,10.0.1.6,445,tcp,gssapi,53.64974499,193627,30239,RSTO,96,90,0,1,1,4,0,15,15,15,128,128,0,0,0,163,2057,2752,2672,3388182156,973151737,,,
1588207073,10.0.1.4,60829,10.0.1.6,55121,tcp,,3.008784056,0,0,S0,3,0,0,0,0,6,0,16,16,16,0,128,0,0,0,0,52,0,64240,0,466516482,,,
1588207080,10.0.1.4,60829,10.0.1.6,55121,tcp,,,,,S0,1,0,0,0,0,7,1,17,17,17,0,128,0,0,0,0,52,0,64240,0,466516482,,,
1588207080,10.0.1.6,51985,10.0.0.4,53,udp,dns,0.001931906,36,104,SF,1,1,0,12,11,11,0,36,36,40,128,128,0,0,0,132,64,0,0,0,0,,,
1588207088,10.0.1.4,60829,10.0.1.6,55121,tcp,,,,,S0,1,0,0,0,0,8,2,18,18,18,0,128,0,0,0,0,52,0,64240,0,466516482,,,
1588207094,10.0.1.6,57055,10.0.0.4,389,tcp,,0.007080078,2391,1273,RSTR,8,8,0,0,0,12,0,37,37,41,128,128,0,0,0,200,109,20487,9820,3648472784,670458706,,,
1588207094,10.0.1.6,57057,10.0.0.4,389,tcp,,0.006664991,2391,1273,RSTR,8,8,0,0,0,13,0,38,38,42,128,128,0,0,0,200,109,20487,9820,1762174311,2226043277,,,
1588207094,10.0.1.6,57056,10.0.0.4,389,tcp,,0.009953976,2206,937,RSTR,7,7,0,0,0,14,0,39,39,43,128,128,0,0,0,175,92,21072,10931,3275664543,2209116337,,,
1588207094,10.0.1.6,57058,10.0.0.4,88,tcp,krb_tcp,0.002035141,221,182,RSTR,4,4,0,3,3,3,0,40,40,44,128,128,0,0,0,88,98,24581,17596,199913870,3590548975,,,
1588207094,10.0.1.6,57059,10.0.0.4,88,tcp,krb_tcp,0.003325939,301,1535,RSTR,5,5,0,4,4,4,0,41,41,45,128,128,0,0,0,349,102,22944,14487,1987601023,351783957,,,
1588207094,10.0.1.6,57060,10.0.0.4,88,tcp,krb_tcp,0.003378868,1443,1465,RSTR,5,6,0,5,5,5,0,42,42,46,128,128,0,0,0,286,34,21852,14487,1285510838,4110882272,,,
1588207095,10.0.1.4,60831,10.0.1.6,55121,tcp,,3.01238513,0,0,S0,3,0,0,0,0,9,0,19,19,19,0,128,0,0,0,0,52,0,64240,0,1759434278,,,
1588207102,10.0.1.4,60831,10.0.1.6,55121,tcp,,,,,S0,1,0,0,0,0,10,1,20,20,20,0,128,0,0,0,0,52,0,64240,0,1759434278,,,
1588207110,10.0.1.4,60831,10.0.1.6,55121,tcp,,,,,S0,1,0,0,0,0,11,2,21,21,21,0,128,0,0,0,0,52,0,64240,0,1759434278,,,
1588207073,10.0.1.4,60828,10.0.1.6,135,tcp,dce_rpc,42.327039,496,452,RSTO,8,4,0,1,1,1,0,22,22,22,128,128,0,0,0,156,103,17919,9566,1735440624,2341598582,,,
1588207073,10.0.1.4,60824,10.0.1.6,445,tcp,gssapi,53.64452195,193627,30239,RSTO,100,91,0,2,2,5,0,23,23,23,128,128,0,0,0,161,1976,16933,2647,746487001,3296430754,,,
1588207119,10.0.1.6,57063,10.0.0.4,135,tcp,dce_rpc,14.99282002,328,280,SF,7,6,0,4,4,2,0,43,43,47,128,128,0,0,0,117,90,24584,10933,2840772745,2596448224,,,
1588207119,10.0.1.6,57064,10.0.0.4,49667,tcp,dce_rpc,34.98910403,2823,1034,SF,10,10,0,5,5,2,0,44,44,48,128,128,0,0,0,158,126,21307,8266,1931566268,3584846802,,,
1588207183,10.0.1.4,60838,10.0.1.6,445,tcp,gssapi,0.02571702,301,1144,RSTO,5,3,0,3,3,6,0,24,24,24,128,128,0,0,0,425,102,32774,14077,1493902350,234096583,,,
1588207183,10.0.1.4,60839,10.0.1.6,80,tcp,,3.010802031,0,0,S0,3,0,0,0,0,0,0,25,25,25,0,128,0,0,0,0,52,0,64240,0,699753302,,,
1588207190,10.0.1.4,60839,10.0.1.6,80,tcp,,,,,S0,1,0,0,0,0,1,1,26,26,26,0,128,0,0,0,0,52,0,64240,0,699753302,,,
1588207198,10.0.1.4,60839,10.0.1.6,80,tcp,,,,,S0,1,0,0,0,0,2,2,27,27,27,0,128,0,0,0,0,52,0,64240,0,699753302,,,
1588207204,10.0.1.4,60843,10.0.1.6,445,tcp,gssapi,0.00570178,301,1144,RSTO,5,3,0,4,4,7,0,28,28,28,128,128,0,0,0,425,102,23210,14077,1874383265,2670769108,,,
1588207204,10.0.1.4,60844,10.0.1.6,445,tcp,,0.003166914,228,614,RSTO,4,2,0,0,0,8,0,29,29,29,128,128,0,0,0,353,100,33791,17084,2431963412,413174719,,,
1588207204,10.0.1.4,60845,10.0.1.6,445,tcp,,0.003199816,228,614,RSTO,4,2,0,0,0,9,0,30,30,30,128,128,0,0,0,353,100,33791,17084,1240352860,1588922226,,,
1588207204,10.0.1.4,60846,10.0.1.6,445,tcp,,0.002058029,228,614,RSTO,4,2,0,0,0,10,0,31,31,31,128,128,0,0,0,353,100,40965,17084,3652204594,30150773,,,
1588207204,10.0.1.4,60847,10.0.1.6,445,tcp,,0.002382994,228,614,RSTO,4,2,0,0,0,11,0,32,32,32,128,128,0,0,0,353,100,40965,17084,981090281,1914773955,,,
1588207204,10.0.1.4,60848,10.0.1.6,445,tcp,,0.002367973,228,614,RSTO,4,2,0,0,0,12,0,33,33,33,128,128,0,0,0,353,100,33791,17084,129132232,3327576417,,,
1588207204,10.0.1.4,60849,10.0.1.6,445,tcp,,0.003968,228,614,RSTO,4,2,0,0,0,13,0,34,34,34,128,128,0,0,0,353,100,33791,17084,3742253744,2781076916,,,
1588207203,10.0.1.6,50954,10.0.0.4,53,udp,dns,0.036602974,60,151,SF,2,1,0,13,12,12,0,45,45,49,128,128,0,0,0,179,58,0,0,0,0,,,
1588207203,10.0.1.6,64035,10.0.0.4,53,udp,dns,0.001368999,29,80,SF,1,1,0,14,13,13,0,46,46,50,128,128,0,0,0,108,57,0,0,0,0,,,
1588207222,10.0.1.4,60858,10.0.1.6,55121,tcp,,3.006283998,0,0,S0,3,0,0,0,0,12,0,35,35,35,0,128,0,0,0,0,52,0,64240,0,2659806100,,,
1588207229,10.0.1.4,60858,10.0.1.6,55121,tcp,,,,,S0,1,0,0,0,0,13,1,36,36,36,0,128,0,0,0,0,52,0,64240,0,2659806100,,,
1588207237,10.0.1.4,60858,10.0.1.6,55121,tcp,,,,,S0,1,0,0,0,0,14,2,37,37,37,0,128,0,0,0,0,52,0,64240,0,2659806100,,,
1588207244,10.0.1.6,57083,10.0.0.4,389,tcp,,0.007930994,2391,1273,RSTR,8,8,0,0,0,15,0,47,47,51,128,128,0,0,0,200,109,20487,9820,1751730722,1075635986,,,
1588207244,10.0.1.6,57084,10.0.0.4,389,tcp,,0.012980223,2206,937,RSTR,7,7,0,0,0,16,0,48,48,52,128,128,0,0,0,175,92,21072,10931,1658412593,4011729182,,,
1588207244,10.0.1.6,57085,10.0.0.4,389,tcp,,0.010522127,2391,1273,RSTR,8,8,0,0,0,17,0,49,49,53,128,128,0,0,0,200,109,20487,9820,1049070731,867914255,,,
1588207244,10.0.1.6,57086,10.0.0.4,88,tcp,krb_tcp,0.004079103,221,182,RSTR,4,4,0,6,6,6,0,50,50,54,128,128,0,0,0,88,98,24581,17596,1688704175,1714700686,,,
1588207244,10.0.1.6,57087,10.0.0.4,88,tcp,krb_tcp,0.002707958,301,1535,RSTR,5,5,0,7,7,7,0,51,51,55,128,128,0,0,0,349,102,22944,14487,2826986149,2472820732,,,
1588207244,10.0.1.6,57088,10.0.0.4,88,tcp,krb_tcp,0.002567053,1443,1465,RSTR,5,6,0,8,8,8,0,52,52,56,128,128,0,0,0,286,34,21852,25964,4103724567,3730255372,,,
1588207245,10.0.1.6,57091,192.168.0.4,8443,tcp,ssl,0.245304108,894,55873,RSTO,9,9,0,0,0,0,0,0,0,57,63,128,0,0,0,6249,140,7583,8730,1890833741,1082706219,,,
1588207245,10.0.1.6,57092,192.168.0.4,8443,tcp,ssl,0.010174036,997,1823,RSTO,7,6,0,1,1,1,0,1,1,58,63,128,0,0,0,345,184,11124,10639,2718352670,2615912744,,,
1588207245,10.0.1.6,57093,192.168.0.4,8443,tcp,ssl,0.007926226,997,1823,RSTO,7,6,0,2,2,2,0,2,2,59,63,128,0,0,0,345,184,11124,10639,1335345503,1852641565,,,
1588207245,10.0.1.6,57094,192.168.0.4,8443,tcp,ssl,0.009495974,997,2396,RSTO,7,6,0,3,3,3,0,3,3,60,63,128,0,0,0,441,184,11124,10639,1961465401,1410072057,,,
1588207245,10.0.1.6,57095,192.168.0.4,8443,tcp,ssl,0.008330822,1166,1823,RSTO,7,6,0,4,4,4,0,4,4,61,63,128,0,0,0,345,208,11124,10639,2336942392,3057420783,,,
1588207245,10.0.1.6,57096,192.168.0.4,8443,tcp,ssl,0.007671118,997,1921,RSTO,7,6,0,5,5,5,0,5,5,62,63,128,0,0,0,362,184,11124,10639,70063467,4224324845,,,
1588207245,10.0.1.6,57097,192.168.0.4,8443,tcp,ssl,0.009915829,1177,1823,RSTO,7,6,0,6,6,6,0,6,6,62,63,128,0,0,0,345,209,11124,10639,374224829,1958687656,,,
1588207245,10.0.1.6,57098,192.168.0.4,8443,tcp,ssl,0.010755062,997,1952,RSTO,7,6,0,7,7,7,0,7,7,62,63,128,0,0,0,367,184,11124,10639,1085875032,2543540405,,,
1588207245,10.0.1.6,57099,192.168.0.4,8443,tcp,ssl,0.01047802,1158,1823,RSTO,7,6,0,8,8,8,0,8,8,62,63,128,0,0,0,345,207,11124,10639,587496888,3328927298,,,
1588207245,10.0.1.6,57100,192.168.0.4,8443,tcp,ssl,0.009532928,997,1937,RSTO,7,6,0,9,9,9,0,9,9,62,63,128,0,0,0,364,184,11124,10639,380038356,3155309135,,,
1588207245,10.0.1.6,57101,192.168.0.4,8443,tcp,ssl,0.009149075,1152,1823,RSTO,7,6,0,10,10,10,0,10,10,62,63,128,0,0,0,345,206,11124,10639,2816880794,3157378581,,,
1588207245,10.0.1.6,57102,192.168.0.4,8443,tcp,ssl,0.053362846,997,99201,RSTO,11,12,0,11,11,11,0,11,11,62,63,128,0,0,0,8307,131,5812,7515,1170595341,4002114374,,,
1588207245,10.0.1.6,57103,192.168.0.4,8443,tcp,ssl,0.010313034,1994,1823,RSTO,7,6,0,12,12,12,0,12,12,62,63,128,0,0,0,345,326,11124,10639,278737349,1976954700,,,
1588207245,10.0.1.6,57104,192.168.0.4,8443,tcp,ssl,0.01146698,997,1823,RSTO,7,6,0,13,13,13,0,13,13,62,63,128,0,0,0,345,184,11124,10639,1544878924,461572257,,,
1588207245,10.0.1.6,57105,192.168.0.4,8443,tcp,ssl,0.009980917,997,1823,RSTO,7,6,0,14,14,14,0,14,14,62,63,128,0,0,0,345,184,11124,10639,1128269910,2408820525,,,
1588207245,10.0.1.6,57106,192.168.0.4,8443,tcp,ssl,0.049690008,997,1921,RSTO,7,6,0,15,15,15,0,15,15,62,63,128,0,0,0,362,184,11124,10639,301561853,2919167961,,,
1588207246,10.0.1.6,57107,192.168.0.4,8443,tcp,ssl,0.010695934,1180,1823,RSTO,7,6,0,16,16,16,0,16,16,62,63,128,0,0,0,345,210,11124,10639,3371240348,3377152378,,,
1588207246,10.0.1.6,57108,192.168.0.4,8443,tcp,ssl,0.007863045,997,1931,RSTO,7,6,0,17,17,17,0,17,17,62,63,128,0,0,0,363,184,11124,10639,3047455604,1588276535,,,
1588207246,10.0.1.6,57109,192.168.0.4,8443,tcp,ssl,0.0075109,1177,1823,RSTO,7,6,0,18,18,18,0,18,18,62,63,128,0,0,0,345,209,11124,20887,1455175222,3079033548,,,
1588207246,10.0.1.6,57110,192.168.0.4,8443,tcp,ssl,0.010209084,997,1932,RSTO,7,6,0,19,19,19,0,19,19,62,63,128,0,0,0,364,184,11124,10639,2887736864,3339598921,,,
1588207246,10.0.1.6,57111,192.168.0.4,8443,tcp,ssl,0.009424925,1219,1823,RSTO,7,6,0,20,20,20,0,20,20,62,63,128,0,0,0,345,215,11124,10639,3436907436,744256080,,,
1588207246,10.0.1.6,57112,192.168.0.4,8443,tcp,ssl,0.006793022,997,1944,RSTO,7,6,0,21,21,21,0,21,21,62,63,128,0,0,0,366,184,11124,20887,1572938748,2720176579,,,
1588207246,10.0.1.6,57113,192.168.0.4,8443,tcp,ssl,0.007560968,1150,1823,RSTO,7,6,0,22,22,22,0,22,22,62,63,128,0,0,0,345,206,11124,10639,2622306112,671881811,,,
1588207246,10.0.1.6,57114,192.168.0.4,8443,tcp,ssl,0.006747961,997,1939,RSTO,7,6,0,23,23,23,0,23,23,62,63,128,0,0,0,365,184,11124,10639,1553586523,2290596393,,,
1588207246,10.0.1.6,57115,192.168.0.4,8443,tcp,ssl,0.009096861,1169,1823,RSTO,7,6,0,24,24,24,0,24,24,63,63,128,0,0,0,345,208,11124,10639,1890002155,718374300,,,
1588207246,10.0.1.6,57116,192.168.0.4,8443,tcp,ssl,0.008095026,997,1935,RSTO,7,6,0,25,25,25,0,25,25,64,63,128,0,0,0,364,184,11124,10639,3460704204,2537972987,,,
1588207246,10.0.1.6,57117,192.168.0.4,8443,tcp,ssl,0.007080078,1165,1823,RSTO,7,6,0,26,26,26,0,26,26,65,63,128,0,0,0,345,208,11124,10639,3589955965,2173017310,,,
1588207246,10.0.1.6,57118,192.168.0.4,8443,tcp,ssl,0.007798195,997,1823,RSTO,7,6,0,27,27,27,0,27,27,66,63,128,0,0,0,345,184,11124,10639,2756617807,1728621283,,,
1588207246,10.0.1.6,57119,192.168.0.4,8443,tcp,ssl,0.008171082,997,1823,RSTO,7,6,0,28,28,28,0,28,28,66,63,128,0,0,0,345,184,11124,16788,1977486474,740168760,,,
1588207246,10.0.1.6,57120,192.168.0.4,8443,tcp,ssl,0.010251045,997,1823,RSTO,7,6,0,29,29,29,0,29,29,66,63,128,0,0,0,345,184,11124,10639,4161456520,1376990493,,,
1588207246,10.0.1.6,57121,192.168.0.4,8443,tcp,ssl,0.009912014,997,1823,RSTO,7,6,0,30,30,30,0,30,30,66,63,128,0,0,0,345,184,11124,10639,490566985,256425771,,,
1588207246,10.0.1.6,57122,192.168.0.4,8443,tcp,ssl,0.012200832,997,1823,RSTO,7,6,0,31,31,31,0,31,31,66,63,128,0,0,0,345,184,11124,10639,958007153,2955191426,,,
1588207247,10.0.1.6,57123,192.168.0.4,8443,tcp,ssl,0.011091948,997,1823,RSTO,7,6,0,32,32,32,0,32,32,66,63,128,0,0,0,345,184,11124,10639,811525610,65738900,,,
1588207247,10.0.1.6,57124,192.168.0.4,8443,tcp,ssl,0.010638952,997,1823,RSTO,7,6,0,33,33,33,0,33,33,66,63,128,0,0,0,345,184,11124,16788,996198061,719306737,,,
1588207248,10.0.1.6,57125,192.168.0.4,8443,tcp,ssl,0.012936115,997,1823,RSTO,7,6,0,34,34,34,0,34,34,66,63,128,0,0,0,345,184,11124,10639,3100919070,2469912034,,,
1588207248,10.0.1.6,57126,192.168.0.4,8443,tcp,ssl,0.011013985,997,1823,RSTO,7,6,0,35,35,35,0,35,35,66,63,128,0,0,0,345,184,11124,10639,1497751543,1877643378,,,
1588207249,10.0.1.6,57127,192.168.0.4,8443,tcp,ssl,0.012413979,997,1823,RSTO,7,6,0,36,36,36,0,36,36,66,63,128,0,0,0,345,184,11124,10639,1967674891,2533496063,,,
1588207250,10.0.1.6,57128,192.168.0.4,8443,tcp,ssl,0.010612965,997,1823,RSTO,7,6,0,37,37,37,0,37,37,66,63,128,0,0,0,345,184,11124,16788,1176507193,3353683711,,,
1588207251,10.0.1.6,57129,192.168.0.4,8443,tcp,ssl,0.009895086,997,1823,RSTO,7,6,0,38,38,38,0,38,38,66,63,128,0,0,0,345,184,11124,10639,3170951175,4084983720,,,
1588207252,10.0.1.6,57130,192.168.0.4,8443,tcp,ssl,0.009584904,997,1823,RSTO,7,6,0,39,39,39,0,39,39,66,63,128,0,0,0,345,184,11124,10639,3121416322,1278777545,,,
1588207254,10.0.1.6,57131,192.168.0.4,8443,tcp,ssl,0.012756109,997,1823,RSTO,7,6,0,40,40,40,0,40,40,67,63,128,0,0,0,345,184,11124,10639,1602666278,2015747017,,,
1588207255,10.0.1.6,57132,192.168.0.4,8443,tcp,ssl,0.008975983,997,1823,RSTO,7,6,0,41,41,41,0,41,41,68,63,128,0,0,0,345,184,11124,20887,4118635266,3036545331,,,
1588207256,10.0.1.6,57133,192.168.0.4,8443,tcp,ssl,0.008823156,997,1823,RSTO,7,6,0,42,42,42,0,42,42,69,63,128,0,0,0,345,184,11124,10639,648605223,1143692869,,,
1588207258,10.0.1.6,57135,192.168.0.4,8443,tcp,ssl,0.008658886,997,1823,RSTO,7,6,0,43,43,43,0,43,43,70,63,128,0,0,0,345,184,11124,20887,4220342768,2080358764,,,
1588207259,10.0.1.6,57136,192.168.0.4,8443,tcp,ssl,0.009601116,997,1823,RSTO,7,6,0,44,44,44,0,44,44,70,63,128,0,0,0,345,184,11124,10639,1206269238,1741470795,,,
1588207261,10.0.1.6,57137,192.168.0.4,8443,tcp,ssl,0.009692907,997,1823,RSTO,7,6,0,45,45,45,0,45,45,70,63,128,0,0,0,345,184,11124,10639,777252004,728106752,,,
1588207263,10.0.1.6,57138,192.168.0.4,8443,tcp,ssl,0.010910034,997,1823,RSTO,7,6,0,46,46,46,0,46,46,71,63,128,0,0,0,345,184,11124,10639,2455442700,1913800698,,,
1588207265,10.0.1.6,57139,192.168.0.4,8443,tcp,ssl,0.010372877,997,1823,RSTO,7,6,0,47,47,47,0,47,47,72,63,128,0,0,0,345,184,11124,10639,3846276779,1017668410,,,
1588207267,10.0.1.6,57140,192.168.0.4,8443,tcp,ssl,0.010342121,997,1823,RSTO,7,6,0,48,48,48,0,48,48,73,63,128,0,0,0,345,184,11124,10639,3288499878,118027511,,,
1588207269,10.0.1.6,57141,192.168.0.4,8443,tcp,ssl,0.010262966,997,1823,RSTO,7,6,0,49,49,49,0,49,49,73,63,128,0,0,0,345,184,11124,10639,799109314,1710087674,,,
1588207271,10.0.1.6,57142,192.168.0.4,8443,tcp,ssl,0.010080099,997,1823,RSTO,7,6,0,50,50,50,0,50,50,73,63,128,0,0,0,345,184,11124,10639,3660467927,2026035923,,,
1588207273,10.0.1.6,57143,192.168.0.4,8443,tcp,ssl,0.009814978,997,1823,RSTO,7,6,0,51,51,51,0,51,51,73,63,128,0,0,0,345,184,11124,10639,188898227,1436817476,,,
1588207276,10.0.1.6,57144,192.168.0.4,8443,tcp,ssl,0.009320021,997,1823,RSTO,7,6,0,52,52,52,0,52,52,73,63,128,0,0,0,345,184,11124,20887,2117935302,404409975,,,
1588207278,10.0.1.6,57145,192.168.0.4,8443,tcp,ssl,0.010602951,997,1823,RSTO,7,6,0,53,53,53,0,53,53,73,63,128,0,0,0,345,184,11124,10639,2631478957,2206777611,,,
1588207281,10.0.1.6,57146,192.168.0.4,8443,tcp,ssl,0.010573864,997,1823,RSTO,7,6,0,54,54,54,0,54,54,73,63,128,0,0,0,345,184,11124,10639,54951612,1439168066,,,
1588207222,10.0.1.4,60857,10.0.1.6,135,tcp,dce_rpc,59.96172094,328,280,SF,7,5,0,2,2,2,0,27,27,27,128,128,0,0,0,98,88,14745,10933,3182771765,3765104629,,,
1588207284,10.0.1.6,57147,192.168.0.4,8443,tcp,ssl,0.012367964,997,1823,RSTO,7,6,0,55,55,55,0,55,55,73,63,128,0,0,0,345,184,11124,10639,3748150169,518421655,,,
1588207286,10.0.1.6,57148,192.168.0.4,8443,tcp,ssl,0.010187149,997,1823,RSTO,7,6,0,56,56,56,0,56,56,74,63,128,0,0,0,345,184,11124,10639,3232194600,3178038314,,,
1588207289,10.0.1.6,57149,192.168.0.4,8443,tcp,ssl,0.010375023,997,1823,RSTO,7,6,0,57,57,57,0,57,57,74,63,128,0,0,0,345,184,11124,10639,2177739252,2744136343,,,
1588207292,10.0.1.6,57150,192.168.0.4,8443,tcp,ssl,0.013251066,997,1823,RSTO,7,6,0,58,58,58,0,58,58,75,63,128,0,0,0,345,184,11124,10639,583964093,2990193178,,,
1588207295,10.0.1.6,57151,192.168.0.4,8443,tcp,ssl,0.009938955,997,1823,RSTO,7,6,0,59,59,59,0,59,59,76,63,128,0,0,0,345,184,11124,10639,1747236405,3463267478,,,
1588207299,10.0.1.6,57152,192.168.0.4,8443,tcp,ssl,0.009809971,997,1823,RSTO,7,6,0,60,60,60,0,60,60,77,63,128,0,0,0,345,184,11124,10639,2350744458,1135845041,,,
1588207302,10.0.1.6,57153,192.168.0.4,8443,tcp,ssl,0.010884047,997,1823,RSTO,7,6,0,61,61,61,0,61,61,78,63,128,0,0,0,345,184,11124,10639,61397828,1871331882,,,
1588207305,10.0.1.6,57154,192.168.0.4,8443,tcp,ssl,0.012353897,997,1823,RSTO,7,6,0,62,62,62,0,62,62,79,63,128,0,0,0,345,184,11124,10639,3931063364,3255362133,,,
1588207309,10.0.1.6,57155,192.168.0.4,8443,tcp,ssl,0.010509014,997,1823,RSTO,7,6,0,63,63,63,0,63,63,79,63,128,0,0,0,345,184,11124,10639,2072155062,53851650,,,
1588207312,10.0.1.6,57156,192.168.0.4,8443,tcp,ssl,0.00861001,997,1953,RSTO,7,6,0,64,64,64,0,64,64,80,63,128,0,0,0,367,184,11124,10639,3616184644,2944277426,,,
1588207312,10.0.1.6,57157,192.168.0.4,8443,tcp,ssl,0.006652117,1151,1823,RSTO,7,6,0,65,65,65,0,65,65,80,63,128,0,0,0,345,206,11124,10639,278177917,2068136946,,,
1588207312,10.0.1.6,57158,192.168.0.4,8443,tcp,ssl,0.008034945,997,2015,RSTO,7,6,0,66,66,66,0,66,66,80,63,128,0,0,0,377,184,11124,10639,2902991860,3899355279,,,
1588207312,10.0.1.6,57159,192.168.0.4,8443,tcp,ssl,0.008708,1166,1823,RSTO,7,6,0,67,67,67,0,67,67,80,63,128,0,0,0,345,208,11124,10639,3214870219,1122634065,,,
1588207312,10.0.1.6,57160,192.168.0.4,8443,tcp,ssl,0.310946941,997,606844,RSTO,26,33,0,68,68,68,0,68,68,80,63,128,0,0,0,18429,78,2432,4361,3859628789,3238508764,,,
1588207313,10.0.1.6,57161,192.168.0.4,8443,tcp,ssl,0.009772062,1167,1823,RSTO,7,6,0,69,69,69,0,69,69,80,63,128,0,0,0,345,208,11124,10639,4066034309,928471368,,,
1588207313,10.0.1.6,57162,192.168.0.4,8443,tcp,ssl,0.007610083,997,1936,RSTO,7,6,0,70,70,70,0,70,70,80,63,128,0,0,0,364,184,11124,10639,1448767841,1922792624,,,
1588207313,10.0.1.6,57163,192.168.0.4,8443,tcp,ssl,0.007570982,1154,1823,RSTO,7,6,0,71,71,71,0,71,71,81,63,128,0,0,0,345,206,11124,10639,531245213,560206433,,,
1588207313,10.0.1.6,57164,192.168.0.4,8443,tcp,ssl,0.008448124,997,1936,RSTO,7,6,0,72,72,72,0,72,72,82,63,128,0,0,0,364,184,11124,10639,1189319411,2844847827,,,
1588207313,10.0.1.6,57165,192.168.0.4,8443,tcp,ssl,0.007377863,1154,1823,RSTO,7,6,0,73,73,73,0,73,73,83,63,128,0,0,0,345,206,11124,10639,1592908179,3283541082,,,
1588207313,10.0.1.6,57166,192.168.0.4,8443,tcp,ssl,0.023601055,997,1937,RSTO,7,6,0,74,74,74,0,74,74,84,63,128,0,0,0,364,184,11124,10639,2455497758,4074624706,,,
1588207313,10.0.1.6,57167,192.168.0.4,8443,tcp,ssl,0.016510963,1155,1823,RSTO,7,6,0,75,75,75,0,75,75,85,63,128,0,0,0,345,206,11124,10639,919212239,765944530,,,
1588207313,10.0.1.6,57168,192.168.0.4,8443,tcp,ssl,0.007862806,997,1823,RSTO,7,6,0,76,76,76,0,76,76,85,63,128,0,0,0,345,184,11124,10639,3087754068,4082324400,,,
1588207313,10.0.1.6,57169,192.168.0.4,8443,tcp,ssl,0.007854939,997,1823,RSTO,7,6,0,77,77,77,0,77,77,85,63,128,0,0,0,345,184,11124,10639,3108986146,1424974549,,,
1588207313,10.0.1.6,57170,192.168.0.4,8443,tcp,ssl,0.013473988,997,1823,RSTO,7,6,0,78,78,78,0,78,78,86,63,128,0,0,0,345,184,11124,10639,1967609874,3289350456,,,
1588207313,10.0.1.6,57171,192.168.0.4,8443,tcp,ssl,0.011464834,997,1823,RSTO,7,6,0,79,79,79,0,79,79,87,63,128,0,0,0,345,184,11124,10639,1051017808,1805577919,,,
1588207314,10.0.1.6,57172,192.168.0.4,8443,tcp,ssl,0.01037693,997,1823,RSTO,7,6,0,80,80,80,0,80,80,88,63,128,0,0,0,345,184,11124,10639,209158499,3613856900,,,
1588207314,10.0.1.6,57173,192.168.0.4,8443,tcp,ssl,0.009206057,997,1823,RSTO,7,6,0,81,81,81,0,81,81,89,63,128,0,0,0,345,184,11124,20887,3781520530,3735874659,,,
1588207315,10.0.1.6,57174,192.168.0.4,8443,tcp,ssl,0.008858919,997,1823,RSTO,7,6,0,82,82,82,0,82,82,90,63,128,0,0,0,345,184,11124,10639,2610684801,3436689926,,,
1588207315,10.0.1.6,57175,192.168.0.4,8443,tcp,ssl,0.010840178,997,1823,RSTO,7,6,0,83,83,83,0,83,83,91,63,128,0,0,0,345,184,11124,10639,1258518733,412459049,,,
1588207316,10.0.1.6,57176,192.168.0.4,8443,tcp,ssl,0.009618998,997,1823,RSTO,7,6,0,84,84,84,0,84,84,92,63,128,0,0,0,345,184,11124,10639,888984719,1605704828,,,
1588207317,10.0.1.6,57177,192.168.0.4,8443,tcp,ssl,0.012093067,997,1823,RSTO,7,6,0,85,85,85,0,85,85,93,63,128,0,0,0,345,184,11124,10639,1566147528,3558016877,,,
1588207318,10.0.1.6,57178,192.168.0.4,8443,tcp,ssl,0.010631084,997,1823,RSTO,7,6,0,86,86,86,0,86,86,94,63,128,0,0,0,345,184,11124,10639,1184288183,1174958291,,,
1588207319,10.0.1.6,57179,192.168.0.4,8443,tcp,ssl,0.009331942,997,1823,RSTO,7,6,0,87,87,87,0,87,87,95,63,128,0,0,0,345,184,11124,10639,476319310,179136134,,,
1588207320,10.0.1.6,57180,192.168.0.4,8443,tcp,ssl,0.008831024,997,1823,RSTO,7,6,0,88,88,88,0,88,88,96,63,128,0,0,0,345,184,11124,10639,3064166029,3264457183,,,
1588207321,10.0.1.6,57181,192.168.0.4,8443,tcp,ssl,0.01169014,997,1959,RSTO,7,6,0,89,89,89,0,89,89,96,63,128,0,0,0,368,184,11124,20887,3732079163,1009772501,,,
1588207321,10.0.1.6,57182,192.168.0.4,8443,tcp,ssl,0.007295847,1151,1823,RSTO,7,6,0,90,90,90,0,90,90,96,63,128,0,0,0,345,206,11124,10639,2625828813,653569390,,,
1588207321,10.0.1.6,57183,192.168.0.4,8443,tcp,ssl,0.008902073,997,2021,RSTO,7,6,0,91,91,91,0,91,91,97,63,128,0,0,0,378,184,11124,10639,215687638,2014552397,,,
1588207321,10.0.1.6,57184,192.168.0.4,8443,tcp,ssl,0.008898973,1166,1823,RSTO,7,6,0,92,92,92,0,92,92,98,63,128,0,0,0,345,208,11124,10639,1708799791,2750104286,,,
1588207321,10.0.1.6,57185,192.168.0.4,8443,tcp,ssl,0.135882854,997,248923,RSTO,16,16,0,93,93,93,0,93,93,99,63,128,0,0,0,15598,103,4484,5807,148849281,2673831316,,,
1588207321,10.0.1.6,57186,192.168.0.4,8443,tcp,ssl,0.009319067,1167,1823,RSTO,7,6,0,94,94,94,0,94,94,99,63,128,0,0,0,345,208,11124,20887,3388048391,2091741405,,,
1588207321,10.0.1.6,57187,192.168.0.4,8443,tcp,ssl,0.009224176,997,1936,RSTO,7,6,0,95,95,95,0,95,95,99,63,128,0,0,0,364,184,11124,10639,2079976340,2770859017,,,
1588207321,10.0.1.6,57188,192.168.0.4,8443,tcp,ssl,0.007856846,1154,1823,RSTO,7,6,0,96,96,96,0,96,96,99,63,128,0,0,0,345,206,11124,10639,3938696263,727746893,,,
1588207321,10.0.1.6,57189,192.168.0.4,8443,tcp,ssl,0.006790161,997,1936,RSTO,7,6,0,97,97,97,0,97,97,99,63,128,0,0,0,364,184,11124,20887,2798148727,4224384762,,,
1588207321,10.0.1.6,57190,192.168.0.4,8443,tcp,ssl,0.00782609,1154,1823,RSTO,7,6,0,98,98,98,0,98,98,99,63,128,0,0,0,345,206,11124,10639,3193105661,1763636985,,,
1588207321,10.0.1.6,57191,192.168.0.4,8443,tcp,ssl,0.021997929,997,1937,RSTO,7,6,0,99,99,99,0,99,99,99,63,128,0,0,0,364,184,11124,20887,1059966319,1362541371,,,
1588207321,10.0.1.6,57192,192.168.0.4,8443,tcp,ssl,0.016997099,1155,1823,RSTO,7,6,0,99,99,99,0,99,99,99,63,128,0,0,0,345,206,11124,10639,2763636729,1463238155,,,
1588207321,10.0.1.6,57193,192.168.0.4,8443,tcp,ssl,0.012744904,997,1823,RSTO,7,6,0,99,99,99,0,99,99,99,63,128,0,0,0,345,184,11124,10639,3487730523,963459537,,,
1588207321,10.0.1.6,57194,192.168.0.4,8443,tcp,ssl,0.007491112,997,1823,RSTO,7,6,0,99,99,99,0,99,99,99,63,128,0,0,0,345,184,11124,10639,3251218455,1538422470,,,
1588207321,10.0.1.6,57195,192.168.0.4,8443,tcp,ssl,0.011255026,997,1823,RSTO,7,6,0,99,99,99,0,99,99,99,63,128,0,0,0,345,184,11124,10639,604561831,3854108833,,,
1588207322,10.0.1.6,57196,192.168.0.4,8443,tcp,ssl,0.010271072,997,1823,RSTO,7,6,0,99,99,99,0,99,99,99,63,128,0,0,0,345,184,11124,10639,3831963719,459362494,,,
1588207322,10.0.1.6,57197,192.168.0.4,8443,tcp,ssl,0.009689093,997,1823,RSTO,7,6,0,99,99,99,0,99,99,99,63,128,0,0,0,345,184,11124,16788,1716573715,2467053154,,,
1588207322,10.0.1.6,57198,192.168.0.4,8443,tcp,ssl,0.009154797,997,1823,RSTO,7,6,0,99,99,99,0,99,99,99,63,128,0,0,0,345,184,11124,16788,4128814222,3636623265,,,
1588207323,10.0.1.6,57199,192.168.0.4,8443,tcp,ssl,0.009634018,997,1823,RSTO,7,6,0,99,99,99,0,99,99,99,63,128,0,0,0,345,184,11124,10639,2050561260,488964674,,,
1588207323,10.0.1.6,57200,192.168.0.4,8443,tcp,ssl,0.010922909,997,1823,RSTO,7,6,0,99,99,99,0,99,99,99,63,128,0,0,0,345,184,11124,10639,2170805208,1437225661,,,
1588207324,10.0.1.6,57201,192.168.0.4,8443,tcp,ssl,0.011322021,997,1823,RSTO,7,6,0,99,99,99,0,99,99,99,63,128,0,0,0,345,184,11124,10639,1017592664,2805435377,,,
1588207325,10.0.1.6,57202,192.168.0.4,8443,tcp,ssl,0.011649132,997,1823,RSTO,7,6,0,99,99,99,0,99,99,99,63,128,0,0,0,345,184,11124,16788,1777686147,641411452,,,
1588207326,10.0.1.6,57203,192.168.0.4,8443,tcp,ssl,0.011901855,997,1823,RSTO,7,6,0,99,99,99,0,99,99,99,63,128,0,0,0,345,184,11124,10639,1842258966,2505012887,,,
1588207327,10.0.1.6,57204,192.168.0.4,8443,tcp,ssl,0.010138988,997,1823,RSTO,7,6,0,99,99,99,0,99,99,99,63,128,0,0,0,345,184,11124,10639,2107847500,2693297335,,,
1588207328,10.0.1.6,57205,192.168.0.4,8443,tcp,ssl,0.010786057,997,1823,RSTO,7,6,0,99,99,99,0,99,99,99,63,128,0,0,0,345,184,11124,20887,1577759139,3661409954,,,
1588207329,10.0.1.6,57206,192.168.0.4,8443,tcp,ssl,0.009747028,997,1968,RSTO,7,6,0,99,99,99,0,99,99,99,63,128,0,0,0,370,184,11124,10639,3322713688,2426067897,,,
1588207329,10.0.1.6,57207,192.168.0.4,8443,tcp,ssl,0.011960983,1203,1823,RSTO,7,6,0,99,99,99,0,99,99,99,63,128,0,0,0,345,213,11124,10639,545908518,3862887506,,,
1588207329,10.0.1.6,57208,192.168.0.4,8443,tcp,ssl,0.00922513,997,1949,RSTO,7,6,0,99,99,99,0,99,99,99,63,128,0,0,0,366,184,11124,10639,2835986061,2515821977,,,
1588207329,10.0.1.6,57209,192.168.0.4,8443,tcp,ssl,0.009544849,1158,1823,RSTO,7,6,0,99,99,99,0,99,99,99,63,128,0,0,0,345,207,11124,10639,2936231667,278422674,,,
1588207329,10.0.1.6,57210,192.168.0.4,8443,tcp,ssl,0.008790016,997,1823,RSTO,7,6,0,99,99,99,0,99,99,99,63,128,0,0,0,345,184,11124,10639,3794691319,133173678,,,
1588207329,10.0.1.6,57211,192.168.0.4,8443,tcp,ssl,0.007672071,997,1823,RSTO,7,6,0,99,99,99,0,99,99,99,63,128,0,0,0,345,184,11124,10639,3065951689,2543870029,,,
1588207329,10.0.1.6,57212,192.168.0.4,8443,tcp,ssl,0.009850979,997,1823,RSTO,7,6,0,99,99,99,0,99,99,99,63,128,0,0,0,345,184,11124,10639,4151938249,4123392291,,,
1588207330,10.0.1.6,57215,192.168.0.4,8443,tcp,ssl,0.010534048,1320,1823,RSTO,7,6,0,99,99,99,0,99,99,99,63,128,0,0,0,345,230,11124,10639,2812442154,1326296757,,,
1588207330,10.0.1.6,57216,192.168.0.4,8443,tcp,ssl,0.007900953,997,1823,RSTO,7,6,0,99,99,99,0,99,99,99,63,128,0,0,0,345,184,11124,10639,3132555422,3316148937,,,
1588207330,10.0.1.6,57217,192.168.0.4,8443,tcp,ssl,0.01128006,1199,1823,RSTO,7,6,0,99,99,99,0,99,99,99,63,128,0,0,0,345,213,11124,10639,1860832939,2621732023,,,
1588207330,10.0.1.6,57218,192.168.0.4,8443,tcp,ssl,0.007908821,997,1823,RSTO,7,6,0,99,99,99,0,99,99,99,63,128,0,0,0,345,184,11124,10639,334216429,2005796635,,,
1588207330,10.0.1.6,57221,192.168.0.4,8443,tcp,ssl,0.009643078,997,1823,RSTO,7,6,0,99,99,99,0,99,99,99,63,128,0,0,0,345,184,11124,10639,2745235583,2062285416,,,
1588207331,10.0.1.6,57222,192.168.0.4,8443,tcp,ssl,0.009345055,997,1823,RSTO,7,6,0,99,99,99,0,99,99,99,63,128,0,0,0,345,184,11124,10639,2820053845,2375550551,,,
1588207331,10.0.1.6,57224,192.168.0.4,8443,tcp,ssl,0.010403156,997,1823,RSTO,7,6,0,99,99,99,0,99,99,99,63,128,0,0,0,345,184,11124,10639,1085710411,54432540,,,
1588207332,10.0.1.6,57225,192.168.0.4,8443,tcp,ssl,0.023409843,997,1823,RSTO,7,6,0,99,99,99,0,99,99,99,63,128,0,0,0,345,184,11124,10639,3722703118,3348983667,,,
1588207333,10.0.1.6,57226,192.168.0.4,8443,tcp,ssl,0.010519028,997,1823,RSTO,7,6,0,99,99,99,0,99,99,99,63,128,0,0,0,345,184,11124,10639,3401842464,2326532863,,,
1588207334,10.0.1.6,57227,192.168.0.4,8443,tcp,ssl,0.009956837,997,1823,RSTO,7,6,0,99,99,99,0,99,99,99,63,128,0,0,0,345,184,11124,10639,2765392847,1398519115,,,
1588207335,10.0.1.6,57228,192.168.0.4,8443,tcp,ssl,0.012120962,997,1823,RSTO,7,6,0,99,99,99,0,99,99,99,63,128,0,0,0,345,184,11124,10639,2385879095,1301459699,,,
1588207336,10.0.1.6,57229,192.168.0.4,8443,tcp,ssl,0.011890888,997,1823,RSTO,7,6,0,99,99,99,0,99,99,99,63,128,0,0,0,345,184,11124,10639,599253628,3884322644,,,
1588207337,10.0.1.6,57230,192.168.0.4,8443,tcp,ssl,0.022907972,997,1823,RSTO,7,6,0,99,99,99,0,99,99,99,63,128,0,0,0,345,184,11124,10639,2926871731,2325654526,,,
1588207338,10.0.1.6,57231,192.168.0.4,8443,tcp,ssl,0.010873795,997,1823,RSTO,7,6,0,99,99,99,0,99,99,99,63,128,0,0,0,345,184,11124,10639,3803065798,376204862,,,
1588207340,10.0.1.6,57232,192.168.0.4,8443,tcp,ssl,0.010418892,997,1823,RSTO,7,6,0,99,99,99,0,99,99,99,63,128,0,0,0,345,184,11124,10639,4199457400,1694009472,,,
1588207341,10.0.1.6,57233,192.168.0.4,8443,tcp,ssl,0.011161804,997,2403,RSTO,7,6,0,99,99,99,0,99,99,99,63,128,0,0,0,442,184,11124,10639,1004309113,898778177,,,
1588207341,10.0.1.6,57234,192.168.0.4,8443,tcp,ssl,0.010886908,1167,1823,RSTO,7,6,0,99,99,99,0,99,99,99,63,128,0,0,0,345,208,11124,10639,2184495368,1613012427,,,
1588207341,10.0.1.6,57235,192.168.0.4,8443,tcp,ssl,0.008221865,1209,1823,RSTO,7,6,0,99,99,99,0,99,99,99,63,128,0,0,0,345,214,11124,10639,1365375906,2427789700,,,
1588207341,10.0.1.6,57236,192.168.0.4,8443,tcp,ssl,0.011909962,997,1823,RSTO,7,6,0,99,99,99,0,99,99,99,63,128,0,0,0,345,184,11124,10639,864097024,3825333584,,,
1588207341,10.0.1.6,57237,192.168.0.4,8443,tcp,ssl,0.008008003,997,1823,RSTO,7,6,0,99,99,99,0,99,99,99,63,128,0,0,0,345,184,11124,10639,3824981604,3151043755,,,
1588207342,10.0.1.6,57238,192.168.0.4,8443,tcp,ssl,0.010427952,997,1823,RSTO,7,6,0,99,99,99,0,99,99,99,63,128,0,0,0,345,184,11124,20887,478132245,783407598,,,
1588207342,10.0.1.6,57239,192.168.0.4,8443,tcp,ssl,0.009515047,997,1823,RSTO,7,6,0,99,99,99,0,99,99,99,63,128,0,0,0,345,184,11124,10639,231530849,407450773,,,
1588207342,10.0.1.6,57240,192.168.0.4,8443,tcp,ssl,0.010981083,997,1823,RSTO,7,6,0,99,99,99,0,99,99,99,63,128,0,0,0,345,184,11124,10639,2613252049,1755656302,,,
1588207343,10.0.1.6,57241,192.168.0.4,8443,tcp,ssl,0.008548975,1199,1823,RSTO,7,6,0,99,99,99,0,99,99,99,63,128,0,0,0,345,213,11124,10639,571254818,1621619268,,,
1588207343,10.0.1.6,57242,192.168.0.4,8443,tcp,ssl,0.009320021,997,1823,RSTO,7,6,0,99,99,99,0,99,99,99,63,128,0,0,0,345,184,11124,10639,3170471123,595034096,,,
1588207343,10.0.1.6,57243,192.168.0.4,8443,tcp,ssl,0.008679867,997,1823,RSTO,7,6,0,99,99,99,0,99,99,99,63,128,0,0,0,345,184,11124,10639,1247446054,1815609587,,,
1588207344,10.0.1.6,57244,192.168.0.4,8443,tcp,ssl,0.00967598,997,1823,RSTO,7,6,0,99,99,99,0,99,99,99,63,128,0,0,0,345,184,11124,10639,1438303976,3509715283,,,
1588207344,10.0.1.6,57245,192.168.0.4,8443,tcp,ssl,0.008943081,997,1823,RSTO,7,6,0,99,99,99,0,99,99,99,63,128,0,0,0,345,184,11124,10639,439214074,1535444763,,,
1588207345,10.0.1.6,57246,192.168.0.4,8443,tcp,ssl,0.010957956,997,1823,RSTO,7,6,0,99,99,99,0,99,99,99,63,128,0,0,0,345,184,11124,10639,3962421910,790224531,,,
1588207346,10.0.1.6,57247,192.168.0.4,8443,tcp,ssl,0.011476994,997,1823,RSTO,7,6,0,99,99,99,0,99,99,99,63,128,0,0,0,345,184,11124,10639,1609977788,152456670,,,
1588207347,10.0.1.6,57249,192.168.0.4,8443,tcp,ssl,0.010143042,997,1823,RSTO,7,6,0,99,99,99,0,99,99,99,63,128,0,0,0,345,184,11124,20887,333345002,4248471129,,,
1588207348,10.0.1.6,57250,192.168.0.4,8443,tcp,ssl,0.007723093,997,1823,RSTO,7,6,0,99,99,99,0,99,99,99,63,128,0,0,0,345,184,11124,10639,32531746,605989256,,,
1588207349,10.0.1.6,57251,192.168.0.4,8443,tcp,ssl,0.01008296,997,1976,RSTO,7,6,0,99,99,99,0,99,99,99,63,128,0,0,0,371,184,11124,10639,1013703515,2570773916,,,
1588207349,10.0.1.6,57252,192.168.0.4,8443,tcp,ssl,0.008569956,1167,1823,RSTO,7,6,0,99,99,99,0,99,99,99,63,128,0,0,0,345,208,11124,10639,2565202819,2205766298,,,
1588207349,10.0.1.6,57253,192.168.0.4,8443,tcp,ssl,0.009523869,1195,1823,RSTO,7,6,0,100,100,100,0,100,100,100,63,128,0,0,0,345,212,11124,10639,1384850871,1104285732,,,
1588207349,10.0.1.6,57254,192.168.0.4,8443,tcp,ssl,0.007796049,997,1823,RSTO,7,6,0,100,100,100,0,100,100,100,63,128,0,0,0,345,184,11124,20887,4229506371,245528896,,,
1588207349,10.0.1.6,57255,192.168.0.4,8443,tcp,ssl,0.009056807,997,1823,RSTO,7,6,0,100,100,100,0,100,100,100,63,128,0,0,0,345,184,11124,10639,3624019960,3398134275,,,
1588207350,10.0.1.6,57256,192.168.0.4,8443,tcp,ssl,0.010838032,997,1823,RSTO,7,6,0,100,100,100,0,100,100,100,63,128,0,0,0,345,184,11124,10639,1128549992,1689656359,,,
1588207350,10.0.1.6,57257,192.168.0.4,8443,tcp,ssl,0.008924007,997,1823,RSTO,7,6,0,100,100,100,0,100,100,100,63,128,0,0,0,345,184,11124,10639,135254067,2401731728,,,
1588207350,10.0.1.6,57258,192.168.0.4,8443,tcp,ssl,0.011698961,997,1823,RSTO,7,6,0,100,100,100,0,100,100,100,63,128,0,0,0,345,184,11124,10639,903755024,418570218,,,
1588207350,10.0.1.6,57259,192.168.0.4,8443,tcp,ssl,0.008889914,997,1823,RSTO,7,6,0,100,100,100,0,100,100,100,63,128,0,0,0,345,184,11124,10639,1342100785,300535396,,,
1588207351,10.0.1.6,57260,192.168.0.4,8443,tcp,ssl,0.011370182,997,1823,RSTO,7,6,0,100,100,100,0,100,100,100,63,128,0,0,0,345,184,11124,10639,3847442387,163327212,,,
1588207352,10.0.1.6,57261,192.168.0.4,8443,tcp,ssl,0.010230064,997,1823,RSTO,7,6,0,100,100,100,0,100,100,100,63,128,0,0,0,345,184,11124,10639,1158930994,854144775,,,
1588207352,10.0.1.6,57262,192.168.0.4,8443,tcp,ssl,0.01234889,997,1823,RSTO,7,6,0,100,100,100,0,100,100,100,63,128,0,0,0,345,184,11124,10639,59849109,2865175065,,,
1588207353,10.0.1.6,57263,192.168.0.4,8443,tcp,ssl,0.009897947,997,1823,RSTO,7,6,0,100,100,100,0,100,100,100,63,128,0,0,0,345,184,11124,10639,2076650229,3490878197,,,
1588207354,10.0.1.6,57264,192.168.0.4,8443,tcp,ssl,0.023888111,997,1823,RSTO,7,6,0,100,100,100,0,100,100,100,63,128,0,0,0,345,184,11124,10639,1056388902,2730691251,,,
1588207355,10.0.1.6,57265,192.168.0.4,8443,tcp,ssl,0.011723995,997,1823,RSTO,7,6,0,100,100,100,0,100,100,100,63,128,0,0,0,345,184,11124,10639,42703414,3601624747,,,
1588207356,10.0.1.6,57266,192.168.0.4,8443,tcp,ssl,0.01017499,997,1823,RSTO,7,6,0,100,100,100,0,100,100,100,63,128,0,0,0,345,184,11124,10639,2838246661,4056693572,,,
1588207357,10.0.1.6,57267,192.168.0.4,8443,tcp,ssl,0.008878946,997,1823,RSTO,7,6,0,100,100,100,0,100,100,100,63,128,0,0,0,345,184,11124,10639,216858459,4171710753,,,
1588207359,10.0.1.6,57268,192.168.0.4,8443,tcp,ssl,0.010584831,997,2047,RSTO,7,6,0,100,100,100,0,100,100,100,63,128,0,0,0,383,184,11124,10639,1544858796,2592332723,,,
1588207359,10.0.1.6,57269,192.168.0.4,8443,tcp,ssl,0.009631157,1167,1823,RSTO,7,6,0,100,100,100,0,100,100,100,63,128,0,0,0,345,208,11124,10639,1286979055,245702339,,,
1588207359,10.0.1.6,57270,192.168.0.4,8443,tcp,ssl,0.010418892,997,1823,RSTO,7,6,0,100,100,100,0,100,100,100,63,128,0,0,0,345,184,11124,10639,221388551,1888475808,,,
1588207359,10.0.1.6,57271,192.168.0.4,8443,tcp,ssl,0.010122061,997,1823,RSTO,7,6,0,100,100,100,0,100,100,100,63,128,0,0,0,345,184,11124,10639,1817910358,2627101509,,,
1588207359,10.0.1.6,57272,192.168.0.4,8443,tcp,ssl,0.011679888,1475,1823,RSTO,7,6,0,100,100,100,0,100,100,100,63,128,0,0,0,345,252,11124,10639,3807347266,3420697667,,,
1588207359,10.0.1.6,57273,192.168.0.4,8443,tcp,ssl,0.008967876,997,1823,RSTO,7,6,0,100,100,100,0,100,100,100,63,128,0,0,0,345,184,11124,10639,3988090112,201775234,,,
1588207359,10.0.1.6,57274,192.168.0.4,8443,tcp,ssl,0.011763096,1213,1823,RSTO,7,6,0,100,100,100,0,100,100,100,63,128,0,0,0,345,215,11124,10639,594817620,3867606097,,,
1588207359,10.0.1.6,57275,192.168.0.4,8443,tcp,ssl,0.008795023,997,1823,RSTO,7,6,0,100,100,100,0,100,100,100,63,128,0,0,0,345,184,11124,10639,2271398389,4284793047,,,
1588207359,10.0.1.6,57276,192.168.0.4,8443,tcp,ssl,0.008703947,997,1823,RSTO,7,6,0,100,100,100,0,100,100,100,63,128,0,0,0,345,184,11124,10639,3900845674,3212106829,,,
1588207360,10.0.1.6,57277,192.168.0.4,8443,tcp,ssl,0.00975585,997,1823,RSTO,7,6,0,100,100,100,0,100,100,100,63,128,0,0,0,345,184,11124,10639,2644346308,4229902684,,,
1588207360,10.0.1.6,57278,192.168.0.4,8443,tcp,ssl,0.009993076,997,1823,RSTO,7,6,0,100,100,100,0,100,100,100,63,128,0,0,0,345,184,11124,10639,176198815,3254267259,,,
1588207361,10.0.1.6,57279,192.168.0.4,8443,tcp,ssl,0.010408163,997,1823,RSTO,7,6,0,100,100,100,0,100,100,100,63,128,0,0,0,345,184,11124,10639,3548236299,3852625021,,,
1588207362,10.0.1.6,57280,192.168.0.4,8443,tcp,ssl,0.009582996,997,1823,RSTO,7,6,0,100,100,100,0,100,100,100,63,128,0,0,0,345,184,11124,20887,3799737903,2336395631,,,
1588207362,10.0.1.6,57281,192.168.0.4,8443,tcp,ssl,0.013139963,997,1823,RSTO,7,6,0,100,100,100,0,100,100,100,63,128,0,0,0,345,184,11124,10639,2548268327,1575795722,,,
1588207363,10.0.1.6,57282,192.168.0.4,8443,tcp,ssl,0.009981871,997,1823,RSTO,7,6,0,100,100,100,0,100,100,100,63,128,0,0,0,345,184,11124,10639,3111672377,1994501245,,,
1588207364,10.0.1.6,57283,192.168.0.4,8443,tcp,ssl,0.011265039,997,1823,RSTO,7,6,0,100,100,100,0,100,100,100,63,128,0,0,0,345,184,11124,10639,2101935807,4025643532,,,
1588207365,10.0.1.6,57284,192.168.0.4,8443,tcp,ssl,0.022117138,997,1823,RSTO,7,6,0,100,100,100,0,100,100,100,63,128,0,0,0,345,184,11124,10639,1501518224,3672472427,,,
1588207367,10.0.1.6,57285,192.168.0.4,8443,tcp,ssl,0.009255886,997,1823,RSTO,7,6,0,100,100,100,0,100,100,100,63,128,0,0,0,345,184,11124,20887,1783006097,1517482500,,,
1588207368,10.0.1.6,57286,192.168.0.4,8443,tcp,ssl,0.010616779,997,1823,RSTO,7,6,0,100,100,100,0,100,100,100,63,128,0,0,0,345,184,11124,16788,1854587984,671801009,,,
1588207369,10.0.1.6,57287,192.168.0.4,8443,tcp,ssl,0.01021719,997,1962,RSTO,7,6,0,100,100,100,0,100,100,100,63,128,0,0,0,369,184,11124,10639,3256232534,3690561340,,,
1588207369,10.0.1.6,57288,192.168.0.4,8443,tcp,ssl,0.009426117,1167,1823,RSTO,7,6,0,100,100,100,0,100,100,100,63,128,0,0,0,345,208,11124,10639,2891222388,4178992635,,,
1588207369,10.0.1.6,57289,192.168.0.4,8443,tcp,ssl,0.007213116,997,1823,RSTO,7,6,0,100,100,100,0,100,100,100,63,128,0,0,0,345,184,11124,10639,33000175,4030221397,,,
1588207369,10.0.1.6,57290,192.168.0.4,8443,tcp,ssl,0.013715982,997,1823,RSTO,7,6,0,100,100,100,0,100,100,100,63,128,0,0,0,345,184,11124,10639,2481392409,1532989769,,,
1588207369,10.0.1.6,57291,192.168.0.4,8443,tcp,ssl,0.012247086,1155,1823,RSTO,7,6,0,100,100,100,0,100,100,100,63,128,0,0,0,345,206,11124,10639,3852676751,4062825314,,,
1588207369,10.0.1.6,57292,192.168.0.4,8443,tcp,ssl,0.008932829,997,1823,RSTO,7,6,0,100,100,100,0,100,100,100,63,128,0,0,0,345,184,11124,10639,4091010734,2119581779,,,
1588207370,10.0.1.6,57293,192.168.0.4,8443,tcp,ssl,0.009603024,997,1823,RSTO,7,6,0,100,100,100,0,100,100,100,63,128,0,0,0,345,184,11124,20887,3950889278,2243706816,,,
1588207370,10.0.1.6,57294,192.168.0.4,8443,tcp,ssl,0.010511875,997,1823,RSTO,7,6,0,100,100,100,0,100,100,100,63,128,0,0,0,345,184,11124,10639,474636643,2643645646,,,
1588207370,10.0.1.6,57295,192.168.0.4,8443,tcp,ssl,0.008810997,997,1823,RSTO,7,6,0,100,100,100,0,100,100,100,63,128,0,0,0,345,184,11124,10639,148535441,3329699908,,,
1588207371,10.0.1.6,57296,192.168.0.4,8443,tcp,ssl,0.025983095,997,1823,RSTO,7,6,0,100,100,100,0,100,100,100,63,128,0,0,0,345,184,11124,10639,1176025116,4221282675,,,
1588207372,10.0.1.6,57297,192.168.0.4,8443,tcp,ssl,0.009361982,997,1823,RSTO,7,6,0,100,100,100,0,100,100,100,63,128,0,0,0,345,184,11124,10639,3052835685,2141267148,,,
1588207372,10.0.1.6,57298,192.168.0.4,8443,tcp,ssl,0.011550188,997,1823,RSTO,7,6,0,100,100,100,0,100,100,100,63,128,0,0,0,345,184,11124,10639,2315021825,1387127343,,,
1588207373,10.0.1.6,57299,192.168.0.4,8443,tcp,ssl,0.009630919,997,1966,RSTO,7,6,0,100,100,100,0,100,100,100,63,128,0,0,0,369,184,11124,20887,4264680839,4213323471,,,
1588207373,10.0.1.6,57300,192.168.0.4,8443,tcp,ssl,0.007248163,1223,1823,RSTO,7,6,0,100,100,100,0,100,100,100,63,128,0,0,0,345,216,11124,10639,27429273,542128972,,,
1588207373,10.0.1.6,57301,192.168.0.4,8443,tcp,ssl,0.007817984,997,2028,RSTO,7,6,0,100,100,100,0,100,100,100,63,128,0,0,0,380,184,11124,10639,3574057219,2249575645,,,
1588207373,10.0.1.6,57302,192.168.0.4,8443,tcp,ssl,0.006288052,1166,1823,RSTO,7,6,0,100,100,100,0,100,100,100,63,128,0,0,0,345,208,11124,10639,3726120896,1486588895,,,
1588207373,10.0.1.6,57303,192.168.0.4,8443,tcp,ssl,0.006713867,997,1966,RSTO,7,6,0,100,100,100,0,100,100,100,63,128,0,0,0,369,184,11124,10639,3337296200,175697181,,,
1588207373,10.0.1.6,57304,192.168.0.4,8443,tcp,ssl,0.007491112,1223,1823,RSTO,7,6,0,100,100,100,0,100,100,100,63,128,0,0,0,345,216,11124,10639,2534807548,2995588502,,,
1588207373,10.0.1.6,57305,192.168.0.4,8443,tcp,ssl,0.019742012,997,1948,RSTO,7,6,0,100,100,100,0,100,100,100,63,128,0,0,0,366,184,11124,10639,2348209760,1814725307,,,
1588207373,10.0.1.6,57306,192.168.0.4,8443,tcp,ssl,0.010994911,3193,1823,RSTO,7,7,0,100,100,100,0,100,100,100,63,128,0,0,0,302,127,9606,10639,1153064302,1571690682,,,
1588207373,10.0.1.6,57307,192.168.0.4,8443,tcp,ssl,0.010061026,997,1948,RSTO,7,6,0,100,100,100,0,100,100,100,63,128,0,0,0,366,184,11124,10639,1259183285,3792091216,,,
1588207373,10.0.1.6,57308,192.168.0.4,8443,tcp,ssl,0.007385015,1162,1823,RSTO,7,6,0,100,100,100,0,100,100,100,63,128,0,0,0,345,207,11124,10639,140008646,3589765871,,,
1588207373,10.0.1.6,57309,192.168.0.4,8443,tcp,ssl,0.006826162,997,1935,RSTO,7,6,0,100,100,100,0,100,100,100,63,128,0,0,0,364,184,11124,10639,1054354906,2792786908,,,
1588207373,10.0.1.6,57310,192.168.0.4,8443,tcp,ssl,0.00713706,1162,1823,RSTO,7,6,0,100,100,100,0,100,100,100,63,128,0,0,0,345,207,11124,10639,3300468980,2960207191,,,
1588207373,10.0.1.6,57311,192.168.0.4,8443,tcp,ssl,0.019696951,997,1937,RSTO,7,6,0,100,100,100,0,100,100,100,63,128,0,0,0,364,184,11124,10639,3517317490,2194556486,,,
1588207373,10.0.1.6,57312,192.168.0.4,8443,tcp,ssl,0.01484108,1155,1823,RSTO,7,6,0,100,100,100,0,100,100,100,63,128,0,0,0,345,206,11124,10639,2681516591,85224696,,,
1588207373,10.0.1.6,57313,192.168.0.4,8443,tcp,ssl,0.008508921,997,1823,RSTO,7,6,0,100,100,100,0,100,100,100,63,128,0,0,0,345,184,11124,10639,1463072349,1945389407,,,
1588207373,10.0.1.6,57314,192.168.0.4,8443,tcp,ssl,0.008540154,997,1823,RSTO,7,6,0,100,100,100,0,100,100,100,63,128,0,0,0,345,184,11124,10639,3479404737,2012772993,,,
1588207373,10.0.1.6,57315,192.168.0.4,8443,tcp,ssl,0.008293867,997,1823,RSTO,7,6,0,100,100,100,0,100,100,100,63,128,0,0,0,345,184,11124,10639,4054862309,1508385982,,,
1588207373,10.0.1.6,57316,192.168.0.4,8443,tcp,ssl,0.008785009,997,1823,RSTO,7,6,0,100,100,100,0,100,100,100,63,128,0,0,0,345,184,11124,20887,3668131504,7544378,,,
1588207374,10.0.1.6,57317,192.168.0.4,8443,tcp,ssl,0.008466005,997,1823,RSTO,7,6,0,100,100,100,0,100,100,100,63,128,0,0,0,345,184,11124,10639,2909416872,3899989906,,,
1588207374,10.0.1.6,57318,192.168.0.4,8443,tcp,ssl,0.011263132,997,1823,RSTO,7,6,0,100,100,100,0,100,100,100,63,128,0,0,0,345,184,11124,10639,17218705,223195342,,,
1588207375,10.0.1.6,57319,192.168.0.4,8443,tcp,ssl,0.011845827,997,1823,RSTO,7,6,0,100,100,100,0,100,100,100,63,128,0,0,0,345,184,11124,10639,2563417907,2287237196,,,
1588207375,10.0.1.6,57320,192.168.0.4,8443,tcp,ssl,0.009533167,997,1823,RSTO,7,6,0,100,100,100,0,100,100,100,63,128,0,0,0,345,184,11124,10639,968363798,555416574,,,
1588207376,10.0.1.6,57321,192.168.0.4,8443,tcp,ssl,0.023302078,997,1823,RSTO,7,6,0,100,100,100,0,100,100,100,63,128,0,0,0,345,184,11124,10639,2350187102,2436270651,,,
1588207377,10.0.1.6,57322,192.168.0.4,8443,tcp,ssl,0.010255098,997,1823,RSTO,7,6,0,100,100,100,0,100,100,100,63,128,0,0,0,345,184,11124,10639,1144418159,313942800,,,
1588207378,10.0.1.6,57323,192.168.0.4,8443,tcp,ssl,0.010730028,997,1823,RSTO,7,6,0,100,100,100,0,100,100,100,63,128,0,0,0,345,184,11124,10639,1399763746,1773146952,,,
1588207379,10.0.1.6,57324,192.168.0.4,8443,tcp,ssl,0.009158134,997,1823,RSTO,7,6,0,100,100,100,0,100,100,100,63,128,0,0,0,345,184,11124,10639,4213793396,1786796564,,,
1588207380,10.0.1.6,57325,192.168.0.4,8443,tcp,ssl,0.011678934,997,1823,RSTO,7,6,0,100,100,100,0,100,100,100,63,128,0,0,0,345,184,11124,10639,2537044775,2625285476,,,
1588207381,10.0.1.6,57326,192.168.0.4,8443,tcp,ssl,0.009232998,997,1823,RSTO,7,6,0,100,100,100,0,100,100,100,63,128,0,0,0,345,184,11124,10639,462099037,3727223222,,,
1588207382,10.0.1.6,57327,192.168.0.4,8443,tcp,ssl,0.010516167,997,1823,RSTO,7,6,0,100,100,100,0,100,100,100,63,128,0,0,0,345,184,11124,10639,1119397252,545686750,,,
1588207384,10.0.1.6,57328,192.168.0.4,8443,tcp,ssl,0.009212017,997,1823,RSTO,7,6,0,100,100,100,0,100,100,100,63,128,0,0,0,345,184,11124,16788,2589813216,245430283,,,
1588207385,10.0.1.6,57329,192.168.0.4,8443,tcp,ssl,0.009133101,997,1823,RSTO,7,6,0,100,100,100,0,100,100,100,63,128,0,0,0,345,184,11124,10639,3445281860,1999828541,,,
1588207387,10.0.1.6,57330,192.168.0.4,8443,tcp,ssl,0.010491848,997,1823,RSTO,7,6,0,100,100,100,0,100,100,100,63,128,0,0,0,345,184,11124,10639,2070935794,3996797673,,,
1588207389,10.0.1.6,57331,192.168.0.4,8443,tcp,ssl,0.010169029,997,1823,RSTO,7,6,0,100,100,100,0,100,100,100,63,128,0,0,0,345,184,11124,10639,4220171955,3861092503,,,
1588207390,10.0.1.6,57333,192.168.0.4,8443,tcp,ssl,0.008836031,997,1823,RSTO,7,6,0,100,100,100,0,100,100,100,63,128,0,0,0,345,184,11124,10639,1275803727,1402436400,,,
1588207392,10.0.1.6,57334,192.168.0.4,8443,tcp,ssl,0.011533976,997,1823,RSTO,7,6,0,100,100,100,0,100,100,100,63,128,0,0,0,345,184,11124,10639,2202477297,1952519649,,,
1588207394,10.0.1.6,57335,192.168.0.4,8443,tcp,ssl,0.010981083,997,1823,RSTO,7,6,0,100,100,100,0,100,100,100,63,128,0,0,0,345,184,11124,10639,1779496222,3116897620,,,
1588207396,10.0.1.6,57336,192.168.0.4,8443,tcp,ssl,0.009110928,997,1823,RSTO,7,6,0,100,100,100,0,100,100,100,63,128,0,0,0,345,184,11124,20887,3634595865,3044465545,,,
1588207399,10.0.1.6,57337,192.168.0.4,8443,tcp,ssl,0.009172916,997,1823,RSTO,7,6,0,100,100,100,0,100,100,100,63,128,0,0,0,345,184,11124,10639,915592344,4089867629,,,
1588207401,10.0.1.6,57338,192.168.0.4,8443,tcp,ssl,0.011497021,997,1823,RSTO,7,6,0,100,100,100,0,100,100,100,63,128,0,0,0,345,184,11124,10639,2398947310,3339539924,,,
1588207403,10.0.1.6,57339,192.168.0.4,8443,tcp,ssl,0.01010108,997,1823,RSTO,7,6,0,100,100,100,0,100,100,100,63,128,0,0,0,345,184,11124,10639,319850373,4157929524,,,
1588207406,10.0.1.6,57340,192.168.0.4,8443,tcp,ssl,0.011192083,997,1823,RSTO,7,6,0,100,100,100,0,100,100,100,63,128,0,0,0,345,184,11124,10639,786312877,1429029937,,,
1588207408,10.0.1.6,57341,192.168.0.4,8443,tcp,ssl,0.010772943,997,1823,SF,7,7,0,100,100,100,0,100,100,100,63,128,0,0,0,302,184,9606,10639,2690673857,41876328,,,
1588207411,10.0.1.6,57342,192.168.0.4,8443,tcp,ssl,0.009811878,997,1947,RSTO,7,6,0,100,100,100,0,100,100,100,63,128,0,0,0,366,184,11124,10639,1739744461,2201682318,,,
1588207411,10.0.1.6,57343,192.168.0.4,8443,tcp,ssl,0.010808945,1221,1823,RSTO,7,6,0,100,100,100,0,100,100,100,63,128,0,0,0,345,216,11124,10639,364124719,2937824054,,,
1588207411,10.0.1.6,57344,192.168.0.4,8443,tcp,ssl,0.009751081,997,1981,RSTO,7,6,0,100,100,100,0,100,100,100,63,128,0,0,0,372,184,11124,10639,1900400521,1079224259,,,
1588207411,10.0.1.6,57345,192.168.0.4,8443,tcp,ssl,0.009374857,1203,1823,RSTO,7,6,0,100,100,100,0,100,100,100,63,128,0,0,0,345,213,11124,10639,1153311779,2840949845,,,
1588207411,10.0.1.6,57346,192.168.0.4,8443,tcp,ssl,0.007368803,997,1949,RSTO,7,6,0,100,100,100,0,100,100,100,63,128,0,0,0,366,184,11124,10639,2621088215,3326700811,,,
1588207411,10.0.1.6,57347,192.168.0.4,8443,tcp,ssl,0.00950408,1158,1823,RSTO,7,6,0,100,100,100,0,100,100,100,63,128,0,0,0,345,207,11124,10639,523383780,1002807722,,,
1588207411,10.0.1.6,57348,192.168.0.4,8443,tcp,ssl,0.009847879,1295,1823,RSTO,7,6,0,100,100,100,0,100,100,100,63,128,0,0,0,345,226,11124,10639,2097348875,256793208,,,
1588207411,10.0.1.6,57349,192.168.0.4,8443,tcp,ssl,0.008271217,997,1823,RSTO,7,6,0,100,100,100,0,100,100,100,63,128,0,0,0,345,184,11124,10639,1348389717,3743999123,,,
1588207411,10.0.1.6,57350,192.168.0.4,8443,tcp,ssl,0.008718014,997,1823,RSTO,7,6,0,100,100,100,0,100,100,100,63,128,0,0,0,345,184,11124,10639,4197021702,2579470617,,,
1588207411,10.0.1.6,57351,192.168.0.4,8443,tcp,ssl,0.011630058,997,1823,RSTO,7,6,0,100,100,100,0,100,100,100,63,128,0,0,0,345,184,11124,10639,705542618,2249412235,,,
1588207412,10.0.1.6,57352,192.168.0.4,8443,tcp,ssl,0.008476973,997,1823,RSTO,7,6,0,100,100,100,0,100,100,100,63,128,0,0,0,345,184,11124,16788,1331091271,1364327703,,,
1588207412,10.0.1.6,57353,192.168.0.4,8443,tcp,ssl,0.012212038,997,1823,RSTO,7,6,0,100,100,100,0,100,100,100,63,128,0,0,0,345,184,11124,10639,2707460451,589463508,,,
1588207412,10.0.1.6,57354,192.168.0.4,8443,tcp,ssl,0.010458946,997,1823,RSTO,7,6,0,100,100,100,0,100,100,100,63,128,0,0,0,345,184,11124,20887,1530637624,2423819047,,,
1588207413,10.0.1.6,57355,192.168.0.4,8443,tcp,ssl,0.013811111,997,1823,RSTO,7,6,0,100,100,100,0,100,100,100,63,128,0,0,0,345,184,11124,10639,2859987568,1338871348,,,
1588207413,10.0.1.6,57356,192.168.0.4,8443,tcp,ssl,0.009043932,997,1823,RSTO,7,6,0,100,100,100,0,100,100,100,63,128,0,0,0,345,184,11124,16788,121320010,3697041732,,,
1588207414,10.0.1.6,57357,192.168.0.4,8443,tcp,ssl,0.013507843,997,1978,RSTO,7,6,0,100,100,100,0,100,100,100,63,128,0,0,0,371,184,11124,10639,2406223243,1627876852,,,
1588207414,10.0.1.6,57358,192.168.0.4,8443,tcp,ssl,0.012490034,1167,1823,RSTO,7,6,0,100,100,100,0,100,100,100,63,128,0,0,0,345,208,11124,10639,1189726140,1594371759,,,
1588207414,10.0.1.6,57359,192.168.0.4,8443,tcp,ssl,0.008019924,1193,1823,RSTO,7,6,0,100,100,100,0,100,100,100,63,128,0,0,0,345,212,11124,10639,1929634526,3419801394,,,
1588207414,10.0.1.6,57360,192.168.0.4,8443,tcp,ssl,0.009541035,997,1823,RSTO,7,6,0,100,100,100,0,100,100,100,63,128,0,0,0,345,184,11124,10639,708659443,3249067717,,,
1588207414,10.0.1.6,57361,192.168.0.4,8443,tcp,ssl,0.006861925,997,1823,RSTO,7,6,0,100,100,100,0,100,100,100,63,128,0,0,0,345,184,11124,10639,2799173997,939693070,,,
1588207414,10.0.1.6,57362,192.168.0.4,8443,tcp,ssl,0.010179996,997,1823,RSTO,7,6,0,100,100,100,0,100,100,100,63,128,0,0,0,345,184,11124,10639,826838002,270789732,,,
1588207414,10.0.1.6,57363,192.168.0.4,8443,tcp,ssl,0.010456085,997,1823,RSTO,7,6,0,100,100,100,0,100,100,100,63,128,0,0,0,345,184,11124,10639,1761704423,693598020,,,
1588207415,10.0.1.6,57364,192.168.0.4,8443,tcp,ssl,0.01305294,997,1823,RSTO,7,6,0,100,100,100,0,100,100,100,63,128,0,0,0,345,184,11124,10639,2327561683,3758192856,,,
1588207415,10.0.1.6,57365,192.168.0.4,8443,tcp,ssl,0.011358023,997,1823,RSTO,7,6,0,100,100,100,0,100,100,100,63,128,0,0,0,345,184,11124,10639,2003973241,1968527131,,,
1588207416,10.0.1.6,57366,192.168.0.4,8443,tcp,ssl,0.009982824,997,1823,RSTO,7,6,0,100,100,100,0,100,100,100,63,128,0,0,0,345,184,11124,10639,2906281798,2042502899,,,
1588207416,10.0.1.6,57367,192.168.0.4,8443,tcp,ssl,0.010247946,997,1823,RSTO,7,6,0,100,100,100,0,100,100,100,63,128,0,0,0,345,184,11124,10639,1035691438,3432932887,,,
1588207417,10.0.1.6,57368,192.168.0.4,8443,tcp,ssl,0.009531021,997,1823,RSTO,7,6,0,100,100,100,0,100,100,100,63,128,0,0,0,345,184,11124,20887,147606780,4242306532,,,
1588207418,10.0.1.6,57369,192.168.0.4,8443,tcp,ssl,0.009643793,997,1823,RSTO,7,6,0,100,100,100,0,100,100,100,63,128,0,0,0,345,184,11124,10639,2176915074,1295305460,,,
1588207419,10.0.1.6,57370,192.168.0.4,8443,tcp,ssl,0.010464907,997,1823,RSTO,7,6,0,100,100,100,0,100,100,100,63,128,0,0,0,345,184,11124,10639,571253626,139332412,,,
1588207420,10.0.1.6,57371,192.168.0.4,8443,tcp,ssl,0.009878874,997,1823,RSTO,7,6,0,100,100,100,0,100,100,100,63,128,0,0,0,345,184,11124,10639,3334745202,3991116330,,,
1588207421,10.0.1.6,57372,192.168.0.4,8443,tcp,ssl,0.00977397,997,1823,RSTO,7,6,0,100,100,100,0,100,100,100,63,128,0,0,0,345,184,11124,10639,976728067,3669077649,,,
1588207422,10.0.1.6,57373,192.168.0.4,8443,tcp,ssl,0.01956892,997,1823,RSTO,7,6,0,100,100,100,0,100,100,100,63,128,0,0,0,345,184,11124,10639,653216395,3931145956,,,
1588207423,10.0.1.6,57374,192.168.0.4,8443,tcp,ssl,0.009357214,997,2011,RSTO,7,6,0,100,100,100,0,100,100,100,63,128,0,0,0,377,184,11124,10639,3283256538,1462341995,,,
1588207423,10.0.1.6,57375,192.168.0.4,8443,tcp,ssl,0.009034872,1167,1823,RSTO,7,6,0,100,100,100,0,100,100,100,63,128,0,0,0,345,208,11124,10639,527679604,946205483,,,
1588207423,10.0.1.6,57376,192.168.0.4,8443,tcp,ssl,0.008181095,997,1823,RSTO,7,6,0,100,100,100,0,100,100,100,63,128,0,0,0,345,184,11124,10639,2052599984,1257494284,,,
1588207423,10.0.1.6,57377,192.168.0.4,8443,tcp,ssl,0.00742197,997,1823,RSTO,7,6,0,100,100,100,0,100,100,100,63,128,0,0,0,345,184,11124,10639,1968102997,2695629849,,,
1588207423,10.0.1.6,57378,192.168.0.4,8443,tcp,ssl,0.010808945,1348,1823,RSTO,7,6,0,100,100,100,0,100,100,100,63,128,0,0,0,345,234,11124,10639,2012223625,1343303666,,,
1588207423,10.0.1.6,57379,192.168.0.4,8443,tcp,ssl,0.008275986,997,1823,RSTO,7,6,0,100,100,100,0,100,100,100,63,128,0,0,0,345,184,11124,10639,260046325,1620624760,,,
1588207424,10.0.1.6,57380,192.168.0.4,8443,tcp,ssl,0.010155916,1223,1823,RSTO,7,6,0,100,100,100,0,100,100,100,63,128,0,0,0,345,216,11124,10639,1230552677,3038326600,,,
1588207424,10.0.1.6,57381,192.168.0.4,8443,tcp,ssl,0.008539915,997,1823,RSTO,7,6,0,100,100,100,0,100,100,100,63,128,0,0,0,345,184,11124,10639,1330784083,1657773890,,,
1588207424,10.0.1.6,57382,192.168.0.4,8443,tcp,ssl,0.010374069,997,1823,RSTO,7,6,0,100,100,100,0,100,100,100,63,128,0,0,0,345,184,11124,10639,235610724,3521813375,,,
1588207424,10.0.1.6,57383,192.168.0.4,8443,tcp,ssl,0.008961916,997,1823,RSTO,7,6,0,100,100,100,0,100,100,100,63,128,0,0,0,345,184,11124,16788,1366100815,411845536,,,
1588207425,10.0.1.6,57384,192.168.0.4,8443,tcp,ssl,0.009934902,997,1823,RSTO,7,6,0,100,100,100,0,100,100,100,63,128,0,0,0,345,184,11124,10639,2720849636,1999388130,,,
1588207426,10.0.1.6,57385,192.168.0.4,8443,tcp,ssl,0.012403011,997,1823,RSTO,7,6,0,100,100,100,0,100,100,100,63,128,0,0,0,345,184,11124,10639,305059102,1285672863,,,
1588207426,10.0.1.6,57386,192.168.0.4,8443,tcp,ssl,0.010134935,997,1823,RSTO,7,6,0,100,100,100,0,100,100,100,63,128,0,0,0,345,184,11124,10639,3440551757,2745112488,,,
1588207427,10.0.1.6,57387,192.168.0.4,8443,tcp,ssl,0.01038003,997,1823,RSTO,7,6,0,100,100,100,0,100,100,100,63,128,0,0,0,345,184,11124,10639,4140054147,3771292708,,,
1588207428,10.0.1.6,57388,192.168.0.4,8443,tcp,ssl,0.009653091,997,1823,RSTO,7,6,0,100,100,100,0,100,100,100,63,128,0,0,0,345,184,11124,10639,3315638889,3566260606,,,
1588207429,10.0.1.6,57389,192.168.0.4,8443,tcp,ssl,0.010626793,997,1823,RSTO,7,6,0,100,100,100,0,100,100,100,63,128,0,0,0,345,184,11124,10639,1881491142,712388107,,,
1588207430,10.0.1.6,57390,192.168.0.4,8443,tcp,ssl,0.010795116,997,1823,RSTO,7,6,0,100,100,100,0,100,100,100,63,128,0,0,0,345,184,11124,10639,3552385391,764914360,,,
1588207431,10.0.1.6,57391,192.168.0.4,8443,tcp,ssl,0.010175943,997,1823,RSTO,7,6,0,100,100,100,0,100,100,100,63,128,0,0,0,345,184,11124,20887,1358970227,1910712808,,,
1588207433,10.0.1.6,57392,192.168.0.4,8443,tcp,ssl,0.010367155,997,2032,RSTO,7,6,0,100,100,100,0,100,100,100,63,128,0,0,0,380,184,11124,10639,2246356501,455204791,,,
1588207433,10.0.1.6,57393,192.168.0.4,8443,tcp,ssl,0.008821964,1167,1823,RSTO,7,6,0,100,100,100,0,100,100,100,63,128,0,0,0,345,208,11124,10639,255698932,3619874676,,,
1588207433,10.0.1.6,57394,192.168.0.4,8443,tcp,ssl,0.007256031,997,1823,RSTO,7,6,0,100,100,100,0,100,100,100,63,128,0,0,0,345,184,11124,10639,3351996777,1893245881,,,
1588207433,10.0.1.6,57395,192.168.0.4,8443,tcp,ssl,0.006866932,997,1823,RSTO,7,6,0,100,100,100,0,100,100,100,63,128,0,0,0,345,184,11124,20887,1489896267,1803490733,,,
1588207433,10.0.1.6,57396,192.168.0.4,8443,tcp,ssl,0.011734009,1417,1823,RSTO,7,6,0,100,100,100,0,100,100,100,63,128,0,0,0,345,244,11124,10639,2416154899,1583204249,,,
1588207433,10.0.1.6,57397,192.168.0.4,8443,tcp,ssl,0.008795977,997,1823,RSTO,7,6,0,100,100,100,0,100,100,100,63,128,0,0,0,345,184,11124,10639,417304924,1545005614,,,
1588207433,10.0.1.6,57398,192.168.0.4,8443,tcp,ssl,0.010061979,997,1823,RSTO,7,6,0,100,100,100,0,100,100,100,63,128,0,0,0,345,184,11124,10639,933386329,2051781936,,,
1588207433,10.0.1.6,57399,192.168.0.4,8443,tcp,ssl,0.008965969,997,1823,RSTO,7,6,0,100,100,100,0,100,100,100,63,128,0,0,0,345,184,11124,10639,1832557765,4134788510,,,
1588207434,10.0.1.6,57400,192.168.0.4,8443,tcp,ssl,0.01038003,997,1823,RSTO,7,6,0,100,100,100,0,100,100,100,63,128,0,0,0,345,184,11124,10639,3851809947,91054609,,,
1588207434,10.0.1.6,57401,192.168.0.4,8443,tcp,ssl,0.009356022,997,1823,RSTO,7,6,0,100,100,100,0,100,100,100,63,128,0,0,0,345,184,11124,10639,1949082507,1258701447,,,
1588207435,10.0.1.6,57402,192.168.0.4,8443,tcp,ssl,0.012653112,997,1823,RSTO,7,6,0,100,100,100,0,100,100,100,63,128,0,0,0,345,184,11124,10639,544030536,789728796,,,
1588207435,10.0.1.6,57404,192.168.0.4,8443,tcp,ssl,0.010129929,997,1823,RSTO,7,6,0,100,100,100,0,100,100,100,63,128,0,0,0,345,184,11124,10639,972690405,4014559818,,,
1588207436,10.0.1.6,57405,192.168.0.4,8443,tcp,ssl,0.011425972,997,1823,RSTO,7,6,0,100,100,100,0,100,100,100,63,128,0,0,0,345,184,11124,10639,2675288971,4058782232,,,
1588207437,10.0.1.6,57406,192.168.0.4,8443,tcp,ssl,0.008157015,997,1823,RSTO,7,6,0,100,100,100,0,100,100,100,63,128,0,0,0,345,184,11124,20887,1756594176,518611491,,,
1588207438,10.0.1.6,57407,192.168.0.4,8443,tcp,ssl,0.009065151,997,1823,RSTO,7,6,0,100,100,100,0,100,100,100,63,128,0,0,0,345,184,11124,10639,1796499684,1106848425,,,
1588207439,10.0.1.6,57408,192.168.0.4,8443,tcp,ssl,0.011006117,997,1823,RSTO,7,6,0,100,100,100,0,100,100,100,63,128,0,0,0,345,184,11124,10639,1475580256,720962838,,,
1588207440,10.0.1.6,57409,192.168.0.4,8443,tcp,ssl,0.01049614,997,1823,RSTO,7,6,0,100,100,100,0,100,100,100,63,128,0,0,0,345,184,11124,10639,3268217483,2158281678,,,
1588207442,10.0.1.6,57410,192.168.0.4,8443,tcp,ssl,0.008617878,997,1823,RSTO,7,6,0,100,100,100,0,100,100,100,63,128,0,0,0,345,184,11124,20887,1323901242,3172718564,,,
1588207443,10.0.1.6,57411,192.168.0.4,8443,tcp,ssl,0.009748936,997,2024,RSTO,7,6,0,100,100,100,0,100,100,100,63,128,0,0,0,379,184,11124,10639,345906582,3515058863,,,
1588207443,10.0.1.6,57412,192.168.0.4,8443,tcp,ssl,0.009377956,1167,1823,RSTO,7,6,0,100,100,100,0,100,100,100,63,128,0,0,0,345,208,11124,10639,3725580941,1549526704,,,
1588207443,10.0.1.6,57413,192.168.0.4,8443,tcp,ssl,0.014685869,997,1823,RSTO,7,6,0,100,100,100,0,100,100,100,63,128,0,0,0,345,184,11124,10639,2323155888,648419140,,,
1588207443,10.0.1.6,57414,192.168.0.4,8443,tcp,ssl,0.00856781,1294,1823,RSTO,7,6,0,100,100,100,0,100,100,100,63,128,0,0,0,345,226,11124,10639,3150949473,1148418780,,,
1588207443,10.0.1.6,57415,192.168.0.4,8443,tcp,ssl,0.010993958,997,1823,RSTO,7,6,0,100,100,100,0,100,100,100,63,128,0,0,0,345,184,11124,10639,590291073,2886475735,,,
1588207443,10.0.1.6,57416,192.168.0.4,8443,tcp,ssl,0.010846853,1290,1823,RSTO,7,6,0,100,100,100,0,100,100,100,63,128,0,0,0,345,226,11124,20887,2371173727,3584222443,,,
1588207443,10.0.1.6,57417,192.168.0.4,8443,tcp,ssl,0.009368896,997,1823,RSTO,7,6,0,100,100,100,0,100,100,100,63,128,0,0,0,345,184,11124,10639,688320989,3539458685,,,
1588207444,10.0.1.6,57418,192.168.0.4,8443,tcp,ssl,0.008590937,997,1823,RSTO,7,6,0,100,100,100,0,100,100,100,63,128,0,0,0,345,184,11124,10639,105845494,522580880,,,
1588207444,10.0.1.6,57419,192.168.0.4,8443,tcp,ssl,0.00902009,997,1823,RSTO,7,6,0,100,100,100,0,100,100,100,63,128,0,0,0,345,184,11124,10639,3917864229,1094493710,,,
1588207444,10.0.1.6,57420,192.168.0.4,8443,tcp,ssl,0.011884928,997,1823,RSTO,7,6,0,100,100,100,0,100,100,100,63,128,0,0,0,345,184,11124,10639,34985262,2244381542,,,
1588207445,10.0.1.6,57421,192.168.0.4,8443,tcp,ssl,0.011340141,997,1823,RSTO,7,6,0,100,100,100,0,100,100,100,63,128,0,0,0,345,184,11124,10639,3186788570,4115292248,,,
1588207445,10.0.1.6,57422,192.168.0.4,8443,tcp,ssl,0.009449005,997,1823,RSTO,7,6,0,100,100,100,0,100,100,100,63,128,0,0,0,345,184,11124,10639,3491047989,2988974501,,,
1588207446,10.0.1.6,57423,192.168.0.4,8443,tcp,ssl,0.009781122,997,1823,RSTO,7,6,0,100,100,100,0,100,100,100,63,128,0,0,0,345,184,11124,10639,1507616718,1089420986,,,
1588207447,10.0.1.6,57424,192.168.0.4,8443,tcp,ssl,0.010661125,997,1823,RSTO,7,6,0,100,100,100,0,100,100,100,63,128,0,0,0,345,184,11124,10639,3638499258,3161267233,,,
1588207448,10.0.1.6,57425,192.168.0.4,8443,tcp,ssl,0.009104967,997,1823,RSTO,7,6,0,100,100,100,0,100,100,100,63,128,0,0,0,345,184,11124,10639,4063847428,160120826,,,
1588207449,10.0.1.6,57426,192.168.0.4,8443,tcp,ssl,0.008773088,997,1823,RSTO,7,6,0,100,100,100,0,100,100,100,63,128,0,0,0,345,184,11124,10639,1866859571,329005230,,,
1588207450,10.0.1.6,57427,192.168.0.4,8443,tcp,ssl,0.010843992,997,1823,RSTO,7,6,0,100,100,100,0,100,100,100,63,128,0,0,0,345,184,11124,10639,1299990212,1818112258,,,
1588207451,10.0.1.6,57428,192.168.0.4,8443,tcp,ssl,0.00949192,997,1993,RSTO,7,6,0,100,100,100,0,100,100,100,63,128,0,0,0,374,184,11124,10639,1454707213,1570533082,,,
1588207451,10.0.1.6,57429,192.168.0.4,8443,tcp,ssl,0.010015965,1167,1823,RSTO,7,6,0,100,100,100,0,100,100,100,63,128,0,0,0,345,208,11124,10639,3603164728,1708725893,,,
1588207451,10.0.1.6,57430,192.168.0.4,8443,tcp,ssl,0.007887125,1193,1823,RSTO,7,6,0,100,100,100,0,100,100,100,63,128,0,0,0,345,212,11124,10639,3857330841,376584383,,,
1588207451,10.0.1.6,57431,192.168.0.4,8443,tcp,ssl,0.008540869,997,1823,RSTO,7,6,0,100,100,100,0,100,100,100,63,128,0,0,0,345,184,11124,10639,2620872426,670338274,,,
1588207451,10.0.1.6,57432,192.168.0.4,8443,tcp,ssl,0.007107019,997,1823,RSTO,7,6,0,100,100,100,0,100,100,100,63,128,0,0,0,345,184,11124,10639,3607929432,3805100754,,,
1588207451,10.0.1.6,57433,192.168.0.4,8443,tcp,ssl,0.056100845,997,1947,RSTO,7,7,0,100,100,100,0,100,100,100,63,128,0,0,0,319,184,9606,10639,2032269615,3833900354,,,
1588207451,10.0.1.6,57434,192.168.0.4,8443,tcp,ssl,0.010472059,1161,1823,RSTO,7,6,0,100,100,100,0,100,100,100,63,128,0,0,0,345,207,11124,10639,3771724851,3059933516,,,
1588207451,10.0.1.6,57435,192.168.0.4,8443,tcp,ssl,0.007386923,997,1823,RSTO,7,6,0,100,100,100,0,100,100,100,63,128,0,0,0,345,184,11124,10639,3867488952,1094168821,,,
1588207451,10.0.1.6,57436,192.168.0.4,8443,tcp,ssl,0.007931948,997,1823,RSTO,7,6,0,100,100,100,0,100,100,100,63,128,0,0,0,345,184,11124,10639,3501055635,2650401107,,,
1588207451,10.0.1.6,57437,192.168.0.4,8443,tcp,ssl,0.009262085,997,1823,RSTO,7,6,0,100,100,100,0,100,100,100,63,128,0,0,0,345,184,11124,10639,1775365344,1718698595,,,
1588207452,10.0.1.6,57438,192.168.0.4,8443,tcp,ssl,0.009291172,997,1823,RSTO,7,6,0,100,100,100,0,100,100,100,63,128,0,0,0,345,184,11124,10639,2686277135,3969721663,,,
1588207452,10.0.1.6,57439,192.168.0.4,8443,tcp,ssl,0.009042978,997,1823,RSTO,7,6,0,100,100,100,0,100,100,100,63,128,0,0,0,345,184,11124,10639,1313487992,3409272678,,,
1588207452,10.0.1.6,57440,192.168.0.4,8443,tcp,ssl,0.008759022,997,1823,RSTO,7,6,0,100,100,100,0,100,100,100,63,128,0,0,0,345,184,11124,10639,4290048219,4229469850,,,
1588207453,10.0.1.6,57441,192.168.0.4,8443,tcp,ssl,0.00971818,997,1823,RSTO,7,6,0,100,100,100,0,100,100,100,63,128,0,0,0,345,184,11124,10639,3261715077,1687436285,,,
1588207453,10.0.1.6,57442,192.168.0.4,8443,tcp,ssl,0.008776903,997,1823,RSTO,7,6,0,100,100,100,0,100,100,100,63,128,0,0,0,345,184,11124,16788,1797064202,1333638012,,,
1588207454,10.0.1.6,57443,192.168.0.4,8443,tcp,ssl,0.00987196,997,1823,RSTO,7,6,0,100,100,100,0,100,100,100,63,128,0,0,0,345,184,11124,10639,1549244555,4115880384,,,
1588207455,10.0.1.6,57444,192.168.0.4,8443,tcp,ssl,0.011331081,997,1823,RSTO,7,6,0,100,100,100,0,100,100,100,63,128,0,0,0,345,184,11124,10639,3635713489,1428856157,,,
1588207456,10.0.1.6,57445,192.168.0.4,8443,tcp,ssl,0.011402845,997,1823,RSTO,7,6,0,100,100,100,0,100,100,100,63,128,0,0,0,345,184,11124,10639,2232034182,3564508171,,,
1588207457,10.0.1.6,57446,192.168.0.4,8443,tcp,ssl,0.010853052,997,1823,RSTO,7,6,0,100,100,100,0,100,100,100,63,128,0,0,0,345,184,11124,10639,977688841,3607379602,,,
1588207458,10.0.1.6,57447,192.168.0.4,8443,tcp,ssl,0.009582043,997,1823,RSTO,7,6,0,100,100,100,0,100,100,100,63,128,0,0,0,345,184,11124,20887,1285906450,1536249020,,,
1588207459,10.0.1.6,57448,192.168.0.4,8443,tcp,ssl,0.01125598,997,1962,RSTO,7,6,0,100,100,100,0,100,100,100,63,128,0,0,0,369,184,11124,20887,1011860605,2064484905,,,
1588207459,10.0.1.6,57449,192.168.0.4,8443,tcp,ssl,0.008037806,1167,1823,RSTO,7,6,0,100,100,100,0,100,100,100,63,128,0,0,0,345,208,11124,10639,990203206,3275656787,,,
1588207459,10.0.1.6,57450,192.168.0.4,8443,tcp,ssl,0.007491827,1155,1823,RSTO,7,6,0,100,100,100,0,100,100,100,63,128,0,0,0,345,206,11124,10639,3294782834,697773891,,,
1588207459,10.0.1.6,57451,192.168.0.4,8443,tcp,ssl,0.008194208,997,1823,SF,7,7,0,100,100,100,0,100,100,100,63,128,0,0,0,302,184,9606,10639,123102540,188493308,,,
1588207459,10.0.1.6,57452,192.168.0.4,8443,tcp,ssl,0.008359194,997,1823,RSTO,7,6,0,100,100,100,0,100,100,100,63,128,0,0,0,345,184,11124,20887,482652547,2764250346,,,
1588207459,10.0.1.6,57453,192.168.0.4,8443,tcp,ssl,0.009150028,997,1823,RSTO,7,6,0,100,100,100,0,100,100,100,63,128,0,0,0,345,184,11124,10639,1189585946,4225473210,,,
1588207460,10.0.1.6,57454,192.168.0.4,8443,tcp,ssl,0.011503935,997,1823,RSTO,7,6,0,100,100,100,0,100,100,100,63,128,0,0,0,345,184,11124,10639,1047583876,1876219391,,,
1588207460,10.0.1.6,57455,192.168.0.4,8443,tcp,ssl,0.010062933,997,1823,RSTO,7,6,0,100,100,100,0,100,100,100,63,128,0,0,0,345,184,11124,10639,2862006714,2432546359,,,
1588207460,10.0.1.6,57456,192.168.0.4,8443,tcp,ssl,0.010940075,997,1823,RSTO,7,6,0,100,100,100,0,100,100,100,63,128,0,0,0,345,184,11124,10639,2493256953,3125087551,,,
1588207461,10.0.1.6,57457,192.168.0.4,8443,tcp,ssl,0.02331686,997,1823,SF,7,7,0,100,100,100,0,100,100,100,63,128,0,0,0,302,184,9606,10639,646573902,4051620189,,,
1588207461,10.0.1.6,57458,192.168.0.4,8443,tcp,ssl,0.012335062,997,1823,RSTO,7,6,0,100,100,100,0,100,100,100,63,128,0,0,0,345,184,11124,10639,2691131553,1803225750,,,
1588207462,10.0.1.6,57459,192.168.0.4,8443,tcp,ssl,0.010102034,997,1823,RSTO,7,6,0,100,100,100,0,100,100,100,63,128,0,0,0,345,184,11124,10639,2809898420,372262995,,,
1588207463,10.0.1.6,57460,192.168.0.4,8443,tcp,ssl,0.010172844,997,1823,RSTO,7,6,0,100,100,100,0,100,100,100,63,128,0,0,0,345,184,11124,10639,1082713450,2102294131,,,
1588207464,10.0.1.6,57461,192.168.0.4,8443,tcp,ssl,0.009671926,997,1823,RSTO,7,6,0,100,100,100,0,100,100,100,63,128,0,0,0,345,184,11124,10639,2135213438,1670241668,,,
1588207465,10.0.1.6,57462,192.168.0.4,8443,tcp,ssl,0.011094093,997,1823,RSTO,7,6,0,100,100,100,0,100,100,100,63,128,0,0,0,345,184,11124,10639,1850313191,2913970902,,,
1588207466,10.0.1.6,57463,192.168.0.4,8443,tcp,ssl,0.010838985,997,1823,RSTO,7,6,0,100,100,100,0,100,100,100,63,128,0,0,0,345,184,11124,10639,3881944577,23830739,,,
1588207467,10.0.1.6,57464,192.168.0.4,8443,tcp,ssl,0.012816191,997,1823,RSTO,7,6,0,100,100,100,0,100,100,100,63,128,0,0,0,345,184,11124,20887,1596562572,466865528,,,
1588207468,10.0.1.6,57465,192.168.0.4,8443,tcp,ssl,0.011421919,997,1823,RSTO,7,6,0,100,100,100,0,100,100,100,63,128,0,0,0,345,184,11124,10639,1865427941,3507782373,,,
1588207470,10.0.1.6,57466,192.168.0.4,8443,tcp,ssl,0.009386063,997,1823,RSTO,7,6,0,100,100,100,0,100,100,100,63,128,0,0,0,345,184,11124,10639,3526361284,1747550751,,,
1588207471,10.0.1.6,57467,192.168.0.4,8443,tcp,ssl,0.012904882,997,1823,RSTO,7,6,0,100,100,100,0,100,100,100,63,128,0,0,0,345,184,11124,10639,2934723849,3586256146,,,
1588207473,10.0.1.6,57468,192.168.0.4,8443,tcp,ssl,0.011888027,997,1823,RSTO,7,6,0,100,100,100,0,100,100,100,63,128,0,0,0,345,184,11124,10639,2302893430,334968998,,,
1588207475,10.0.1.6,57469,192.168.0.4,8443,tcp,ssl,0.01038003,997,1823,RSTO,7,6,0,100,100,100,0,100,100,100,63,128,0,0,0,345,184,11124,10639,963998797,3721075185,,,
1588207476,10.0.1.6,57470,192.168.0.4,8443,tcp,ssl,0.024337053,997,1823,RSTO,7,6,0,100,100,100,0,100,100,100,63,128,0,0,0,345,184,11124,10639,3948111747,898211427,,,
1588207478,10.0.1.6,57471,192.168.0.4,8443,tcp,ssl,0.011524916,997,1823,RSTO,7,6,0,100,100,100,0,100,100,100,63,128,0,0,0,345,184,11124,10639,2157450308,1553435015,,,
1588207480,10.0.1.6,57472,192.168.0.4,8443,tcp,ssl,0.009927034,997,1823,RSTO,7,6,0,100,100,100,0,100,100,100,63,128,0,0,0,345,184,11124,10639,1639303918,3545135123,,,
1588207483,10.0.1.6,57473,192.168.0.4,8443,tcp,ssl,0.024584055,997,1823,RSTO,7,6,0,100,100,100,0,100,100,100,63,128,0,0,0,345,184,11124,10639,3912548778,381126163,,,
1588207485,10.0.1.6,57474,192.168.0.4,8443,tcp,ssl,0.011046171,997,1919,RSTO,7,6,0,100,100,100,0,100,100,100,63,128,0,0,0,361,184,11124,10639,1964954299,2096429498,,,
1588207485,10.0.1.6,57475,192.168.0.4,8443,tcp,ssl,0.008557081,1159,1823,RSTO,7,6,0,100,100,100,0,100,100,100,63,128,0,0,0,345,207,11124,10639,792273464,402503654,,,
1588207485,10.0.1.4,60879,10.0.1.6,55121,tcp,,3.024379015,0,0,S0,3,0,0,0,0,0,0,0,0,0,0,128,0,0,0,0,52,0,64240,0,3649577299,,,
1588207492,10.0.1.4,60879,10.0.1.6,55121,tcp,,,,,S0,1,0,0,0,0,1,1,1,1,1,0,128,0,0,0,0,52,0,64240,0,3649577299,,,
1588207439,10.0.1.6,123,10.0.0.4,123,udp,,0.00198102,120,120,SF,1,1,0,0,0,0,0,0,0,98,128,128,0,0,0,148,148,0,0,0,0,,,
1588207500,10.0.1.4,60879,10.0.1.6,55121,tcp,,,,,S0,1,0,0,0,0,2,2,2,2,2,0,128,0,0,0,0,52,0,64240,0,3649577299,,,
1588207485,10.0.1.4,60878,10.0.1.6,135,tcp,dce_rpc,21.00944591,328,280,RSTO,6,3,0,0,0,0,0,3,3,3,128,128,0,0,0,137,96,23210,12072,1135603839,1152683523,,,
1588207222,10.0.1.4,60853,10.0.1.6,445,tcp,gssapi,294.3204179,193919,30831,RSTO,107,100,0,0,0,0,0,4,4,4,128,128,0,0,0,157,1852,16884,8642,2878928550,3599032751,,,
1588207483,10.0.1.6,138,10.0.1.255,138,udp,,,,,S0,1,0,0,0,0,0,0,0,0,95,0,128,0,0,0,0,229,0,0,0,0,,,
