srcip,sport,dstip,dsport,proto,state,dur,sbytes,dbytes,sttl,dttl,sloss,dloss,service,Sload,Dload,Spkts,Dpkts,swin,dwin,stcpb,dtcpb,smeansz,dmeansz,trans_depth,res_bdy_len,Sjit,Djit,Stime,Ltime,Sintpkt,Dintpkt,tcprtt,synack,ackdat,is_sm_ips_ports,ct_state_ttl,ct_flw_http_mthd,is_ftp_login,ct_ftp_cmd,ct_srv_src,ct_srv_dst,ct_dst_ltm,ct_src_ ltm,ct_src_dport_ltm,ct_dst_sport_ltm,ct_dst_src_ltm,attack_cat,Label
175.45.176.0,13284,149.171.126.16,80,tcp,FIN,2.39039,1362,268,254,252,6,1,http,4233.619141,749.668518,14,6,255,255,3897219059,2466816006,97,45,1,0,18786.7114,941.724938,1421927414,1421927416,183.579303,474.259406,0.066088,0.017959,0.048129,0,1,1,0,0,5,2,2,1,1,1,1,Reconnaissance,1
175.45.176.3,22359,149.171.126.11,111,udp,INT,1.70E-05,168,0,254,0,0,0,-,39529412,0,2,0,0,0,0,0,84,0,0,0,0,0,1421927426,1421927426,0.017,0,0,0,0,0,2,0,0,0,2,1,1,1,1,1,1,Reconnaissance,1
175.45.176.0,27804,149.171.126.16,111,tcp,FIN,0.695382,564,354,254,252,2,1,-,5844.27002,3566.38501,10,8,255,255,1064076525,1964745949,56,44,0,0,5579.765824,140.926172,1421927428,1421927429,76.503111,91.689,0.075913,0.053548,0.022365,0,1,0,0,0,3,2,1,1,1,1,1,Reconnaissance,1
175.45.176.1,47096,149.171.126.16,111,tcp,FIN,0.625212,564,354,254,252,2,1,-,6500.194824,3966.654541,10,8,255,255,4065997112,478325110,56,44,0,0,5430.792169,137.643219,1421927433,1421927434,69.003556,87.915289,0.054839,0.009784,0.045055,0,1,0,0,0,1,2,1,1,1,1,1,Reconnaissance,1
175.45.176.3,9002,149.171.126.19,111,tcp,FIN,0.629429,564,354,254,252,2,1,-,6456.645996,3940.079102,10,8,255,255,3017013647,3952958356,56,44,0,0,5437.992729,137.726844,1421927434,1421927435,69.390667,88.84243,0.05335,0.007514,0.045836,0,1,0,0,0,2,1,1,1,1,1,1,Reconnaissance,1
175.45.176.0,36159,149.171.126.14,111,udp,INT,1.20E-05,168,0,254,0,0,0,-,56000000,0,2,0,0,0,0,0,84,0,0,0,0,0,1421927442,1421927442,0.012,0,0,0,0,0,2,0,0,0,1,1,1,1,1,1,1,Reconnaissance,1
175.45.176.2,29442,149.171.126.19,111,udp,INT,1.70E-05,168,0,254,0,0,0,-,39529412,0,2,0,0,0,0,0,84,0,0,0,0,0,1421927445,1421927445,0.017,0,0,0,0,0,2,0,0,0,1,1,1,1,1,1,1,Reconnaissance,1
175.45.176.3,46282,149.171.126.14,111,tcp,FIN,0.633943,564,354,254,252,2,1,-,6410.670898,3912.023438,10,8,255,255,989626159,2517570187,56,44,0,0,5428.363514,137.309922,1421927446,1421927447,68.938778,89.719859,0.051477,0.005882,0.045595,0,1,0,0,0,1,1,1,1,1,1,1,Reconnaissance,1
175.45.176.3,17410,149.171.126.14,111,udp,INT,4.00E-06,168,0,254,0,0,0,-,168000000,0,2,0,0,0,0,0,84,0,0,0,0,0,1421927449,1421927449,0.004,0,0,0,0,0,2,0,0,0,1,1,1,1,1,1,1,Reconnaissance,1
175.45.176.1,20549,149.171.126.10,111,udp,INT,1.40E-05,168,0,254,0,0,0,-,48000000,0,2,0,0,0,0,0,84,0,0,0,0,0,1421927449,1421927449,0.014,0,0,0,0,0,2,0,0,0,1,1,1,1,1,1,1,Reconnaissance,1
175.45.176.1,61099,149.171.126.17,111,tcp,FIN,0.632601,564,354,254,252,2,1,-,6424.270508,3920.32251,10,8,255,255,192172250,791026797,56,44,0,0,5458.604114,139.175172,1421927452,1421927453,69.599444,89.264141,0.056697,0.007734,0.048963,0,1,0,0,0,1,1,1,2,1,1,1,Reconnaissance,1
175.45.176.1,59988,149.171.126.15,111,udp,INT,2.00E-05,168,0,254,0,0,0,-,33600000,0,2,0,0,0,0,0,84,0,0,0,0,0,1421927458,1421927458,0.02,0,0,0,0,0,2,0,0,0,1,2,1,2,1,1,1,Reconnaissance,1
175.45.176.3,13692,149.171.126.15,111,udp,INT,1.50E-05,168,0,254,0,0,0,-,44800000,0,2,0,0,0,0,0,84,0,0,0,0,0,1421927459,1421927459,0.015,0,0,0,0,0,2,0,0,0,1,2,1,1,1,1,1,Reconnaissance,1
175.45.176.0,45372,149.171.126.16,111,tcp,FIN,0.625921,564,354,254,252,2,1,-,6492.832031,3962.161377,10,8,255,255,1226406133,3253533023,56,44,0,0,5421.360504,139.425688,1421927467,1421927468,69.546778,87.469711,0.053786,0.00878,0.045006,0,1,0,0,0,1,1,1,1,1,1,1,Reconnaissance,1
175.45.176.2,35000,149.171.126.19,80,tcp,FIN,0.190783,1092,268,254,252,2,1,http,41219.60547,9392.871094,10,6,255,255,2783617730,1043538070,109,45,1,0,1095.271931,65.959016,1421927468,1421927469,20.585889,36.779199,0.053961,0.00688,0.047081,0,1,1,0,0,1,1,1,1,1,1,1,Reconnaissance,1
175.45.176.1,35063,149.171.126.17,111,udp,INT,1.00E-05,168,0,254,0,0,0,-,67200000,0,2,0,0,0,0,0,84,0,0,0,0,0,1421927480,1421927480,0.01,0,0,0,0,0,2,0,0,0,1,1,1,1,1,1,1,Reconnaissance,1
175.45.176.3,59106,149.171.126.18,111,tcp,FIN,0.626161,564,354,254,252,2,1,-,6490.34375,3960.642822,10,8,255,255,1793132359,3920545789,56,44,0,0,5429.095591,138.693875,1421927482,1421927483,69.016889,88.591289,0.050902,0.006012,0.04489,0,1,0,0,0,1,1,1,1,1,1,1,Reconnaissance,1
175.45.176.2,44133,149.171.126.19,111,udp,INT,1.10E-05,168,0,254,0,0,0,-,61090908,0,2,0,0,0,0,0,84,0,0,0,0,0,1421927483,1421927483,0.011,0,0,0,0,0,2,0,0,0,2,1,1,1,1,1,1,Reconnaissance,1
175.45.176.0,16116,149.171.126.12,111,udp,INT,1.00E-05,168,0,254,0,0,0,-,67200000,0,2,0,0,0,0,0,84,0,0,0,0,0,1421927485,1421927485,0.01,0,0,0,0,0,2,0,0,0,1,1,1,1,1,1,1,Reconnaissance,1
175.45.176.0,2871,149.171.126.11,111,udp,INT,2.00E-05,168,0,254,0,0,0,-,33600000,0,2,0,0,0,0,0,84,0,0,0,0,0,1421927498,1421927498,0.02,0,0,0,0,0,2,0,0,0,1,1,1,1,1,1,1,Reconnaissance,1
175.45.176.3,48454,149.171.126.12,111,tcp,FIN,0.632238,564,354,254,252,2,1,-,6427.959473,3922.57373,10,8,255,255,2783522742,4136229360,56,44,0,0,5405.886001,137.644625,1421927500,1421927500,68.706667,89.360711,0.05218,0.006709,0.045471,0,1,0,0,0,1,3,1,1,1,1,1,Reconnaissance,1
175.45.176.0,59561,149.171.126.17,111,udp,INT,6.00E-06,168,0,254,0,0,0,-,112000000,0,2,0,0,0,0,0,84,0,0,0,0,0,1421927504,1421927504,0.006,0,0,0,0,0,2,0,0,0,1,3,1,1,1,1,1,Reconnaissance,1
175.45.176.3,9731,149.171.126.13,111,tcp,FIN,0.626992,564,354,254,252,2,1,-,6481.741699,3955.393555,10,8,255,255,3414330802,1207037691,56,44,0,0,5423.718292,138.465109,1421927506,1421927506,69.209667,88.558289,0.053095,0.007063,0.046032,0,1,0,0,0,3,1,1,1,1,1,1,Reconnaissance,1
175.45.176.1,18687,149.171.126.17,111,udp,INT,1.10E-05,168,0,254,0,0,0,-,61090908,0,2,0,0,0,0,0,84,0,0,0,0,0,1421927509,1421927509,0.011,0,0,0,0,0,2,0,0,0,1,1,1,1,1,1,1,Reconnaissance,1
175.45.176.0,35710,149.171.126.14,111,udp,INT,1.00E-05,168,0,254,0,0,0,-,67200000,0,2,0,0,0,0,0,84,0,0,0,0,0,1421927516,1421927516,0.01,0,0,0,0,0,2,0,0,0,2,1,1,1,1,1,1,Reconnaissance,1
175.45.176.2,60530,149.171.126.15,111,udp,INT,1.10E-05,168,0,254,0,0,0,-,61090908,0,2,0,0,0,0,0,84,0,0,0,0,0,1421927518,1421927518,0.011,0,0,0,0,0,2,0,0,0,2,1,1,1,1,1,1,Reconnaissance,1
175.45.176.2,5989,149.171.126.11,111,udp,INT,1.00E-05,168,0,254,0,0,0,-,67200000,0,2,0,0,0,0,0,84,0,0,0,0,0,1421927520,1421927520,0.01,0,0,0,0,0,2,0,0,0,2,1,1,1,1,1,1,Reconnaissance,1
175.45.176.2,2314,149.171.126.18,161,udp,INT,4.00E-06,136,0,254,0,0,0,snmp,136000000,0,2,0,0,0,0,0,68,0,0,0,0,0,1421927531,1421927531,0.004,0,0,0,0,0,2,0,0,0,1,1,1,1,1,1,1,Reconnaissance,1
175.45.176.3,27024,149.171.126.17,111,tcp,FIN,0.642478,564,354,254,252,2,1,-,6325.508301,3860.054443,10,8,255,255,2265685933,2988368006,56,44,0,0,5333.420393,139.447594,1421927534,1421927535,69.370889,90.838,0.050677,0.006608,0.044069,0,1,0,0,0,1,1,1,1,1,1,1,Reconnaissance,1
175.45.176.0,44308,149.171.126.10,111,tcp,FIN,0.632062,564,354,254,252,2,1,-,6429.749023,3923.665527,10,8,255,255,2088500579,60006933,56,44,0,0,5365.610193,139.389469,1421927540,1421927541,69.569222,89.26557,0.051451,0.007192,0.044259,0,1,0,0,0,2,1,1,1,1,1,1,Reconnaissance,1
175.45.176.2,31158,149.171.126.19,111,udp,INT,7.00E-06,168,0,254,0,0,0,-,96000000,0,2,0,0,0,0,0,84,0,0,0,0,0,1421927547,1421927547,0.007,0,0,0,0,0,2,0,0,0,1,1,1,1,1,1,1,Reconnaissance,1
175.45.176.2,42171,149.171.126.15,111,udp,INT,1.00E-05,168,0,254,0,0,0,-,67200000,0,2,0,0,0,0,0,84,0,0,0,0,0,1421927555,1421927555,0.01,0,0,0,0,0,2,0,0,0,2,1,1,1,1,1,1,Reconnaissance,1
175.45.176.2,31831,149.171.126.10,111,tcp,FIN,0.632556,564,354,254,252,2,1,-,6424.727539,3920.601318,10,8,255,255,1144720868,3576817012,56,44,0,0,5426.035039,136.855844,1421927556,1421927557,68.723222,89.179711,0.052188,0.008288,0.0439,0,1,0,0,0,2,1,1,1,1,1,1,Reconnaissance,1
175.45.176.1,31757,149.171.126.13,111,udp,INT,4.00E-06,168,0,254,0,0,0,-,168000000,0,2,0,0,0,0,0,84,0,0,0,0,0,1421927560,1421927560,0.004,0,0,0,0,0,2,0,0,0,1,1,1,1,1,1,1,Reconnaissance,1
175.45.176.0,26184,149.171.126.14,111,tcp,FIN,0.633378,564,354,254,252,2,1,-,6416.38916,3915.513184,10,8,255,255,89666066,1521989224,56,44,0,0,5360.953067,137.776469,1421927563,1421927563,69.757,88.09,0.045145,0.016741,0.028404,0,1,0,0,0,2,2,1,1,1,1,1,Reconnaissance,1
175.45.176.0,64007,149.171.126.14,111,tcp,FIN,0.631752,564,354,254,252,2,1,-,6432.903809,3925.591064,10,8,255,255,3497795894,47074523,56,44,0,0,5466.105862,139.640719,1421927564,1421927565,69.691333,89.244289,0.051423,0.007038,0.044385,0,1,0,0,0,2,2,1,1,1,1,1,Reconnaissance,1
175.45.176.0,15237,149.171.126.14,111,tcp,FIN,0.644999,564,354,254,252,2,1,-,6300.784668,3844.967041,10,8,255,255,3824828806,120734111,56,44,0,0,5467.5722,140.045078,1421927570,1421927570,70.591111,91.106859,0.052728,0.007241,0.045487,0,1,0,0,0,2,1,1,1,1,1,1,Reconnaissance,1
175.45.176.3,43875,149.171.126.13,80,tcp,FIN,0.187733,958,268,254,252,2,1,http,36775.63281,9545.47168,10,6,255,255,1305046280,886028512,96,45,1,0,1031.183679,61.591641,1421927571,1421927571,19.299111,36.204199,0.052365,0.006708,0.045657,0,1,1,0,0,1,1,1,1,1,1,1,Reconnaissance,1
175.45.176.0,60990,149.171.126.11,111,udp,INT,1.00E-05,168,0,254,0,0,0,-,67200000,0,2,0,0,0,0,0,84,0,0,0,0,0,1421927580,1421927580,0.01,0,0,0,0,0,2,0,0,0,1,1,1,1,1,1,1,Reconnaissance,1
175.45.176.3,11635,149.171.126.14,111,udp,INT,1.10E-05,168,0,254,0,0,0,-,61090908,0,2,0,0,0,0,0,84,0,0,0,0,0,1421927582,1421927582,0.011,0,0,0,0,0,2,0,0,0,30,1,1,9,1,1,1,Reconnaissance,1
175.45.176.3,61445,149.171.126.10,111,tcp,FIN,0.62375,564,354,254,252,2,1,-,6515.431152,3975.952148,10,8,255,255,1720597327,2305292897,56,44,0,0,5409.046922,138.907203,1421927585,1421927585,69.305556,87.61257,0.050136,0.00605,0.044086,0,1,0,0,0,11,1,1,1,1,1,1,Reconnaissance,1
175.45.176.1,18566,149.171.126.10,111,udp,INT,1.00E-05,168,0,254,0,0,0,-,67200000,0,2,0,0,0,0,0,84,0,0,0,0,0,1421927590,1421927590,0.01,0,0,0,0,0,2,0,0,0,1,1,1,1,1,1,1,Reconnaissance,1
175.45.176.1,50882,149.171.126.17,80,tcp,FIN,0.190429,844,268,254,252,2,1,http,31927.91016,9410.331055,10,6,255,255,1249180911,1270801201,84,45,1,0,1002.430732,57.10757,1421927591,1421927591,18.951778,35.256199,0.057859,0.014138,0.043721,0,1,1,0,0,2,1,1,1,1,1,1,Reconnaissance,1
175.45.176.2,0,149.171.126.11,0,ospf,INT,0.518061,1040,0,254,0,0,0,-,15256.8916,0,20,0,0,0,0,0,52,0,0,0,31.164342,0,1421927596,1421927596,27.266369,0,0,0,0,0,2,0,0,0,3,2,2,2,2,2,2,Reconnaissance,1
175.45.176.2,0,149.171.126.11,0,ospf,INT,0.518061,1040,0,254,0,0,0,-,15256.8916,0,20,0,0,0,0,0,52,0,0,0,31.164342,0,1421927596,1421927596,27.266369,0,0,0,0,0,2,0,0,0,3,2,2,2,2,2,2,Reconnaissance,1
175.45.176.1,25542,149.171.126.18,80,tcp,FIN,0.405357,798,354,254,252,2,1,http,14189.96094,6118.063965,10,8,255,255,3856525400,646008943,80,44,1,0,3047.026563,100.083727,1421927606,1421927606,44.306667,50.50943,0.101196,0.051781,0.049415,0,1,1,0,0,1,1,1,1,1,1,1,Reconnaissance,1
175.45.176.3,63009,149.171.126.16,111,udp,INT,6.00E-06,168,0,254,0,0,0,-,112000000,0,2,0,0,0,0,0,84,0,0,0,0,0,1421927611,1421927611,0.006,0,0,0,0,0,2,0,0,0,3,1,1,1,1,1,1,Reconnaissance,1
175.45.176.3,14374,149.171.126.13,111,udp,INT,1.00E-05,168,0,254,0,0,0,-,67200000,0,2,0,0,0,0,0,84,0,0,0,0,0,1421927612,1421927612,0.01,0,0,0,0,0,2,0,0,0,3,1,1,1,1,1,1,Reconnaissance,1
175.45.176.3,29408,149.171.126.18,111,tcp,FIN,0.677349,564,354,254,252,2,1,-,5999.861328,3661.332764,10,8,255,255,1575276073,2951178826,56,44,0,0,5420.676822,134.766594,1421927619,1421927620,75.261,94.289289,0.031457,0.016702,0.014755,0,1,0,0,0,2,1,1,1,1,1,1,Reconnaissance,1
175.45.176.2,58757,149.171.126.16,111,tcp,FIN,0.695721,564,354,254,252,2,1,-,5841.422363,3564.647461,10,8,255,255,3127894595,2415115905,56,44,0,0,6048.40226,139.007438,1421927625,1421927626,76.272444,93.904289,0.086427,0.038381,0.048046,0,1,0,0,0,1,1,1,1,1,1,1,Reconnaissance,1
175.45.176.2,45650,149.171.126.16,111,udp,INT,1.00E-06,168,0,254,0,0,0,-,672000000,0,2,0,0,0,0,0,84,0,0,0,0,0,1421927629,1421927629,0.001,0,0,0,0,0,2,0,0,0,1,1,1,1,1,1,1,Reconnaissance,1
175.45.176.0,24891,149.171.126.15,111,udp,INT,5.00E-06,168,0,254,0,0,0,-,134400000,0,2,0,0,0,0,0,84,0,0,0,0,0,1421927632,1421927632,0.005,0,0,0,0,0,2,0,0,0,1,1,1,3,1,1,1,Reconnaissance,1
175.45.176.2,8900,149.171.126.13,111,udp,INT,8.00E-06,168,0,254,0,0,0,-,84000000,0,2,0,0,0,0,0,84,0,0,0,0,0,1421927635,1421927635,0.008,0,0,0,0,0,2,0,0,0,2,2,1,1,1,1,1,Reconnaissance,1
175.45.176.1,20295,149.171.126.19,111,udp,INT,9.00E-06,168,0,254,0,0,0,-,74666664,0,2,0,0,0,0,0,84,0,0,0,0,0,1421927636,1421927636,0.009,0,0,0,0,0,2,0,0,0,1,1,1,1,1,1,1,Reconnaissance,1
175.45.176.2,2939,149.171.126.18,111,udp,INT,4.00E-06,168,0,254,0,0,0,-,168000000,0,2,0,0,0,0,0,84,0,0,0,0,0,1421927641,1421927641,0.004,0,0,0,0,0,2,0,0,0,1,1,1,1,1,1,1,Reconnaissance,1
175.45.176.0,3188,149.171.126.14,111,tcp,FIN,0.713725,564,354,254,252,2,1,-,5694.070312,3474.727783,10,8,255,255,1705620849,2874245941,56,44,0,0,6121.529805,145.809031,1421927651,1421927652,77.186333,99.66557,0.029756,0.016063,0.013693,0,1,0,0,0,2,1,1,1,1,1,1,Reconnaissance,1
175.45.176.2,40737,149.171.126.11,80,tcp,FIN,0.179087,950,268,254,252,2,1,http,38193.72656,10006.30957,10,6,255,255,4143584678,3621555029,95,45,0,0,994.344196,59.811137,1421927652,1421927653,18.583556,34.573602,0.051986,0.006209,0.045777,0,1,0,0,0,1,2,1,1,1,1,1,Reconnaissance,1
175.45.176.0,21356,149.171.126.15,111,tcp,FIN,0.656862,564,354,254,252,2,1,-,6186.991699,3775.526611,10,8,255,255,3557992227,2311595523,56,44,0,0,5711.624396,144.743891,1421927654,1421927655,72.609778,92.871859,0.051834,0.006748,0.045086,0,1,0,0,0,2,1,1,1,1,1,1,Reconnaissance,1
175.45.176.1,51514,149.171.126.14,111,tcp,FIN,0.713281,564,354,254,252,2,1,-,5697.614258,3476.890625,10,8,255,255,951626624,3318271207,56,44,0,0,5637.972747,138.415703,1421927662,1421927662,75.401889,97.422859,0.052657,0.031311,0.021346,0,1,0,0,0,3,2,1,1,1,1,1,Reconnaissance,1
175.45.176.1,61055,149.171.126.11,111,udp,INT,1.10E-05,168,0,254,0,0,0,-,61090908,0,2,0,0,0,0,0,84,0,0,0,0,0,1421927663,1421927663,0.011,0,0,0,0,0,2,0,0,0,3,1,1,1,1,1,1,Reconnaissance,1
175.45.176.1,34756,149.171.126.11,111,udp,INT,1.10E-05,168,0,254,0,0,0,-,61090908,0,2,0,0,0,0,0,84,0,0,0,0,0,1421927667,1421927667,0.011,0,0,0,0,0,2,0,0,0,1,1,1,1,1,1,1,Reconnaissance,1
175.45.176.1,1334,149.171.126.18,111,udp,INT,1.00E-06,168,0,254,0,0,0,-,672000000,0,2,0,0,0,0,0,84,0,0,0,0,0,1421927673,1421927673,0.001,0,0,0,0,0,2,0,0,0,1,1,1,2,1,1,1,Reconnaissance,1
175.45.176.0,41065,149.171.126.14,111,udp,INT,8.00E-06,168,0,254,0,0,0,-,84000000,0,2,0,0,0,0,0,84,0,0,0,0,0,1421927677,1421927677,0.008,0,0,0,0,0,2,0,0,0,1,5,2,3,1,1,1,Reconnaissance,1
175.45.176.1,47162,149.171.126.12,80,tcp,FIN,1.467368,848,354,254,252,2,1,http,4165.280762,1690.100952,10,8,255,255,2127486900,3956740494,85,44,0,0,9889.481287,279.167219,1421927681,1421927683,160.915667,193.385281,0.253724,0.113661,0.140063,0,1,0,0,0,1,1,1,1,1,1,1,Reconnaissance,1
175.45.176.1,40657,149.171.126.13,80,tcp,FIN,0.777999,926,268,254,252,2,1,http,8575.84668,2303.344971,10,6,255,255,1288847395,3396690538,93,45,0,0,4393.199278,224.627328,1421927684,1421927685,83.095778,136.504,0.180558,0.095468,0.08509,0,1,0,0,0,2,1,1,1,1,1,1,Reconnaissance,1
175.45.176.3,26911,149.171.126.15,111,tcp,FIN,1.086739,564,354,254,252,2,1,-,3739.628662,2282.056885,10,8,255,255,3411478362,897938817,56,44,0,0,7885.048803,196.174625,1421927685,1421927686,120.651,144.882719,0.173412,0.072558,0.100854,0,1,0,0,0,4,1,1,2,1,1,1,Reconnaissance,1
175.45.176.2,44381,149.171.126.10,80,tcp,FIN,0.544761,1282,268,254,252,2,1,http,16946.88086,3289.515869,10,6,255,255,2560477079,1214634508,128,45,1,0,3011.273709,139.396953,1421927695,1421927696,58.176889,89.090203,0.157189,0.099303,0.057886,0,1,1,0,0,1,1,1,1,1,1,1,Worms,1
175.45.176.2,44413,149.171.126.16,111,tcp,FIN,0.798566,564,354,254,252,2,1,-,5089.122559,3105.566895,10,8,255,255,3822609346,2862589109,56,44,0,0,6576.103636,143.078141,1421927699,1421927700,88.631556,104.36243,0.124682,0.068024,0.056658,0,1,0,0,0,3,1,1,1,1,1,1,Reconnaissance,1
175.45.176.3,23183,149.171.126.12,111,tcp,FIN,0.812695,564,354,254,252,2,1,-,5000.645996,3051.575195,10,8,255,255,1067882221,1152918242,56,44,0,0,5874.310918,152.715219,1421927702,1421927703,90.299444,103.455289,0.142713,0.072782,0.069931,0,1,0,0,0,8,1,1,3,1,1,1,Reconnaissance,1
175.45.176.3,27076,149.171.126.18,111,udp,INT,1.10E-05,168,0,254,0,0,0,-,61090908,0,2,0,0,0,0,0,84,0,0,0,0,0,1421927706,1421927706,0.011,0,0,0,0,0,2,0,0,0,8,1,1,2,1,1,1,Reconnaissance,1
175.45.176.0,31645,149.171.126.12,111,udp,INT,8.00E-06,168,0,254,0,0,0,-,84000000,0,2,0,0,0,0,0,84,0,0,0,0,0,1421927707,1421927707,0.008,0,0,0,0,0,2,0,0,0,8,1,1,3,1,1,1,Reconnaissance,1
175.45.176.3,60298,149.171.126.19,111,tcp,FIN,0.799244,564,354,254,252,2,1,-,5084.805176,3102.932373,10,8,255,255,2062707701,3049194384,56,44,0,0,5734.656785,141.565016,1421927709,1421927710,84.512444,101.745,0.144078,0.087025,0.057053,0,1,0,0,0,1,1,1,1,1,1,1,Reconnaissance,1
175.45.176.1,18800,149.171.126.15,111,udp,INT,1.10E-05,168,0,254,0,0,0,-,61090908,0,2,0,0,0,0,0,84,0,0,0,0,0,1421927713,1421927713,0.011,0,0,0,0,0,2,0,0,0,1,1,2,2,1,1,2,Reconnaissance,1
175.45.176.1,49280,149.171.126.16,111,udp,INT,1.10E-05,168,0,254,0,0,0,-,61090908,0,2,0,0,0,0,0,84,0,0,0,0,0,1421927720,1421927720,0.011,0,0,0,0,0,2,0,0,0,1,1,1,1,1,1,1,Reconnaissance,1
175.45.176.0,64478,149.171.126.18,111,udp,INT,1.10E-05,168,0,254,0,0,0,-,61090908,0,2,0,0,0,0,0,84,0,0,0,0,0,1421927721,1421927721,0.011,0,0,0,0,0,2,0,0,0,1,1,1,1,1,1,1,Reconnaissance,1
175.45.176.2,13926,149.171.126.10,111,udp,INT,3.00E-06,168,0,254,0,0,0,-,224000000,0,2,0,0,0,0,0,84,0,0,0,0,0,1421927733,1421927733,0.003,0,0,0,0,0,2,0,0,0,1,1,1,1,1,1,1,Reconnaissance,1
175.45.176.1,19868,149.171.126.11,111,tcp,FIN,0.644512,564,354,254,252,2,1,-,6305.545898,3847.872559,10,8,255,255,150660572,2423068984,56,44,0,0,5509.075913,139.966547,1421927734,1421927735,70.844,90.42457,0.061813,0.011529,0.050284,0,1,0,0,0,1,1,1,1,1,1,1,Reconnaissance,1
175.45.176.0,48528,149.171.126.10,80,tcp,FIN,0.422008,960,354,254,252,2,1,http,16378.83594,5876.665527,10,8,255,255,4180137381,2441665216,96,44,1,0,3058.31678,115.115273,1421927735,1421927735,44.779667,55.436855,0.082616,0.033939,0.048677,0,1,1,0,0,1,1,1,1,1,1,1,Reconnaissance,1
175.45.176.1,19087,149.171.126.13,80,tcp,FIN,2.38404,1274,268,254,252,6,1,http,3969.731934,751.665222,14,6,255,255,3775905999,1223450228,91,45,1,0,18828.58855,941.014688,1421927737,1421927739,183.045534,474.796594,0.056272,0.010054,0.046218,0,1,1,0,0,1,1,1,2,1,1,1,Reconnaissance,1
175.45.176.0,24227,149.171.126.10,80,tcp,FIN,0.186401,924,268,254,252,2,1,http,35707.96484,9613.682617,10,6,255,255,3209726652,3655351821,92,45,1,0,1026.829832,61.679238,1421927739,1421927739,19.143111,35.797801,0.053101,0.007401,0.0457,0,1,1,0,0,2,1,1,1,1,1,1,Reconnaissance,1
175.45.176.3,7934,149.171.126.19,111,udp,INT,1.10E-05,168,0,254,0,0,0,-,61090908,0,2,0,0,0,0,0,84,0,0,0,0,0,1421927749,1421927749,0.011,0,0,0,0,0,2,0,0,0,1,1,2,1,1,1,1,Reconnaissance,1
175.45.176.1,3139,149.171.126.17,111,tcp,FIN,0.68787,564,354,254,252,2,1,-,5908.092773,3605.332275,10,8,255,255,452555105,4211865375,56,44,0,0,5954.62226,139.248359,1421927748,1421927749,75.307556,93.816,0.089154,0.031147,0.058007,0,1,0,0,0,1,1,1,1,1,1,1,Reconnaissance,1
175.45.176.3,29354,149.171.126.14,111,udp,INT,5.00E-06,168,0,254,0,0,0,-,134400000,0,2,0,0,0,0,0,84,0,0,0,0,0,1421927756,1421927756,0.005,0,0,0,0,0,2,0,0,0,1,1,1,1,1,1,1,Reconnaissance,1
175.45.176.1,44504,149.171.126.16,111,tcp,FIN,0.832118,564,354,254,252,2,1,-,4883.922852,2980.34668,10,8,255,255,4044649734,1443294014,56,44,0,0,5858.849705,150.631328,1421927766,1421927766,89.396889,110.9,0.084751,0.055807,0.028944,0,1,0,0,0,1,2,1,1,1,1,1,Reconnaissance,1
175.45.176.3,36320,149.171.126.14,111,tcp,FIN,0.856638,564,354,254,252,2,1,-,4744.127441,2895.038574,10,8,255,255,1366010963,2199765561,56,44,0,0,6813.523742,170.495969,1421927765,1421927766,93.090222,118.169289,0.059326,0.029442,0.029884,0,1,0,0,0,1,1,1,1,1,1,1,Reconnaissance,1
175.45.176.0,18158,149.171.126.16,111,tcp,FIN,0.83574,564,354,254,252,2,1,-,4862.756348,2967.430176,10,8,255,255,333519427,82611587,56,44,0,0,6214.483185,151.574672,1421927768,1421927768,88.222556,112.99043,0.080296,0.044803,0.035493,0,1,0,0,0,1,2,1,1,1,1,1,Reconnaissance,1
175.45.176.0,26417,149.171.126.15,111,udp,INT,1.00E-05,168,0,254,0,0,0,-,67200000,0,2,0,0,0,0,0,84,0,0,0,0,0,1421927779,1421927779,0.01,0,0,0,0,0,2,0,0,0,5,1,1,3,1,1,1,Reconnaissance,1
175.45.176.3,17069,149.171.126.17,111,udp,INT,1.10E-05,168,0,254,0,0,0,-,61090908,0,2,0,0,0,0,0,84,0,0,0,0,0,1421927783,1421927783,0.011,0,0,0,0,0,2,0,0,0,1,1,1,2,1,1,1,Reconnaissance,1
175.45.176.3,35334,149.171.126.12,80,tcp,FIN,0.860183,816,354,254,252,2,1,http,6835.754883,2883.107422,10,8,255,255,1833545478,1290747516,82,44,0,0,5924.968061,153.360484,1421927784,1421927785,87.220444,114.047859,0.128295,0.061844,0.066451,0,1,0,0,0,1,1,2,1,1,1,1,Reconnaissance,1
175.45.176.1,29092,149.171.126.15,80,tcp,FIN,3.99375,2416,308476,254,252,2,116,http,4739.405273,615299.375,48,236,255,255,2507864534,1188416310,50,1307,0,0,4002.976879,1923.690198,1421927786,1421927790,84.973407,16.561085,0.217738,0.101218,0.11652,0,1,0,0,0,1,2,1,1,1,1,1,Worms,1
175.45.176.1,41998,149.171.126.15,111,udp,INT,1.10E-05,168,0,254,0,0,0,-,61090908,0,2,0,0,0,0,0,84,0,0,0,0,0,1421927791,1421927791,0.011,0,0,0,0,0,2,0,0,0,1,1,1,1,1,1,1,Reconnaissance,1
175.45.176.3,20031,149.171.126.11,111,udp,INT,1.10E-05,168,0,254,0,0,0,-,61090908,0,2,0,0,0,0,0,84,0,0,0,0,0,1421927799,1421927799,0.011,0,0,0,0,0,2,0,0,0,1,2,1,1,1,1,1,Reconnaissance,1
175.45.176.1,37761,149.171.126.11,111,udp,INT,4.00E-06,168,0,254,0,0,0,-,168000000,0,2,0,0,0,0,0,84,0,0,0,0,0,1421927800,1421927800,0.004,0,0,0,0,0,2,0,0,0,1,2,1,1,1,1,1,Reconnaissance,1
175.45.176.2,15116,149.171.126.10,80,tcp,FIN,0.666889,904,268,254,252,2,1,http,9764.743164,2687.10376,10,6,255,255,557140385,319076393,90,45,0,0,3816.462944,194.011859,1421927802,1421927803,74.098778,119.432,0.150007,0.069094,0.080913,0,1,0,0,0,2,1,1,3,1,1,1,Reconnaissance,1
175.45.176.1,56863,149.171.126.10,161,udp,INT,7.00E-06,138,0,254,0,0,0,snmp,78857144,0,2,0,0,0,0,0,69,0,0,0,0,0,1421927804,1421927804,0.007,0,0,0,0,0,2,0,0,0,1,1,1,1,1,1,1,Reconnaissance,1
175.45.176.2,24131,149.171.126.18,111,udp,INT,7.00E-06,168,0,254,0,0,0,-,96000000,0,2,0,0,0,0,0,84,0,0,0,0,0,1421927805,1421927805,0.007,0,0,0,0,0,2,0,0,0,7,4,2,2,1,1,1,Reconnaissance,1
175.45.176.3,40551,149.171.126.15,111,udp,INT,7.00E-06,168,0,254,0,0,0,-,96000000,0,2,0,0,0,0,0,84,0,0,0,0,0,1421927806,1421927806,0.007,0,0,0,0,0,2,0,0,0,1,1,1,1,1,1,1,Reconnaissance,1
175.45.176.2,37614,149.171.126.14,80,tcp,FIN,3.360678,1310,268,254,252,6,1,http,2897.034424,533.225769,14,6,255,255,4291252155,78480172,94,45,1,0,17071.97553,1242.44,1421927804,1421927807,258.441606,654.91,0.189164,0.086122,0.103042,0,1,1,0,0,2,1,1,2,1,1,1,Reconnaissance,1
175.45.176.2,14747,149.171.126.18,80,tcp,FIN,0.893855,788,268,254,252,2,1,http,6354.498535,2004.799438,10,6,255,255,1983586005,3762629949,79,45,0,0,5029.063244,257.337281,1421927809,1421927810,95.859667,156.838797,0.199476,0.109655,0.089821,0,1,0,0,0,2,1,1,1,1,1,1,Reconnaissance,1
175.45.176.1,22091,149.171.126.19,111,udp,INT,5.00E-06,168,0,254,0,0,0,-,134400000,0,2,0,0,0,0,0,84,0,0,0,0,0,1421927811,1421927811,0.005,0,0,0,0,0,2,0,0,0,1,1,1,1,1,1,1,Reconnaissance,1
175.45.176.0,3014,149.171.126.13,80,tcp,FIN,1.033314,838,354,254,252,2,1,http,5845.270508,2400.044922,10,8,255,255,4152063969,1574199977,84,44,0,0,7438.731432,193.082562,1421927813,1421927814,114.703778,134.255719,0.154136,0.093512,0.060624,0,1,0,0,0,1,1,2,2,1,1,1,Reconnaissance,1
175.45.176.1,31175,149.171.126.11,111,udp,INT,1.40E-05,168,0,254,0,0,0,-,48000000,0,2,0,0,0,0,0,84,0,0,0,0,0,1421927815,1421927815,0.014,0,0,0,0,0,2,0,0,0,2,1,1,2,1,1,1,Reconnaissance,1
175.45.176.2,15210,149.171.126.11,80,tcp,FIN,0.642515,864,268,254,252,2,1,http,9686.933594,2789.040039,10,6,255,255,1222974892,895333635,86,45,0,0,3670.6894,180.123172,1421927819,1421927820,71.300667,112.798203,0.174679,0.078519,0.09616,0,1,0,0,0,1,1,1,2,1,1,1,Reconnaissance,1
175.45.176.2,32870,149.171.126.16,111,tcp,FIN,0.991992,564,354,254,252,2,1,-,4096.807129,2500.020264,10,8,255,255,45097038,3201780888,56,44,0,0,6704.351196,172.429703,1421927820,1421927821,107.939778,121.019,0.24524,0.144858,0.100382,0,1,0,0,0,6,1,1,2,1,1,1,Reconnaissance,1
175.45.176.0,4618,149.171.126.17,80,tcp,FIN,0.560773,1306,268,254,252,2,1,http,16776.8418,3195.588867,10,6,255,255,488399530,924960196,131,45,1,0,3096.431149,153.794734,1421927822,1421927823,62.216222,94.112602,0.146868,0.090199,0.056669,0,1,1,0,0,1,1,1,2,1,1,1,Worms,1
175.45.176.1,62117,149.171.126.11,111,tcp,FIN,1.530954,564,354,254,252,2,1,-,2654.553955,1619.905029,10,8,255,255,3091388738,389656477,56,44,0,0,9497.841133,315.456313,1421927829,1421927830,170.006556,203.070719,0.222243,0.109449,0.112794,0,1,0,0,0,1,1,1,1,1,1,1,Reconnaissance,1
175.45.176.0,14593,149.171.126.15,80,tcp,FIN,1.061943,868,354,254,252,2,1,http,5891.087891,2335.341797,10,8,255,255,65172932,2645618334,87,44,1,0,6342.566,229.968422,1421927837,1421927838,117.993667,137.285719,0.199776,0.100128,0.099648,0,1,1,0,0,3,3,1,2,1,1,1,Reconnaissance,1
175.45.176.1,51985,149.171.126.16,111,tcp,FIN,1.032145,564,354,254,252,2,1,-,3937.431152,2402.763184,10,8,255,255,2906361447,3650519005,56,44,0,0,7516.46466,187.136562,1421927842,1421927843,111.569556,130.889141,0.229722,0.11591,0.113812,0,1,0,0,0,3,1,1,2,1,1,1,Reconnaissance,1
175.45.176.2,10687,149.171.126.14,111,udp,INT,1.10E-05,168,0,254,0,0,0,-,61090908,0,2,0,0,0,0,0,84,0,0,0,0,0,1421927844,1421927844,0.011,0,0,0,0,0,2,0,0,0,3,3,1,2,1,1,1,Reconnaissance,1
175.45.176.2,52267,149.171.126.19,111,tcp,FIN,1.21222,564,354,254,252,2,1,-,3352.526855,2045.833374,10,8,255,255,2751795421,2047370777,56,44,0,0,8978.829631,225.254078,1421927845,1421927846,134.691111,156.142422,0.216247,0.118582,0.097665,0,1,0,0,0,6,1,1,3,1,1,1,Reconnaissance,1
175.45.176.0,16897,149.171.126.10,111,udp,INT,4.00E-06,168,0,254,0,0,0,-,168000000,0,2,0,0,0,0,0,84,0,0,0,0,0,1421927850,1421927850,0.004,0,0,0,0,0,2,0,0,0,4,2,1,2,1,1,1,Reconnaissance,1
175.45.176.2,65089,149.171.126.10,111,udp,INT,1.10E-05,168,0,254,0,0,0,-,61090908,0,2,0,0,0,0,0,84,0,0,0,0,0,1421927852,1421927852,0.011,0,0,0,0,0,2,0,0,0,3,2,1,2,1,1,1,Reconnaissance,1
175.45.176.0,19697,149.171.126.18,111,udp,INT,1.10E-05,168,0,254,0,0,0,-,61090908,0,2,0,0,0,0,0,84,0,0,0,0,0,1421927857,1421927857,0.011,0,0,0,0,0,2,0,0,0,5,1,1,2,1,1,1,Reconnaissance,1
175.45.176.2,39596,149.171.126.12,111,udp,INT,5.00E-06,168,0,254,0,0,0,-,134400000,0,2,0,0,0,0,0,84,0,0,0,0,0,1421927863,1421927863,0.005,0,0,0,0,0,2,0,0,0,6,5,1,2,1,1,1,Reconnaissance,1
175.45.176.3,14272,149.171.126.19,111,tcp,FIN,1.5739,564,354,254,252,2,1,-,2582.12085,1575.703735,10,8,255,255,195428648,2893312952,56,44,0,0,11825.69778,298.039188,1421927867,1421927868,168.045333,207.381719,0.205121,0.122224,0.082897,0,1,0,0,0,3,1,1,1,1,1,1,Reconnaissance,1
175.45.176.0,47170,149.171.126.15,111,tcp,FIN,1.227107,564,354,254,252,2,1,-,3311.854492,2021.01355,10,8,255,255,3913109601,3652503038,56,44,0,0,8694.451289,202.628062,1421927887,1421927888,130.927,160.233281,0.228337,0.105466,0.122871,0,1,0,0,0,2,1,1,1,1,1,1,Reconnaissance,1
175.45.176.0,8652,149.171.126.13,111,tcp,FIN,1.492556,564,354,254,252,2,1,-,2722.845947,1661.579224,10,8,255,255,3460471053,1148911944,56,44,0,0,9202.804682,326.615781,1421927889,1421927891,165.827,192.222422,0.243147,0.146989,0.096158,0,1,0,0,0,1,5,2,1,1,1,1,Reconnaissance,1
175.45.176.2,31950,149.171.126.18,111,tcp,FIN,1.815937,564,354,254,252,2,1,-,2237.963135,1365.686157,10,8,255,255,2300006528,1816268790,56,44,0,0,11698.46023,406.474344,1421927896,1421927898,199.346222,241.719719,0.247344,0.123892,0.123452,0,1,0,0,0,4,1,1,2,1,1,1,Reconnaissance,1
175.45.176.3,25553,149.171.126.10,111,tcp,FIN,1.349977,564,354,254,252,2,1,-,3010.421631,1837.068359,10,8,255,255,1218030114,548857903,56,44,0,0,10336.18745,257.067547,1421927899,1421927900,144.830333,179.625,0.171416,0.092591,0.078825,0,1,0,0,0,1,1,1,1,1,1,1,Reconnaissance,1
175.45.176.1,34688,149.171.126.15,111,udp,INT,7.00E-06,168,0,254,0,0,0,-,96000000,0,2,0,0,0,0,0,84,0,0,0,0,0,1421927901,1421927901,0.007,0,0,0,0,0,2,0,0,0,6,1,1,3,1,1,1,Reconnaissance,1
175.45.176.2,36826,149.171.126.10,111,tcp,FIN,2.525441,564,354,254,252,2,1,-,1609.223877,982.006714,10,8,255,255,506130066,3195494596,56,44,0,0,17010.39149,575.19725,1421927902,1421927905,280.587333,346.787719,0.191444,0.097926,0.093518,0,1,0,0,0,5,1,1,1,1,1,1,Reconnaissance,1
175.45.176.0,51272,149.171.126.13,80,tcp,FIN,1.787302,838,354,254,252,2,1,http,3379.395264,1387.566284,10,8,255,255,1408676653,4034315322,84,44,0,0,11682.82367,389.212031,1421927903,1421927905,192.702444,244.183281,0.16647,0.078009,0.088461,0,1,0,0,0,1,1,1,1,1,1,1,Reconnaissance,1
175.45.176.2,11052,149.171.126.17,111,tcp,FIN,1.181085,564,354,254,252,2,1,-,3440.904053,2099.76416,10,8,255,255,1260609831,58776956,56,44,0,0,8081.537005,216.126984,1421927910,1421927911,128.767222,155.956422,0.169727,0.089384,0.080343,0,1,0,0,0,4,1,1,2,1,1,1,Reconnaissance,1
175.45.176.1,53218,149.171.126.17,111,udp,INT,7.00E-06,168,0,254,0,0,0,-,96000000,0,2,0,0,0,0,0,84,0,0,0,0,0,1421927915,1421927915,0.007,0,0,0,0,0,2,0,0,0,9,1,1,1,1,1,1,Reconnaissance,1
175.45.176.2,56889,149.171.126.14,111,udp,INT,2.00E-06,168,0,254,0,0,0,-,336000000,0,2,0,0,0,0,0,84,0,0,0,0,0,1421927915,1421927915,0.002,0,0,0,0,0,2,0,0,0,4,5,1,2,1,1,1,Reconnaissance,1
175.45.176.3,5024,149.171.126.14,111,tcp,FIN,1.698183,564,354,254,252,2,1,-,2393.14624,1460.384521,10,8,255,255,2466189150,844471900,56,44,0,0,11494.01137,319.255875,1421927919,1421927921,188.575111,220.781859,0.238048,0.152702,0.085346,0,1,0,0,0,3,2,1,1,1,1,1,Reconnaissance,1
175.45.176.1,62248,149.171.126.18,111,udp,INT,7.00E-06,168,0,254,0,0,0,-,96000000,0,2,0,0,0,0,0,84,0,0,0,0,0,1421927926,1421927926,0.007,0,0,0,0,0,2,0,0,0,8,3,2,2,1,1,2,Reconnaissance,1
175.45.176.0,30022,149.171.126.15,111,udp,INT,1.00E-05,168,0,254,0,0,0,-,67200000,0,2,0,0,0,0,0,84,0,0,0,0,0,1421927926,1421927926,0.01,0,0,0,0,0,2,0,0,0,1,1,1,2,1,1,1,Reconnaissance,1
175.45.176.3,1763,149.171.126.18,111,udp,INT,3.00E-06,168,0,254,0,0,0,-,224000000,0,2,0,0,0,0,0,84,0,0,0,0,0,1421927930,1421927930,0.003,0,0,0,0,0,2,0,0,0,3,2,2,2,1,1,1,Reconnaissance,1
175.45.176.1,7174,149.171.126.14,80,tcp,FIN,1.226526,914,354,254,252,2,1,http,5368.006836,2021.970947,10,8,255,255,2784540421,1595891660,91,44,1,0,7302.031588,208.549859,1421927935,1421927936,128.037444,147.163719,0.262402,0.19637,0.066032,0,1,1,0,0,1,1,1,3,1,1,1,Reconnaissance,1
175.45.176.0,22972,149.171.126.14,111,udp,INT,1.00E-05,168,0,254,0,0,0,-,67200000,0,2,0,0,0,0,0,84,0,0,0,0,0,1421927937,1421927937,0.01,0,0,0,0,0,2,0,0,0,1,3,2,1,1,1,1,Reconnaissance,1
175.45.176.2,52436,149.171.126.10,111,udp,INT,1.30E-05,168,0,254,0,0,0,-,51692308,0,2,0,0,0,0,0,84,0,0,0,0,0,1421927942,1421927942,0.013,0,0,0,0,0,2,0,0,0,2,1,1,1,1,1,1,Reconnaissance,1
175.45.176.0,14903,149.171.126.10,111,udp,INT,1.90E-05,168,0,254,0,0,0,-,35368424,0,2,0,0,0,0,0,84,0,0,0,0,0,1421927966,1421927966,0.019,0,0,0,0,0,2,0,0,0,4,1,1,2,1,1,1,Reconnaissance,1
175.45.176.0,6678,149.171.126.16,111,tcp,FIN,1.565766,564,354,254,252,2,1,-,2595.534668,1583.889282,10,8,255,255,1669824183,2837633867,56,44,0,0,11596.97747,276.354594,1421927966,1421927968,168.188778,208.237719,0.224998,0.108101,0.116897,0,1,0,0,0,5,1,1,3,2,1,1,Reconnaissance,1
175.45.176.0,41730,149.171.126.14,111,tcp,FIN,2.103055,564,354,254,252,2,1,-,1932.42688,1179.236816,10,8,255,255,3341531562,2597089942,56,44,0,0,16109.11204,423.073906,1421927966,1421927968,233.655111,283.330281,0.256594,0.119739,0.136855,0,1,0,0,0,5,4,2,3,2,1,1,Reconnaissance,1
175.45.176.0,39186,149.171.126.15,111,udp,INT,8.00E-06,168,0,254,0,0,0,-,84000000,0,2,0,0,0,0,0,84,0,0,0,0,0,1421927969,1421927969,0.008,0,0,0,0,0,2,0,0,0,5,3,2,2,1,1,2,Reconnaissance,1
175.45.176.1,16020,149.171.126.13,111,udp,INT,1.10E-05,168,0,254,0,0,0,-,61090908,0,2,0,0,0,0,0,84,0,0,0,0,0,1421927970,1421927970,0.011,0,0,0,0,0,2,0,0,0,6,4,1,2,1,1,1,Reconnaissance,1
175.45.176.2,23556,149.171.126.19,80,tcp,FIN,1.041488,792,354,254,252,2,1,http,5476.779297,2381.208252,10,8,255,255,1433290330,2786299192,79,44,0,0,6163.245842,263.25375,1421927971,1421927972,115.669333,138.951719,0.203265,0.068823,0.134442,0,1,0,0,0,1,1,1,1,1,1,1,Reconnaissance,1
175.45.176.3,48704,149.171.126.17,111,tcp,FIN,1.83065,564,354,254,252,2,1,-,2219.976562,1354.710083,10,8,255,255,2609306449,3436515439,56,44,0,0,13475.43356,350.339406,1421927972,1421927974,199.365889,245.730859,0.213331,0.110533,0.102798,0,1,0,0,0,2,1,1,2,1,1,1,Reconnaissance,1
175.45.176.2,40110,149.171.126.19,80,tcp,FIN,0.869131,848,268,254,252,2,1,http,7032.311523,2061.82959,10,6,255,255,3264975976,3838407005,85,45,0,0,4620.458737,197.495953,1421927976,1421927977,83.848667,147.516594,0.215228,0.131541,0.083687,0,1,0,0,0,1,1,1,2,1,1,1,Reconnaissance,1
175.45.176.2,2665,149.171.126.16,111,tcp,FIN,1.99683,564,354,254,252,2,1,-,2035.22583,1241.968506,10,8,255,255,965611477,3314699695,56,44,0,0,15853.70759,424.173125,1421927976,1421927978,221.761111,270.976156,0.231242,0.099991,0.131251,0,1,0,0,0,3,1,1,1,1,1,1,Reconnaissance,1
175.45.176.1,21879,149.171.126.15,80,tcp,FIN,1.083331,828,354,254,252,2,1,http,5508.935059,2289.23584,10,8,255,255,1855843892,1109017944,83,44,1,0,6130.287224,234.720734,1421927978,1421927979,113.783556,134.064281,0.249808,0.144876,0.104932,0,1,1,0,0,3,2,1,1,1,1,1,Reconnaissance,1
175.45.176.3,64178,149.171.126.15,111,tcp,FIN,3.711353,564,354,254,252,2,1,-,1095.018433,668.21991,10,8,255,255,5067399,2090996575,56,44,0,0,28078.5826,807.534937,1421927987,1421927991,409.481222,511.871,0.193062,0.128246,0.064816,0,1,0,0,0,2,2,1,1,1,1,1,Reconnaissance,1
175.45.176.3,59717,149.171.126.15,111,tcp,FIN,1.245124,564,354,254,252,2,1,-,3263.931885,1991.769531,10,8,255,255,696933148,3740469817,56,44,0,0,8329.943416,219.588156,1421927999,1421928001,138.235333,161.642281,0.229609,0.113622,0.115987,0,1,0,0,0,2,2,1,2,1,1,1,Reconnaissance,1
175.45.176.1,40281,149.171.126.10,53,udp,INT,2.30E-05,188,0,254,0,0,0,dns,32695652,0,2,0,0,0,0,0,94,0,0,0,0,0,1421928011,1421928011,0.023,0,0,0,0,0,2,0,0,0,1,1,1,1,1,1,1,Reconnaissance,1
175.45.176.2,53480,149.171.126.13,111,udp,INT,1.10E-05,168,0,254,0,0,0,-,61090908,0,2,0,0,0,0,0,84,0,0,0,0,0,1421928017,1421928017,0.011,0,0,0,0,0,2,0,0,0,5,4,1,1,1,1,1,Reconnaissance,1
175.45.176.1,47378,149.171.126.10,80,tcp,FIN,0.906046,852,268,254,252,2,1,http,6772.283203,1977.824585,10,6,255,255,3410357284,3860191751,85,45,0,0,5010.752754,250.600719,1421928025,1421928026,96.893,155.021203,0.211531,0.130939,0.080592,0,1,0,0,0,2,1,1,1,1,1,1,Reconnaissance,1
175.45.176.1,44474,149.171.126.17,111,udp,INT,7.00E-06,168,0,254,0,0,0,-,96000000,0,2,0,0,0,0,0,84,0,0,0,0,0,1421928027,1421928027,0.007,0,0,0,0,0,2,0,0,0,4,2,1,3,1,1,1,Reconnaissance,1
175.45.176.2,60783,149.171.126.14,111,tcp,FIN,1.615198,564,354,254,252,2,1,-,2516.100098,1535.415405,10,8,255,255,3907428361,3506974515,56,44,0,0,11645.24973,283.646531,1421928027,1421928028,164.852333,210.684281,0.238667,0.140398,0.098269,0,1,0,0,0,4,1,1,2,1,1,1,Reconnaissance,1
175.45.176.2,33436,149.171.126.17,111,udp,INT,1.10E-05,168,0,254,0,0,0,-,61090908,0,2,0,0,0,0,0,84,0,0,0,0,0,1421928030,1421928030,0.011,0,0,0,0,0,2,0,0,0,4,1,1,2,1,1,1,Reconnaissance,1
175.45.176.3,43613,149.171.126.11,80,tcp,FIN,1.549111,948,354,254,252,2,1,http,4410.271484,1600.918213,10,8,255,255,2048280654,889791510,95,44,0,0,10345.84844,426.111281,1421928030,1421928032,166.087444,208.574141,0.166283,0.089082,0.077201,0,1,0,0,0,2,2,2,2,2,1,1,Reconnaissance,1
175.45.176.2,42355,149.171.126.19,80,tcp,FIN,0.811336,834,268,254,252,2,1,http,7405.070312,2208.702637,10,6,255,255,285342729,2427714914,83,45,1,0,4617.035549,212.608984,1421928032,1421928033,86.364111,143.386797,0.167833,0.094398,0.073435,0,1,1,0,0,1,1,1,2,1,1,1,Reconnaissance,1
175.45.176.2,57891,149.171.126.11,111,udp,INT,2.10E-05,168,0,254,0,0,0,-,32000000,0,2,0,0,0,0,0,84,0,0,0,0,0,1421928036,1421928036,0.021,0,0,0,0,0,2,0,0,0,6,2,1,3,1,1,1,Reconnaissance,1
175.45.176.0,5914,149.171.126.19,111,tcp,FIN,1.52701,564,354,254,252,2,1,-,2661.410156,1624.088989,10,8,255,255,492760860,3416982786,56,44,0,0,10942.92851,272.706594,1421928036,1421928037,160.347556,203.743719,0.175582,0.100793,0.074789,0,1,0,0,0,2,1,1,2,1,1,1,Reconnaissance,1
175.45.176.1,26958,149.171.126.18,111,udp,INT,7.00E-06,168,0,254,0,0,0,-,96000000,0,2,0,0,0,0,0,84,0,0,0,0,0,1421928041,1421928041,0.007,0,0,0,0,0,2,0,0,0,3,2,2,3,1,1,2,Reconnaissance,1
175.45.176.3,51983,149.171.126.13,111,tcp,FIN,1.715692,564,354,254,252,2,1,-,2368.723389,1445.480835,10,8,255,255,4141319672,2198090255,56,44,0,0,10714.7933,390.441156,1421928040,1421928042,190.602333,223.934,0.226389,0.148144,0.078245,0,1,0,0,0,1,4,2,2,1,1,1,Reconnaissance,1
175.45.176.0,43586,149.171.126.16,111,udp,INT,1.10E-05,168,0,254,0,0,0,-,61090908,0,2,0,0,0,0,0,84,0,0,0,0,0,1421928047,1421928047,0.011,0,0,0,0,0,2,0,0,0,2,1,1,1,1,1,1,Reconnaissance,1
175.45.176.0,34051,149.171.126.12,80,tcp,FIN,0.706535,1396,268,254,252,2,1,http,14232.84082,2536.321777,10,6,255,255,3921274333,13198157,140,45,1,0,3954.355176,189.365969,1421928048,1421928049,75.782,121.702203,0.254239,0.098017,0.156222,0,1,1,0,0,1,1,1,1,1,1,1,Reconnaissance,1
175.45.176.0,39152,149.171.126.10,80,tcp,FIN,1.14148,884,354,254,252,2,1,http,5578.722656,2172.618164,10,8,255,255,3448746976,296403492,88,44,0,0,6373.813362,304.045906,1421928057,1421928058,121.859778,150.073422,0.275212,0.090955,0.184257,0,1,0,0,0,1,1,1,2,1,1,1,Reconnaissance,1
175.45.176.2,63237,149.171.126.12,80,tcp,FIN,1.428784,1292,354,254,252,2,1,http,6511.831055,1735.741699,10,8,255,255,3437754332,294354518,129,44,1,0,8772.672668,338.968969,1421928061,1421928062,154.344444,188.606422,0.216481,0.108536,0.107945,0,1,1,0,0,2,1,1,1,1,1,1,Worms,1
175.45.176.3,15917,149.171.126.10,111,tcp,FIN,1.989392,564,354,254,252,2,1,-,2042.835205,1246.612061,10,8,255,255,2272800631,908328501,56,44,0,0,12835.48075,402.651719,1421928064,1421928066,221.043556,266.435719,0.221664,0.123546,0.098118,0,1,0,0,0,1,1,1,2,1,1,1,Reconnaissance,1
175.45.176.3,63554,149.171.126.13,111,tcp,FIN,1.389575,564,354,254,252,2,1,-,2924.635254,1784.718384,10,8,255,255,2787011360,3298039461,56,44,0,0,9380.141642,256.713594,1421928068,1421928069,154.299,182.594578,0.20403,0.111406,0.092624,0,1,0,0,0,1,4,3,1,1,1,1,Reconnaissance,1
175.45.176.2,60505,149.171.126.15,111,tcp,FIN,1.333226,564,354,254,252,2,1,-,3048.245361,1860.14978,10,8,255,255,1490118957,1399216276,56,44,0,0,8272.899844,319.007469,1421928068,1421928070,141.544333,174.474422,0.168935,0.111898,0.057037,0,1,0,0,0,3,3,2,2,1,1,1,Reconnaissance,1
175.45.176.3,29577,149.171.126.18,80,tcp,FIN,1.20199,784,354,254,252,2,1,http,4698.874512,2063.245117,10,8,255,255,3987598605,4238919680,78,44,0,0,7668.651479,240.931734,1421928073,1421928074,133.538889,156.244859,0.208029,0.108269,0.09976,0,1,0,0,0,2,1,1,2,2,1,1,Reconnaissance,1
175.45.176.3,23759,149.171.126.13,80,tcp,FIN,1.878827,858,354,254,252,2,1,http,3291.415283,1319.972534,10,8,255,255,2075801274,1130826141,86,44,1,0,14426.09091,358.128031,1421928073,1421928074,203.122667,256.158422,0.177033,0.08571,0.091323,0,1,1,0,0,2,1,2,2,2,1,1,Reconnaissance,1
175.45.176.2,5335,149.171.126.11,111,tcp,FIN,1.973179,564,354,254,252,2,1,-,2059.620605,1256.855103,10,8,255,255,2905041579,1163140980,56,44,0,0,12624.46457,434.710438,1421928073,1421928075,219.242111,268.973437,0.225515,0.089553,0.135962,0,1,0,0,0,4,2,1,1,1,1,1,Reconnaissance,1
175.45.176.0,37537,149.171.126.17,111,tcp,FIN,1.813606,564,354,254,252,2,1,-,2240.8396,1367.441406,10,8,255,255,1965971370,3925492789,56,44,0,0,12953.67393,348.624,1421928090,1421928091,192.830778,246.556281,0.190103,0.08771,0.102393,0,1,0,0,0,2,5,2,1,1,1,1,Reconnaissance,1
175.45.176.2,6023,149.171.126.12,111,tcp,FIN,1.626013,564,354,254,252,2,1,-,2499.36499,1525.203003,10,8,255,255,1090637953,1990754900,56,44,0,0,10142.66988,312.340875,1421928094,1421928095,180.563111,206.780141,0.29256,0.178545,0.114015,0,1,0,0,0,1,1,1,1,1,1,1,Reconnaissance,1
175.45.176.2,34828,149.171.126.13,111,tcp,FIN,1.859959,564,354,254,252,2,1,-,2184.994385,1333.362671,10,8,255,255,3632755212,1012459357,56,44,0,0,10996.96914,397.991906,1421928100,1421928102,206.644111,250.286,0.298466,0.107953,0.190513,0,1,0,0,0,3,3,1,1,1,1,1,Reconnaissance,1
175.45.176.3,60944,149.171.126.10,111,udp,INT,7.00E-06,168,0,254,0,0,0,-,96000000,0,2,0,0,0,0,0,84,0,0,0,0,0,1421928105,1421928105,0.007,0,0,0,0,0,2,0,0,0,3,1,1,2,1,1,1,Reconnaissance,1
175.45.176.0,35947,149.171.126.11,111,tcp,FIN,1.443078,564,354,254,252,2,1,-,2816.202393,1718.548828,10,8,255,255,2662735960,1010393182,56,44,0,0,10749.34751,269.200531,1421928104,1421928106,156.775,192.226422,0.258986,0.097492,0.161494,0,1,0,0,0,3,2,2,2,1,1,1,Reconnaissance,1
175.45.176.0,19584,149.171.126.11,111,udp,INT,7.00E-06,168,0,254,0,0,0,-,96000000,0,2,0,0,0,0,0,84,0,0,0,0,0,1421928117,1421928117,0.007,0,0,0,0,0,2,0,0,0,3,2,1,1,1,1,1,Reconnaissance,1
175.45.176.2,40249,149.171.126.12,111,udp,INT,3.00E-06,168,0,254,0,0,0,-,224000000,0,2,0,0,0,0,0,84,0,0,0,0,0,1421928119,1421928119,0.003,0,0,0,0,0,2,0,0,0,5,1,1,2,1,1,1,Reconnaissance,1
175.45.176.1,9561,149.171.126.19,111,tcp,FIN,1.565679,564,354,254,252,2,1,-,2595.678955,1583.977295,10,8,255,255,1071581081,3365541685,56,44,0,0,12032.03745,293.621906,1421928126,1421928128,168.807889,208.818422,0.19971,0.10394,0.09577,0,1,0,0,0,4,2,2,1,1,1,1,Reconnaissance,1
175.45.176.2,26377,149.171.126.19,80,tcp,FIN,2.051448,818,354,254,252,2,1,http,2874.067383,1208.9021,10,8,255,255,1020763277,3354838742,82,44,0,0,13447.00834,441.384687,1421928129,1421928131,227.938667,275.692719,0.200312,0.121245,0.079067,0,1,0,0,0,2,1,1,3,2,1,1,Reconnaissance,1
175.45.176.1,13971,149.171.126.10,111,udp,INT,4.00E-06,168,0,254,0,0,0,-,168000000,0,2,0,0,0,0,0,84,0,0,0,0,0,1421928136,1421928136,0.004,0,0,0,0,0,2,0,0,0,3,1,2,2,1,1,1,Reconnaissance,1
175.45.176.2,44223,149.171.126.16,111,tcp,FIN,1.432268,564,354,254,252,2,1,-,2837.457764,1731.519531,10,8,255,255,2607667750,2892006765,56,44,0,0,11420.55178,284.621156,1421928134,1421928136,156.588889,192.839141,0.153019,0.082383,0.070636,0,1,0,0,0,2,1,1,1,1,1,1,Reconnaissance,1
175.45.176.0,46519,149.171.126.18,111,udp,INT,2.00E-06,168,0,254,0,0,0,-,336000000,0,2,0,0,0,0,0,84,0,0,0,0,0,1421928140,1421928140,0.002,0,0,0,0,0,2,0,0,0,1,1,1,1,1,1,1,Reconnaissance,1
175.45.176.1,26722,149.171.126.12,111,tcp,FIN,1.137715,564,354,254,252,2,1,-,3572.072266,2179.807861,10,8,255,255,4158377926,630395560,56,44,0,0,7431.017849,230.302719,1421928147,1421928148,118.579889,153.832141,0.18372,0.060879,0.122841,0,1,0,0,0,5,1,1,2,1,1,1,Reconnaissance,1
175.45.176.0,29746,149.171.126.11,111,tcp,FIN,1.530518,564,354,254,252,2,1,-,2655.310059,1620.366333,10,8,255,255,2582352218,3273631027,56,44,0,0,10100.80208,279.053688,1421928148,1421928149,165.135333,195.504141,0.33255,0.161988,0.170562,0,1,0,0,0,1,2,2,1,1,1,1,Reconnaissance,1
175.45.176.0,30293,149.171.126.11,111,tcp,FIN,1.338173,564,354,254,252,2,1,-,3036.976562,1853.273071,10,8,255,255,3260660431,2228078229,56,44,0,0,8762.545141,262.002703,1421928157,1421928158,148.653333,179.050281,0.152552,0.08482,0.067732,0,1,0,0,0,1,3,1,1,1,1,1,Reconnaissance,1
175.45.176.3,8560,149.171.126.14,111,udp,INT,4.00E-06,168,0,254,0,0,0,-,168000000,0,2,0,0,0,0,0,84,0,0,0,0,0,1421928161,1421928161,0.004,0,0,0,0,0,2,0,0,0,3,3,2,1,1,1,1,Reconnaissance,1
175.45.176.3,34410,149.171.126.14,111,tcp,FIN,1.302192,564,354,254,252,2,1,-,3120.891602,1904.481079,10,8,255,255,3325375975,2907178803,56,44,0,0,8139.229101,248.314047,1421928162,1421928163,144.688,173.408281,0.186575,0.087766,0.098809,0,1,0,0,0,3,3,1,1,1,1,1,Reconnaissance,1
175.45.176.1,46134,149.171.126.16,111,udp,INT,3.00E-06,168,0,254,0,0,0,-,224000000,0,2,0,0,0,0,0,84,0,0,0,0,0,1421928168,1421928168,0.003,0,0,0,0,0,2,0,0,0,5,1,1,3,1,1,1,Reconnaissance,1
175.45.176.2,20944,149.171.126.11,111,tcp,FIN,1.098487,564,354,254,252,2,1,-,3699.634033,2257.650635,10,8,255,255,867741305,46539229,56,44,0,0,7583.614078,190.123281,1421928172,1421928173,116.445889,144.174719,0.148495,0.089254,0.059241,0,1,0,0,0,1,7,2,1,1,1,1,Reconnaissance,1
175.45.176.3,14605,149.171.126.12,111,tcp,FIN,0.915364,564,354,254,252,2,1,-,4439.763672,2709.304688,10,8,255,255,2560072836,1016798784,56,44,0,0,6200.750022,162.566016,1421928173,1421928174,98.736667,118.805859,0.140234,0.08372,0.056514,0,1,0,0,0,1,1,1,1,1,1,1,Reconnaissance,1
175.45.176.2,42276,149.171.126.14,111,tcp,FIN,1.266303,564,354,254,252,2,1,-,3209.342529,1958.457153,10,8,255,255,1160198038,2444047016,56,44,0,0,8729.036825,218.937922,1421928178,1421928179,134.470444,166.447578,0.250683,0.10116,0.149523,0,1,0,0,0,1,1,1,1,1,1,1,Reconnaissance,1
175.45.176.1,1687,149.171.126.16,111,tcp,FIN,0.971542,564,354,254,252,2,1,-,4183.041016,2552.643066,10,8,255,255,472113028,1030518816,56,44,0,0,7313.815693,175.163297,1421928184,1421928185,107.949111,123.663859,0.176072,0.105513,0.070559,0,1,0,0,0,6,1,1,3,1,1,1,Reconnaissance,1
175.45.176.1,0,149.171.126.17,0,sctp,CON,0.130663,152,82,254,60,0,0,-,4653.191895,2510.274658,2,2,0,0,0,0,76,41,0,0,0,0,1421928188,1421928189,0.007,0.009,0,0,0,0,3,0,0,0,9,8,2,2,2,2,2,Reconnaissance,1
175.45.176.1,0,149.171.126.17,0,sctp,CON,0.130663,152,82,254,60,0,0,-,4653.191895,2510.274658,2,2,0,0,0,0,76,41,0,0,0,0,1421928188,1421928189,0.007,0.009,0,0,0,0,3,0,0,0,9,8,2,2,2,2,2,Reconnaissance,1
175.45.176.0,23359,149.171.126.11,111,tcp,FIN,0.829087,564,354,254,252,2,1,-,4901.777344,2991.242188,10,8,255,255,3935161672,1172760909,56,44,0,0,6588.901305,147.095391,1421928192,1421928193,92.093222,108.037859,0.128971,0.07281,0.056161,0,1,0,0,0,1,2,1,1,1,1,1,Reconnaissance,1
175.45.176.3,33207,149.171.126.11,111,tcp,FIN,0.925859,564,354,254,252,2,1,-,4389.4375,2678.59375,10,8,255,255,590523261,1505906859,56,44,0,0,6406.767237,161.440156,1421928193,1421928194,102.873222,120.239289,0.094114,0.062506,0.031608,0,1,0,0,0,1,1,1,1,1,1,1,Reconnaissance,1
175.45.176.0,9537,149.171.126.19,111,udp,INT,7.00E-06,168,0,254,0,0,0,-,96000000,0,2,0,0,0,0,0,84,0,0,0,0,0,1421928199,1421928199,0.007,0,0,0,0,0,2,0,0,0,1,1,1,1,1,1,1,Reconnaissance,1
175.45.176.1,5341,149.171.126.16,111,udp,INT,7.00E-06,168,0,254,0,0,0,-,96000000,0,2,0,0,0,0,0,84,0,0,0,0,0,1421928200,1421928200,0.007,0,0,0,0,0,2,0,0,0,8,1,1,2,1,1,1,Reconnaissance,1
175.45.176.1,46670,149.171.126.12,111,udp,INT,4.00E-06,168,0,254,0,0,0,-,168000000,0,2,0,0,0,0,0,84,0,0,0,0,0,1421928208,1421928208,0.004,0,0,0,0,0,2,0,0,0,7,2,1,3,1,1,1,Reconnaissance,1
175.45.176.0,49421,149.171.126.18,111,udp,INT,1.00E-05,168,0,254,0,0,0,-,67200000,0,2,0,0,0,0,0,84,0,0,0,0,0,1421928217,1421928217,0.01,0,0,0,0,0,2,0,0,0,2,1,1,1,1,1,1,Reconnaissance,1
175.45.176.3,30320,149.171.126.17,111,tcp,FIN,0.970712,564,354,254,252,2,1,-,4186.617676,2554.825684,10,8,255,255,710816205,1256863757,56,44,0,0,7064.293779,186.384625,1421928221,1421928222,104.565222,128.76057,0.14693,0.069381,0.077549,0,1,0,0,0,1,7,2,1,1,1,1,Reconnaissance,1
175.45.176.0,27162,149.171.126.18,53,tcp,FIN,0.930599,508,354,254,252,2,1,dns,3937.249023,2664.950195,10,8,255,255,841473388,4088422545,51,44,0,0,7342.850162,183.371563,1421928223,1421928224,101.574111,126.570711,0.140403,0.044597,0.095806,0,1,0,0,0,1,1,1,1,1,1,1,Reconnaissance,1
175.45.176.3,50640,149.171.126.14,111,udp,INT,5.00E-06,168,0,254,0,0,0,-,134400000,0,2,0,0,0,0,0,84,0,0,0,0,0,1421928225,1421928225,0.005,0,0,0,0,0,2,0,0,0,1,1,1,1,1,1,1,Reconnaissance,1
175.45.176.3,7510,149.171.126.17,111,udp,INT,7.00E-06,168,0,254,0,0,0,-,96000000,0,2,0,0,0,0,0,84,0,0,0,0,0,1421928237,1421928237,0.007,0,0,0,0,0,2,0,0,0,1,6,3,1,1,1,1,Reconnaissance,1
175.45.176.1,32029,149.171.126.10,111,udp,INT,4.00E-06,168,0,254,0,0,0,-,168000000,0,2,0,0,0,0,0,84,0,0,0,0,0,1421928240,1421928240,0.004,0,0,0,0,0,2,0,0,0,6,1,1,2,1,1,1,Reconnaissance,1
175.45.176.0,28272,149.171.126.17,80,tcp,FIN,0.58301,738,354,254,252,2,1,http,9125.057617,4253.786133,10,8,255,255,218196962,3835326043,74,44,0,0,3841.37782,108.312523,1421928240,1421928241,64.39,74.305141,0.111835,0.06287,0.048965,0,1,0,0,0,2,1,3,1,1,1,1,Reconnaissance,1
175.45.176.1,40300,149.171.126.11,161,udp,INT,1.10E-05,132,0,254,0,0,0,snmp,48000000,0,2,0,0,0,0,0,66,0,0,0,0,0,1421928243,1421928243,0.011,0,0,0,0,0,2,0,0,0,1,1,1,2,1,1,1,Reconnaissance,1
175.45.176.2,17121,149.171.126.18,111,tcp,FIN,0.893732,564,354,254,252,2,1,-,4547.224609,2774.881104,10,8,255,255,2311310984,1565080067,56,44,0,0,6663.318829,150.240578,1421928245,1421928246,92.690667,117.287,0.144028,0.07272,0.071308,0,1,0,0,0,1,1,1,1,1,1,1,Reconnaissance,1
175.45.176.0,10010,149.171.126.10,80,tcp,FIN,7.071333,5090,915210,254,252,2,346,http,5707.551758,1033916.5,112,696,255,255,630754509,2152988757,45,1315,1,443364,3007.833895,1208.563053,1421928877,1421928884,63.705703,10.090862,0.136165,0.04431,0.091855,0,1,1,0,0,1,1,1,1,1,1,1,Worms,1
175.45.176.0,54306,149.171.126.12,80,tcp,FIN,0.269653,1006,268,254,252,2,1,http,26878.99023,6645.578125,10,6,255,255,2140046805,853247791,101,45,1,0,1360.492067,66.16818,1421928921,1421928921,27.707444,48.263398,0.05576,0.028325,0.027435,0,1,1,0,0,1,1,1,1,1,1,1,Worms,1
175.45.176.0,26652,149.171.126.14,80,tcp,FIN,0.260798,1308,268,254,252,2,1,http,36135.24609,6871.218262,10,6,255,255,1696025488,4169273562,131,45,1,0,1448.225397,62.970301,1421929207,1421929207,27.180222,45.143,0.08648,0.035079,0.051401,0,1,1,0,0,1,1,1,1,1,1,1,Worms,1
175.45.176.0,4000,149.171.126.18,3533,udp,INT,9.00E-06,2050,0,254,0,0,0,-,911111104,0,2,0,0,0,0,0,1025,0,0,0,0,0,1421929620,1421929620,0.009,0,0,0,0,0,2,0,0,0,1,1,1,1,1,1,1,Worms,1
175.45.176.2,10815,149.171.126.18,80,tcp,FIN,0.315213,1302,268,254,252,2,1,http,29744.9668,5685.044922,10,6,255,255,2993197197,4128834020,130,45,1,0,1657.568439,81.730828,1421930225,1421930225,28.554111,59.245199,0.068144,0.018976,0.049168,0,1,1,0,0,1,3,1,1,1,1,1,Worms,1
175.45.176.3,16755,149.171.126.13,80,tcp,FIN,0.489608,8682,268,254,252,4,1,http,131729.875,3660.071045,14,6,255,255,4052817148,3536144038,620,45,1,0,2140.566103,125.556797,1421930484,1421930485,32.29,88.456602,0.075372,0.047323,0.028049,0,1,1,0,0,1,1,1,1,1,1,1,Worms,1
175.45.176.3,32511,149.171.126.18,80,tcp,FIN,0.256677,1022,268,254,252,2,1,http,28674.16992,6981.537109,10,6,255,255,1550911366,1539411766,102,45,0,0,1286.961789,53.508348,1421930579,1421930579,25.012556,39.426801,0.085167,0.059532,0.025635,0,1,0,0,0,1,1,1,1,1,1,1,Worms,1
175.45.176.2,54215,149.171.126.11,80,tcp,FIN,3.422533,3006,482406,254,252,2,184,http,6914.177246,1124570.625,62,372,255,255,202555155,764567684,48,1297,0,0,2660.789828,1101.114492,1421930668,1421930672,56.1071,9.093644,0.102029,0.048024,0.054005,0,1,0,0,0,1,1,2,1,1,1,1,Worms,1
175.45.176.3,58460,149.171.126.13,80,tcp,FIN,0.553215,1302,268,254,252,2,1,http,16948.20117,3239.246826,10,6,255,255,2998926059,2446852364,130,45,0,0,3146.843315,158.934672,1421930746,1421930747,57.611222,97.146602,0.154293,0.067479,0.086814,0,1,0,0,0,1,1,1,1,1,1,1,Worms,1
175.45.176.0,6240,149.171.126.12,69,udp,INT,4.00E-06,92,0,254,0,0,0,-,92000000,0,2,0,0,0,0,0,46,0,0,0,0,0,1421930755,1421930755,0.004,0,0,0,0,0,2,0,0,0,1,15,4,1,1,1,1,Worms,1
175.45.176.1,11509,149.171.126.14,80,tcp,FIN,0.476089,1296,268,254,252,2,1,http,19609.7793,3764.002197,10,6,255,255,3908003714,4284050677,130,45,0,0,2719.321673,140.007906,1421930778,1421930778,52.898778,75.371797,0.104906,0.070645,0.034261,0,1,0,0,0,1,1,1,7,1,1,1,Worms,1
175.45.176.1,12694,149.171.126.19,80,tcp,FIN,0.595302,1296,268,254,252,2,1,http,15682.79688,3010.236816,10,6,255,255,55797008,2490904203,130,45,0,0,3761.763261,170.039094,1421931152,1421931152,59.988889,103.168398,0.143299,0.079449,0.06385,0,1,0,0,0,1,1,1,8,1,1,1,Worms,1
175.45.176.0,28389,149.171.126.13,80,tcp,FIN,1.286678,1302,354,254,252,2,1,http,7286.98291,1927.444214,10,8,255,255,268158669,2487669866,130,44,0,0,8987.440065,234.690859,1421931378,1421931379,138.953333,162.000859,0.253241,0.152666,0.100575,0,1,0,0,0,1,1,1,2,1,1,1,Worms,1
175.45.176.2,27564,149.171.126.14,1434,udp,INT,1.10E-05,808,0,254,0,0,0,-,293818176,0,2,0,0,0,0,0,404,0,0,0,0,0,1421931594,1421931594,0.011,0,0,0,0,0,2,0,0,0,2,1,1,1,1,1,1,Worms,1
175.45.176.3,7566,149.171.126.14,80,tcp,FIN,2.095087,2004,263720,254,252,2,100,http,7453.628418,1002070.063,38,204,255,255,496428052,4288672859,53,1293,1,127488,2715.093495,1200.314438,1421932068,1421932070,56.623971,9.804177,0.157886,0.104189,0.053697,0,1,1,0,0,4,1,1,3,2,1,1,Worms,1
175.45.176.3,24561,149.171.126.16,80,tcp,FIN,0.431666,1294,354,254,252,2,1,http,21590.76758,5745.182617,10,8,255,255,2285045902,209902208,129,44,1,0,3088.235721,113.840578,1421932157,1421932157,47.962889,52.069145,0.097639,0.047976,0.049663,0,1,1,0,0,1,1,1,1,1,1,1,Worms,1
175.45.176.3,43294,149.171.126.12,80,tcp,FIN,0.22641,1314,268,254,252,2,1,-,41800.27344,7914.844727,10,6,255,255,3056194095,3142909258,131,45,0,0,1105.716695,46.969715,1421932367,1421932367,22.389,34.993801,0.067477,0.051439,0.016038,0,1,0,0,0,2,2,1,1,1,1,1,Worms,1
175.45.176.0,34469,149.171.126.18,80,tcp,FIN,0.713732,1308,268,254,252,2,1,-,13203.83594,2510.746338,10,6,255,255,3686507014,1888899032,131,45,0,0,3826.819719,162.904703,1421933096,1421933096,79.144556,117.764398,0.232683,0.124904,0.107779,0,1,0,0,0,4,3,1,2,2,1,1,Worms,1
175.45.176.0,2318,149.171.126.13,80,tcp,FIN,0.556154,1296,268,254,252,2,1,-,16786.7168,3222.12915,10,6,255,255,2022114637,3163237599,130,45,0,0,3131.494886,137.110156,1421933422,1421933423,58.261,91.630602,0.230332,0.098,0.132332,0,1,0,0,0,4,1,1,1,1,1,1,Worms,1
175.45.176.0,9179,149.171.126.13,80,tcp,FIN,0.731113,1308,268,254,252,2,1,-,12889.93555,2451.057373,10,6,255,255,2599596501,982387923,131,45,0,0,4007.445821,167.979797,1421934351,1421934351,81.186444,107.014797,0.246384,0.196027,0.050357,0,1,0,0,0,1,1,1,1,1,1,1,Worms,1
175.45.176.2,31767,149.171.126.10,80,tcp,FIN,1.260943,1282,268,254,252,2,1,http,7321.504395,1421.158569,10,6,255,255,560953154,4194638564,128,45,1,0,9637.030379,450.915937,1424220145,1424220146,138.352778,245.242,0.098667,0.034732,0.063935,0,1,1,, ,4,1,1,1,1,1,1,Worms,1
175.45.176.3,28938,149.171.126.12,80,tcp,FIN,4.23501,2314,308456,254,252,2,116,http,4276.730957,580209.25,46,236,255,255,3840933853,1541394341,50,1307,1,149237,4511.060777,2129.54145,1424220236,1424220240,94.089292,17.785219,0.206742,0.108835,0.097907,0,1,1,, ,1,1,1,1,1,1,1,Worms,1
175.45.176.0,45822,149.171.126.16,80,tcp,FIN,0.678688,1306,268,254,252,2,1,http,13862.04004,2640.388672,10,6,255,255,94971482,1211350451,131,45,1,0,3585.672173,175.462531,1424220272,1424220273,71.071667,114.114398,0.187901,0.10811,0.079791,0,1,1,, ,1,1,1,2,1,1,1,Worms,1
175.45.176.3,59033,149.171.126.11,80,tcp,FIN,0.201833,1308,268,254,252,2,1,http,46692.07031,8878.62793,10,6,255,255,2213049113,3720986296,131,45,1,0,1029.959401,56.74282,1424221711,1424221711,20.555,37.485,0.059694,0.014399,0.045295,0,1,1,, ,1,2,1,1,1,1,1,Worms,1
175.45.176.3,4000,149.171.126.10,1626,udp,INT,6.00E-06,2050,0,254,0,0,0,-,1366666624,0,2,0,0,0,0,0,1025,0,0,0,0,0,1424222122,1424222122,0.006,0,0,0,0,0,2,,, ,1,1,1,1,1,1,1,Worms,1
175.45.176.0,59370,149.171.126.10,80,tcp,FIN,0.226263,1302,268,254,252,2,1,http,41438.50391,7919.986816,10,6,255,255,701662753,752664488,130,45,1,0,1241.200823,68.33443,1424222731,1424222731,23.494667,42.942801,0.058136,0.011539,0.046597,0,1,1,, ,1,2,1,1,1,1,1,Worms,1
175.45.176.3,41785,149.171.126.19,80,tcp,FIN,0.390372,8682,268,254,252,4,1,http,165216.7656,4590.493164,14,6,255,255,2048442348,1642264782,620,45,1,0,1517.354638,95.391852,1424222986,1424222986,24.145231,70.977797,0.072417,0.035482,0.036935,0,1,1,, ,1,1,1,1,1,1,1,Worms,1
175.45.176.2,22794,149.171.126.16,80,tcp,FIN,0.196822,1022,268,254,252,2,1,http,37394.19141,9104.672852,10,6,255,255,2705486571,623528626,102,45,1,0,1068.815062,61.553535,1424223080,1424223080,20.148333,36.926398,0.064706,0.012189,0.052517,0,1,1,, ,1,1,1,1,1,1,1,Worms,1
175.45.176.2,37239,149.171.126.15,80,tcp,FIN,5.566142,3114,482584,254,252,2,185,http,4406.642578,691755.25,64,376,255,255,2449907520,1243303547,49,1283,1,233472,4387.322053,1946.498734,1424223171,1424223177,88.351463,14.691118,0.153739,0.071058,0.082681,0,1,1,, ,3,1,1,3,3,1,2,Worms,1
175.45.176.1,4596,149.171.126.18,80,tcp,FIN,0.928794,1302,268,254,252,2,1,http,10094.81055,1929.383667,10,6,255,255,1102451960,1730706679,130,45,1,0,5106.424147,254.466859,1424223250,1424223251,96.318667,157.907406,0.239367,0.139249,0.100118,0,1,1,, ,1,1,1,1,1,1,1,Worms,1
175.45.176.0,14404,149.171.126.14,69,udp,INT,5.00E-06,92,0,254,0,0,0,-,73600000,0,2,0,0,0,0,0,46,0,0,0,0,0,1424223259,1424223259,0.005,0,0,0,0,0,2,,, ,1,1,1,19,1,1,1,Worms,1
175.45.176.1,46974,149.171.126.13,80,tcp,FIN,0.328449,1296,268,254,252,2,1,http,28424.50391,5455.945801,10,6,255,255,1738862795,734401623,130,45,1,0,1681.684053,78.133281,1424223279,1424223279,34.029222,56.455,0.095843,0.046171,0.049672,0,1,1,, ,1,1,5,1,1,1,1,Worms,1
175.45.176.3,15229,149.171.126.18,80,tcp,FIN,0.344051,1296,268,254,252,2,1,http,27135.51172,5208.530273,10,6,255,255,1127049042,905114555,130,45,1,0,1919.077426,105.955047,1424223658,1424223658,36.186111,62.513801,0.106057,0.031473,0.074584,0,1,1,, ,1,1,1,1,1,1,1,Worms,1
175.45.176.1,29352,149.171.126.19,80,tcp,FIN,0.689624,1302,268,254,252,2,1,http,13595.81445,2598.517334,10,6,255,255,2713458037,1858762884,130,45,1,0,3623.624485,183.511219,1424223886,1424223887,67.247333,123.945602,0.103933,0.069892,0.034041,0,1,1,, ,1,1,1,1,1,1,1,Worms,1
175.45.176.0,22931,149.171.126.17,1434,udp,INT,1.00E-05,808,0,254,0,0,0,-,323200000,0,2,0,0,0,0,0,404,0,0,0,0,0,1424224103,1424224103,0.01,0,0,0,0,0,2,,, ,7,1,1,2,1,1,1,Worms,1
175.45.176.1,2445,149.171.126.13,80,tcp,FIN,2.008628,1988,263696,254,252,2,100,http,7710.736328,1045107.438,38,204,255,255,1224600597,3064456751,52,1293,1,127488,2700.060844,1144.644601,1424224576,1424224578,54.287245,9.438502,0.140677,0.0688,0.071877,0,1,1,, ,2,1,1,1,1,1,1,Worms,1
175.45.176.2,17504,149.171.126.10,80,tcp,FIN,0.198608,1294,268,254,252,2,1,http,46926.60938,9022.798828,10,6,255,255,4197198648,1509543957,129,45,1,0,1099.949351,64.418328,1424224665,1424224665,20.580556,38.292,0.053521,0.007142,0.046379,0,1,1,, ,1,1,1,1,1,1,1,Worms,1
175.45.176.3,63765,149.171.126.11,80,tcp,FIN,0.716176,1314,354,254,252,2,1,http,13214.62891,3462.836182,10,8,255,255,1751333877,699434397,131,44,1,0,5325.112416,119.182578,1424224877,1424224878,70.949222,95.113711,0.099212,0.050377,0.048835,0,1,1,, ,2,1,1,1,1,1,1,Worms,1
175.45.176.3,1161,149.171.126.18,80,tcp,FIN,1.180302,1308,354,254,252,2,1,http,7984.396973,2101.157227,10,8,255,255,2239850708,2157601874,131,44,1,0,8204.585786,212.396578,1424225604,1424225605,131.042,154.405,0.148083,0.099457,0.048626,0,1,1,, ,2,1,1,3,1,1,1,Worms,1
175.45.176.1,5323,149.171.126.13,80,tcp,FIN,0.796534,1296,354,254,252,2,1,http,11720.78027,3113.489258,10,8,255,255,2138625795,1026828012,130,44,1,0,5089.784871,176.667234,1424225925,1424225926,88.392556,103.41557,0.13926,0.072619,0.066641,0,1,1,, ,5,1,1,2,2,1,1,Worms,1
175.45.176.2,20513,149.171.126.17,80,tcp,FIN,0.338518,78481,612,254,252,30,1,http,1826597.125,13446.84766,66,14,255,255,2381717425,307268346,1189,44,1,0,514.881352,38.656297,1424226341,1424226342,4.991231,25.489846,0.05277,0.007146,0.045624,0,1,1,, ,1,1,1,1,1,1,1,Worms,1
175.45.176.1,52583,149.171.126.14,80,tcp,FIN,0.316906,1308,268,254,252,2,1,http,29737.52344,5654.67334,10,6,255,255,3852607937,3920878397,131,45,1,0,1603.61323,75.567961,1424226858,1424226858,30.842778,53.058398,0.106985,0.051611,0.055374,0,1,1,, ,1,1,1,1,1,1,1,Worms,1
175.45.176.2,41272,149.171.126.17,80,tcp,FIN,0.544871,1282,268,254,252,2,1,http,16943.46094,3288.852051,10,6,255,255,3292139113,1813130709,128,45,1,0,2802.03941,135.967578,1424227234,1424227235,55.869222,96.552,0.149761,0.062102,0.087659,0,1,1,, ,1,7,2,1,1,1,1,Worms,1
175.45.176.2,34697,149.171.126.16,80,tcp,FIN,3.703098,2440,308245,254,252,2,113,http,5163.244141,663023.25,48,230,255,255,314889427,3966470631,51,1340,1,149237,3808.155233,1887.372741,1424227326,1424227329,78.78932,15.678179,0.255821,0.112138,0.143683,0,1,1,, ,1,1,1,3,1,1,1,Worms,1
175.45.176.3,24472,149.171.126.12,80,tcp,FIN,0.790218,1306,268,254,252,2,1,http,11905.5752,2267.72876,10,6,255,255,2873206006,2302431376,131,45,1,0,4424.798571,202.562141,1424227363,1424227364,80.878667,136.497,0.228687,0.107728,0.120959,0,1,1,, ,1,1,1,1,1,1,1,Worms,1
175.45.176.1,64132,149.171.126.12,80,tcp,FIN,1.598383,1292,354,254,252,2,1,http,5820.882812,1551.568115,10,8,255,255,3324760610,1480363841,129,44,1,0,10177.71167,397.929344,1424227609,1424227611,170.102444,208.701719,0.217891,0.137468,0.080423,0,1,1,, ,1,1,1,1,1,1,1,Worms,1
175.45.176.3,64863,149.171.126.14,80,tcp,FIN,2.488418,1272,354,62,252,2,1,http,3681.053467,996.617065,10,8,255,255,3942689868,3749189343,127,44,1,0,16706.80108,602.537,1424227663,1424227665,267.386444,341.253,0.190527,0.099638,0.090889,0,1,1,, ,2,1,2,2,1,1,2,Worms,1
175.45.176.2,63800,149.171.126.14,80,tcp,FIN,7.667978,5100,914280,254,252,2,335,http,5273.880859,952453.4375,112,674,255,255,675707865,3192434403,46,1356,1,443364,3435.157338,1485.921392,1424228426,1424228434,69.080885,11.26521,0.15919,0.082213,0.076977,0,1,1,, ,1,1,1,2,1,1,1,Worms,1
175.45.176.3,28997,149.171.126.19,80,tcp,FIN,0.435898,1006,268,254,252,2,1,http,16627.74219,4111.053223,10,6,255,255,2967428236,679097116,101,45,1,0,2098.635242,103.148969,1424228471,1424228471,42.315667,75.181203,0.106752,0.059983,0.046769,0,1,1,, ,1,2,1,1,1,1,1,Worms,1
175.45.176.0,4075,149.171.126.13,80,tcp,FIN,0.223749,1308,268,254,252,2,1,http,42118.625,8008.974609,10,6,255,255,1517409605,1600178742,131,45,1,0,1447.381706,70.750062,1424228757,1424228757,23.364,42.921,0.015213,0.00914,0.006073,0,1,1,, ,1,1,1,1,1,1,1,Worms,1
175.45.176.2,4000,149.171.126.10,22159,udp,INT,5.00E-06,2050,0,254,0,0,0,-,1640000000,0,2,0,0,0,0,0,1025,0,0,0,0,0,1424229169,1424229169,0.005,0,0,0,0,0,2,,, ,1,2,1,1,1,1,1,Worms,1
175.45.176.1,33954,149.171.126.11,80,tcp,FIN,0.242829,1302,268,254,252,2,1,http,38611.53516,7379.678711,10,6,255,255,918662691,1212772523,130,45,1,0,1231.742796,67.588063,1424229776,1424229776,24.570556,45.564,0.067749,0.015,0.052749,0,1,1,, ,2,1,1,1,1,1,1,Worms,1
175.45.176.0,53773,149.171.126.17,80,tcp,FIN,0.383961,8682,268,254,252,4,1,http,167975.3906,4667.140625,14,6,255,255,1575816531,4175520389,620,45,1,0,1625.204667,82.153391,1424230032,1424230033,26.139386,62.432801,0.130403,0.071783,0.05862,0,1,1,, ,1,1,1,1,1,1,1,Worms,1
175.45.176.0,23478,149.171.126.19,80,tcp,FIN,0.225295,1022,268,254,252,2,1,http,32668.27734,7954.015625,10,6,255,255,177303628,80868074,102,45,1,0,1133.838102,57.180352,1424230127,1424230127,22.151778,40.155199,0.075832,0.02451,0.051322,0,1,1,, ,1,1,1,1,1,1,1,Worms,1
175.45.176.2,33820,149.171.126.18,80,tcp,FIN,5.280618,3202,482333,254,252,2,183,http,4778.228516,728748,66,370,255,255,2558893936,3586572905,49,1304,1,233472,3791.718074,1649.86495,1424230220,1424230225,81.240277,13.874474,0.134103,0.06809,0.066013,0,1,1,, ,1,2,1,1,1,1,1,Worms,1
175.45.176.2,12447,149.171.126.11,80,tcp,FIN,0.777128,1302,268,254,252,2,1,http,12064.93652,2305.926514,10,6,255,255,4124911946,3443459206,130,45,1,0,4529.496962,240.546703,1424230297,1424230298,84.239444,143.610797,0.129705,0.059065,0.07064,0,1,1,, ,2,2,1,2,1,1,3,Worms,1
175.45.176.1,3125,149.171.126.14,69,udp,INT,7.00E-06,92,0,254,0,0,0,-,52571428,0,2,0,0,0,0,0,46,0,0,0,0,0,1424230305,1424230305,0.007,0,0,0,0,0,2,,, ,1,5,2,2,1,1,1,Worms,1
175.45.176.2,22045,149.171.126.10,80,tcp,FIN,0.743001,1296,354,254,252,2,1,http,12565.25879,3337.815186,10,8,255,255,4167458773,3052910372,130,44,1,0,4516.626772,134.545375,1424230325,1424230326,69.513,97.42343,0.12258,0.061028,0.061552,0,1,1,, ,2,1,1,2,1,1,1,Worms,1
175.45.176.0,30409,149.171.126.10,80,tcp,FIN,0.475679,1296,268,254,252,2,1,http,19626.67969,3767.246338,10,6,255,255,4131522340,2742312359,130,45,1,0,2656.941924,106.260813,1424230704,1424230704,52.853222,73.576398,0.167416,0.107119,0.060297,0,1,1,, ,1,1,1,3,1,1,1,Worms,1
175.45.176.3,62278,149.171.126.17,80,tcp,FIN,0.648079,1302,268,254,252,2,1,http,14467.37207,2765.094971,10,6,255,255,2253411413,1723684448,130,45,1,0,3671.29163,196.220906,1424230930,1424230930,72.008778,113.040398,0.174371,0.082273,0.092098,0,1,1,, ,1,1,1,3,1,1,1,Worms,1
175.45.176.3,46002,149.171.126.10,1434,udp,INT,1.00E-05,808,0,254,0,0,0,-,323200000,0,2,0,0,0,0,0,404,0,0,0,0,0,1424231150,1424231150,0.01,0,0,0,0,0,2,,, ,1,2,1,1,1,1,1,Worms,1
175.45.176.1,22142,149.171.126.18,80,tcp,FIN,2.54418,2000,263706,254,252,2,100,http,6125.353027,825142.875,38,204,255,255,4261080249,410265198,53,1293,1,127488,3345.833128,1392.340076,1424231621,1424231624,68.761623,11.977724,0.094921,0.029652,0.065269,0,1,1,, ,1,2,27,1,1,1,1,Worms,1
175.45.176.3,65009,149.171.126.13,80,tcp,FIN,0.472132,1294,354,254,252,2,1,http,19740.24219,5252.768555,10,8,255,255,634638404,211244240,129,44,1,0,3171.372849,100.340969,1424231710,1424231710,47.494111,54.831715,0.122868,0.088305,0.034563,0,1,1,, ,1,1,3,26,1,1,1,Worms,1
175.45.176.0,33748,149.171.126.17,80,tcp,FIN,0.236976,1314,268,254,252,2,1,http,39936.53516,7561.947266,10,6,255,255,101462928,1831038218,131,45,1,0,1257.940771,67.604648,1424231920,1424231920,26.330667,40.399,0.066612,0.016992,0.04962,0,1,1,, ,1,1,1,1,1,1,1,Worms,1
175.45.176.2,53141,149.171.126.19,80,tcp,FIN,0.735413,1308,268,254,252,2,1,http,12814.56836,2436.726074,10,6,255,255,122225468,2922988658,131,45,1,0,4232.251213,169.477344,1424232650,1424232650,77.070889,120.305398,0.227124,0.133883,0.093241,0,1,1,, ,1,2,1,3,1,1,1,Worms,1
175.45.176.0,28135,149.171.126.13,80,tcp,FIN,0.962164,1296,268,254,252,2,1,http,9703.12793,1862.468384,10,6,255,255,2099255362,702779743,130,45,1,0,6370.608631,289.785062,1424232971,1424232972,103.731111,168.896594,0.193397,0.117649,0.075748,0,1,1,, ,1,1,1,1,1,1,1,Worms,1
175.45.176.3,64213,149.171.126.18,80,tcp,FIN,0.680733,1308,354,254,252,2,1,http,13843.90039,3643.131592,10,8,255,255,2716169663,2264219673,131,44,0,0,4653.832885,132.045547,1424233917,1424233918,75.528333,88.359141,0.10614,0.062218,0.043922,0,1,,, ,2,2,1,1,1,1,2,Worms,1
175.45.176.3,56836,149.171.126.12,80,tcp,FIN,1.208453,1282,354,254,252,2,1,http,7639.519043,2052.210449,10,8,255,255,1792682963,2192880787,128,44,0,0,7492.292589,335.644094,1424234283,1424234284,134.177778,163.168141,0.198691,0.066272,0.132419,0,1,,, ,1,1,1,2,1,1,1,Worms,1
175.45.176.1,24112,149.171.126.15,80,tcp,FIN,0.242624,932,268,254,252,2,1,http,27664.20508,7385.914062,10,6,255,255,2115901242,1371923582,93,45,0,0,1363.554817,70.744914,1424234313,1424234313,24.586778,44.346801,0.090834,0.02088,0.069954,0,1,,, ,2,2,1,1,1,1,2,Worms,1
175.45.176.3,63496,149.171.126.15,80,tcp,FIN,3.972266,2298,308276,254,252,2,114,http,4529.404785,618182.1875,46,232,255,255,4155753283,861806558,50,1329,0,0,4337.908189,2139.380744,1424234375,1424234379,88.272579,16.73787,0.402079,0.10515,0.296929,0,1,,, ,1,1,1,2,1,1,1,Worms,1
175.45.176.2,21606,149.171.126.10,80,tcp,FIN,1.011546,1306,354,254,252,2,1,http,9300.615234,2451.692627,10,8,255,255,3350420542,2976459025,131,44,0,0,6651.825646,184.053703,1424234413,1424234414,106.635556,133.090281,0.130414,0.079905,0.050509,0,1,,, ,1,1,1,4,1,1,1,Worms,1
175.45.176.2,53698,149.171.126.19,80,tcp,FIN,1.225701,1292,354,254,252,2,1,http,7590.758301,2023.332031,10,8,255,255,3098062779,3627167439,129,44,0,0,6773.07698,291.778813,1424234652,1424234653,136.168778,162.036,0.334451,0.09144,0.243011,0,1,,, ,1,1,1,2,1,1,1,Worms,1
175.45.176.2,3404,149.171.126.14,80,tcp,FIN,7.705627,5074,915107,254,252,2,345,http,5221.119629,948697.875,112,694,255,255,3871153214,3429307054,45,1319,1,443364,3377.4502,1375.425841,1424235478,1424235485,69.420067,10.962835,0.22321,0.119677,0.103533,0,1,1,, ,1,1,1,1,1,1,1,Worms,1
175.45.176.1,52393,149.171.126.17,80,tcp,FIN,0.517839,1006,268,254,252,2,1,http,13996.62793,3460.534912,10,6,255,255,3396192227,1910652965,101,45,1,0,2922.303338,143.097969,1424235523,1424235523,55.929667,90.614,0.120729,0.06476,0.055969,0,1,1,, ,1,1,2,1,1,1,1,Worms,1
175.45.176.2,14219,149.171.126.18,80,tcp,FIN,0.194249,1308,268,254,252,2,1,http,48515.05078,9225.272461,10,6,255,255,2958791896,317849703,131,45,1,0,1082.979153,55.996023,1424235811,1424235811,20.489667,35.168199,0.032758,0.018399,0.014359,0,1,1,, ,1,1,1,11,1,1,1,Worms,1
175.45.176.3,4000,149.171.126.11,43788,udp,INT,1.00E-05,2050,0,254,0,0,0,-,820000000,0,2,0,0,0,0,0,1025,0,0,0,0,0,1424236224,1424236224,0.01,0,0,0,0,0,2,,, ,2,1,1,1,1,1,1,Worms,1
175.45.176.0,35799,149.171.126.17,80,tcp,FIN,0.272523,1302,268,254,252,2,1,http,34404.4375,6575.592285,10,6,255,255,2268101472,1626265299,130,45,1,0,1444.549423,73.97182,1424236834,1424236834,28.161889,51.930602,0.065551,0.012862,0.052689,0,1,1,, ,2,2,1,1,1,1,1,Worms,1
175.45.176.0,58954,149.171.126.13,80,tcp,FIN,0.34423,8682,268,254,252,4,1,http,187363.1094,5205.821777,14,6,255,255,2719976081,817573303,620,45,1,0,1463.216174,74.324578,1424237097,1424237097,22.991154,57.665398,0.135405,0.055896,0.079509,0,1,1,, ,1,1,3,1,1,1,1,Worms,1
175.45.176.2,61451,149.171.126.15,80,tcp,FIN,0.345657,1022,268,254,252,2,1,http,21292.78516,5184.330078,10,6,255,255,4177436527,3935165696,102,45,1,0,2032.657784,96.265867,1424237192,1424237192,38.406333,52.757801,0.122926,0.063752,0.059174,0,1,1,, ,2,1,1,1,1,1,1,Worms,1
175.45.176.0,24418,149.171.126.19,80,tcp,FIN,4.923878,3090,482309,254,252,2,183,http,4942.445801,781507.5625,64,370,255,255,1899891080,1632359122,48,1304,1,233472,3679.050021,1507.010493,1424237284,1424237289,78.151412,13.155282,0.160498,0.06957,0.090928,0,1,1,, ,1,1,1,1,1,1,1,Worms,1
175.45.176.0,48051,149.171.126.10,80,tcp,FIN,1.390068,1302,354,254,252,2,1,http,6744.993652,1784.085327,10,8,255,255,4090036722,812809995,130,44,1,0,9245.662379,397.443656,1424237360,1424237362,154.452,188.954422,0.184071,0.066616,0.117455,0,1,1,, ,1,1,3,1,1,1,1,Worms,1
175.45.176.0,52319,149.171.126.14,69,udp,INT,9.00E-06,92,0,254,0,0,0,-,40888888,0,2,0,0,0,0,0,46,0,0,0,0,0,1424237370,1424237370,0.009,0,0,0,0,0,2,,, ,2,1,1,1,1,1,1,Worms,1
175.45.176.2,5824,149.171.126.19,80,tcp,FIN,1.68251,1296,268,254,252,2,1,http,5548.852539,1065.075439,10,6,255,255,58279731,1768824152,130,45,1,0,12532.37074,594.37325,1424237392,1424237393,181.198556,320.416812,0.164179,0.080419,0.08376,0,1,1,, ,2,1,1,3,2,1,1,Worms,1
175.45.176.3,38752,149.171.126.15,80,tcp,FIN,0.539792,1296,268,254,252,2,1,http,17295.55078,3319.797363,10,6,255,255,2668860176,2191772567,130,45,1,0,2814.18211,138.260703,1424237769,1424237769,55.922333,93.528203,0.146179,0.072142,0.074037,0,1,1,, ,1,1,1,2,1,1,1,Worms,1
175.45.176.3,51786,149.171.126.11,80,tcp,FIN,0.966311,1302,268,254,252,2,1,http,9702.880859,1854.475464,10,6,255,255,4039653977,854448978,130,45,1,0,6084.155023,323.502469,1424237997,1424237998,107.283111,180.875,0.18288,0.061931,0.120949,0,1,1,, ,1,1,1,2,1,1,1,Worms,1
175.45.176.0,12400,149.171.126.17,1434,udp,INT,9.00E-06,808,0,254,0,0,0,-,359111104,0,2,0,0,0,0,0,404,0,0,0,0,0,1424238218,1424238218,0.009,0,0,0,0,0,2,,, ,4,2,2,2,1,1,1,Worms,1
175.45.176.3,4298,149.171.126.12,80,tcp,FIN,2.53494,1982,263686,254,252,2,100,http,6090.874023,828087.4375,38,204,255,255,3886529599,1269301955,52,1293,1,127488,3431.177976,1429.712049,1424238691,1424238694,68.511892,12.1485,0.12887,0.080203,0.048667,0,1,1,, ,1,1,2,2,1,1,1,Worms,1
175.45.176.1,64140,149.171.126.16,80,tcp,FIN,0.372559,1294,268,254,252,2,1,http,25016.17188,4809.976074,10,6,255,255,1373268550,82303598,129,45,1,0,2565.145553,133.313063,1424238781,1424238781,41.395444,69.499797,0.065546,0.013264,0.052282,0,1,1,, ,1,1,1,21,1,1,1,Worms,1
175.45.176.3,9954,149.171.126.16,80,tcp,FIN,0.385634,1314,268,254,252,2,1,http,24541.4043,4646.893066,10,6,255,255,290966090,1375755137,131,45,1,0,2760.997482,128.337063,1424238994,1424238994,41.440444,71.709203,0.079918,0.027074,0.052844,0,1,4,, ,1,1,1,1,1,1,1,Worms,1
175.45.176.3,9954,149.171.126.16,80,tcp,FIN,0.385634,1314,268,254,252,2,1,http,24541.4043,4646.893066,10,6,255,255,290966090,1375755137,131,45,1,0,2760.997482,128.337063,1424238994,1424238994,41.440444,71.709203,0.079918,0.027074,0.052844,0,1,4,, ,1,1,1,1,1,1,1,Worms,1
175.45.176.3,33370,149.171.126.11,80,tcp,FIN,0.919026,1308,268,254,252,2,1,http,10254.33398,1949.890381,10,6,255,255,3810482897,1564258190,131,45,1,0,4679.620679,214.965313,1424239725,1424239725,88.809222,153.711594,0.275875,0.150467,0.125408,0,1,1,, ,3,3,1,1,1,1,3,Worms,1
175.45.176.2,30672,149.171.126.16,80,tcp,FIN,1.262909,1296,354,254,252,2,1,http,7392.456543,1963.720215,10,8,255,255,3791057701,709696045,130,44,1,0,7876.158196,320.889875,1424240050,1424240052,140.221444,170.145422,0.182986,0.071882,0.111104,0,1,1,, ,1,1,1,1,1,1,1,Worms,1
175.45.176.0,50990,149.171.126.17,80,tcp,FIN,0.885775,1308,268,254,252,2,1,http,10639.27051,2023.087036,10,6,255,255,3213129768,882263735,131,45,1,0,5561.929748,265.488594,1424240994,1424240995,96.070222,153.965,0.204826,0.115944,0.088882,0,1,1,, ,1,1,1,1,1,1,1,Worms,1
175.45.176.0,58471,149.171.126.13,80,tcp,FIN,0.65829,1282,354,254,252,2,1,http,14024.21387,3767.336426,10,8,255,255,774055592,2854146296,128,44,0,0,4434.096322,136.863,1424241358,1424241358,69.730889,85.08257,0.150037,0.062709,0.087328,0,1,,, ,4,1,1,2,2,1,1,Worms,1
175.45.176.2,36562,149.171.126.18,80,tcp,FIN,3.56162,2356,308324,254,252,2,114,http,5177.419434,689564.875,46,232,255,255,2680626361,288417592,51,1329,0,0,3857.042563,1845.559132,1424241449,1424241453,79.147109,14.772078,0.174476,0.109683,0.064793,0,1,,, ,2,1,1,1,1,1,1,Worms,1
175.45.176.1,6349,149.171.126.13,80,tcp,FIN,0.55592,1306,268,254,252,2,1,http,16923.29883,3223.485352,10,6,255,255,3957066799,1972845845,131,45,0,0,3073.767635,149.099469,1424241487,1424241487,60.007111,92.002398,0.17324,0.095905,0.077335,0,1,,, ,1,1,1,1,1,1,1,Worms,1
175.45.176.1,62031,149.171.126.10,80,tcp,FIN,0.994333,1292,354,254,252,2,1,http,9357.026367,2494.134277,10,8,255,255,2956089575,1798542678,129,44,0,0,6740.875398,174.333203,1424241732,1424241733,106.520111,125.66843,0.234836,0.114652,0.120184,0,1,,, ,2,1,1,1,1,1,1,Worms,1
175.45.176.3,17744,149.171.126.18,80,tcp,FIN,7.542804,5152,914241,254,252,2,335,http,5416.553711,968218.1875,114,674,255,255,2403290362,3671523779,45,1356,0,0,3247.760184,1325.611006,1424242559,1424242566,66.74106,11.076426,0.134393,0.099438,0.034955,0,1,,, ,1,1,1,1,1,1,1,Worms,1
175.45.176.1,56389,149.171.126.13,80,tcp,FIN,0.552468,1006,268,254,252,2,1,http,13119.31152,3243.626709,10,6,255,255,1338699451,2315558907,101,45,0,0,2856.908278,131.842484,1424242604,1424242605,55.407889,90.413,0.177127,0.100393,0.076734,0,1,,, ,1,1,3,3,1,1,8,Worms,1
175.45.176.2,46773,149.171.126.14,80,tcp,FIN,0.246179,1308,268,254,252,2,1,http,38281.08984,7279.256348,10,6,255,255,578527743,878594715,131,45,1,0,1535.535969,77.770492,1424242893,1424242893,25.072667,46.394801,0.03126,0.014195,0.017065,0,1,1,, ,1,1,1,1,1,1,1,Worms,1
175.45.176.2,4000,149.171.126.18,45654,udp,INT,5.00E-06,2050,0,254,0,0,0,-,1640000000,0,2,0,0,0,0,0,1025,0,0,0,0,0,1424243307,1424243307,0.005,0,0,0,0,0,2,,, ,1,1,2,2,1,1,2,Worms,1
175.45.176.1,4520,149.171.126.14,80,tcp,FIN,0.225459,1302,268,254,252,2,1,http,41586.27734,7948.230469,10,6,255,255,997016902,2279058569,130,45,1,0,1144.519238,64.842996,1424243919,1424243920,22.070556,42.376602,0.065852,0.013567,0.052285,0,1,1,, ,1,1,1,1,1,1,1,Worms,1
175.45.176.2,26948,149.171.126.15,80,tcp,FIN,0.282141,8682,268,254,252,4,1,http,228594.9219,6351.434082,14,6,255,255,2712257908,1585864166,620,45,1,0,1113.205537,55.952531,1424244177,1424244177,18.474385,44.032,0.091554,0.061973,0.029581,0,1,1,, ,1,1,1,1,1,1,1,Worms,1
175.45.176.3,55185,149.171.126.11,80,tcp,FIN,0.469675,1022,354,254,252,2,1,http,15670.41016,5280.24707,10,8,255,255,3636510647,925067762,102,44,1,0,3469.698475,127.04825,1424244273,1424244273,50.286556,64.476855,0.080499,0.018329,0.06217,0,1,1,, ,1,1,1,1,1,1,1,Worms,1
175.45.176.3,63213,149.171.126.13,80,tcp,FIN,5.273311,3216,481994,254,252,2,179,http,4806.088379,729201.0625,66,362,255,255,3467149119,3957544389,49,1331,1,233472,3969.577022,1746.923307,1424244365,1424244370,81.112923,14.410776,0.159584,0.071012,0.088572,0,1,1,, ,4,2,1,1,1,1,1,Worms,1
175.45.176.3,14593,149.171.126.12,80,tcp,FIN,0.645884,1302,268,254,252,2,1,http,14516.53906,2774.492188,10,6,255,255,263660951,905173342,130,45,1,0,3559.783136,163.159906,1424244443,1424244444,69.526333,113.628203,0.168504,0.077725,0.090779,0,1,1,, ,3,1,1,1,1,1,1,Worms,1
175.45.176.3,52653,149.171.126.11,69,udp,INT,1.30E-05,92,0,254,0,0,0,-,28307692,0,2,0,0,0,0,0,46,0,0,0,0,0,1424244451,1424244451,0.013,0,0,0,0,0,2,,, ,2,1,1,2,1,1,1,Worms,1
175.45.176.0,15430,149.171.126.12,80,tcp,FIN,0.773601,1296,354,254,252,2,1,http,12068.23633,3205.786865,10,8,255,255,1943743410,4178103545,130,44,1,0,4561.539855,169.951453,1424244480,1424244481,81.961444,100.63157,0.134046,0.069177,0.064869,0,1,1,, ,1,1,1,1,1,1,1,Worms,1
175.45.176.0,44310,149.171.126.11,80,tcp,FIN,0.347385,1296,268,254,252,2,1,http,26875.08203,5158.541992,10,6,255,255,2818087363,168983115,130,45,1,0,2086.058322,79.245195,1424244852,1424244852,38.598333,60.37975,0.154836,0.090305,0.064531,0,1,1,, ,1,1,1,1,1,1,1,Worms,1
175.45.176.2,12632,149.171.126.10,80,tcp,FIN,0.7599,1302,268,254,252,2,1,http,12338.46582,2358.205078,10,6,255,255,2197209414,99497902,130,45,1,0,4377.886393,209.678109,1424245080,1424245080,80.336556,134.386406,0.161005,0.087959,0.073046,0,1,1,, ,1,1,1,2,1,1,1,Worms,1
175.45.176.2,49573,149.171.126.18,1434,udp,INT,2.00E-06,808,0,254,0,0,0,-,1616000000,0,2,0,0,0,0,0,404,0,0,0,0,0,1424245298,1424245298,0.002,0,0,0,0,0,2,,, ,4,1,1,3,1,1,1,Worms,1
175.45.176.0,50967,149.171.126.14,80,tcp,FIN,2.6538,2002,263706,254,252,2,100,http,5878.363281,791058.875,38,204,255,255,1248574443,868412835,53,1293,1,127488,3774.085408,1917.704701,1424245775,1424245778,71.724327,12.508739,0.14755,0.082033,0.065517,0,1,1,, ,4,1,1,1,1,1,1,Worms,1
175.45.176.3,11027,149.171.126.16,80,tcp,FIN,0.194372,1294,268,254,252,2,1,http,47949.29297,9219.43457,10,6,255,255,400511235,2045070223,129,45,1,0,981.855536,53.099258,1424245864,1424245865,19.161889,36.138398,0.064798,0.013671,0.051127,0,1,1,, ,1,1,1,37,1,1,1,Worms,1
175.45.176.3,19913,149.171.126.14,80,tcp,FIN,0.317595,1314,268,254,252,2,1,http,29798.95703,5642.40625,10,6,255,255,4170353237,555439030,131,45,1,0,1961.41481,100.661031,1424246079,1424246079,35.288333,56.450602,0.033852,0.015665,0.018187,0,1,1,, ,1,1,1,11,1,1,1,Worms,1
175.45.176.2,38807,149.171.126.16,80,tcp,FIN,1.894141,1308,354,254,252,2,1,http,4975.342285,1309.300659,10,8,255,255,3626466700,2951972131,131,44,1,0,13644.74852,376.156781,1424246820,1424246822,210.460111,258.870281,0.217456,0.080394,0.137062,0,1,1,, ,2,2,1,2,2,1,1,Worms,1
175.45.176.2,64368,149.171.126.10,80,tcp,FIN,0.764592,1296,354,254,252,2,1,http,12210.43359,3243.560059,10,8,255,255,1218879297,85852923,130,44,1,0,5290.400088,160.562547,1424247145,1424247146,82.386,99.195289,0.154961,0.070216,0.084745,0,1,1,, ,2,1,1,4,2,1,1,Worms,1
175.45.176.3,9954,149.171.126.16,80,tcp,FIN,0.38716,816,268,254,252,2,1,http,15187.51953,4628.577148,10,6,255,255,1856666519,4085128820,82,45,1,0,1824.850151,91.149219,1424247362,1424247362,35.014778,67.246797,0.089837,0.050917,0.03892,0,1,4,, ,2,2,2,2,2,2,2,Worms,1
175.45.176.3,9954,149.171.126.16,80,tcp,FIN,0.38716,816,268,254,252,2,1,http,15187.51953,4628.577148,10,6,255,255,1856666519,4085128820,82,45,1,0,1824.850151,91.149219,1424247362,1424247362,35.014778,67.246797,0.089837,0.050917,0.03892,0,1,4,, ,2,2,2,2,2,2,2,Worms,1
175.45.176.3,34740,149.171.126.11,80,tcp,FIN,0.316415,1308,268,254,252,2,1,http,29783.66992,5663.448242,10,6,255,255,3413250837,2068889407,131,45,1,0,1845.402675,71.377648,1424248102,1424248102,35.079,52.083801,0.136028,0.05599,0.080038,0,1,1,, ,1,1,1,1,1,1,1,Worms,1
175.45.176.0,35479,149.171.126.11,80,tcp,FIN,0.518373,1282,268,254,252,2,1,http,17809.56836,3456.969971,10,6,255,255,522517530,3251581141,128,45,1,0,2659.299563,116.802688,1424248506,1424248506,52.129444,89.169797,0.12456,0.07252,0.05204,0,1,1,, ,2,1,1,1,1,1,1,Worms,1
175.45.176.2,8149,149.171.126.16,80,tcp,FIN,3.800207,2524,308576,254,252,2,117,http,5208.137695,646870.0625,50,238,255,255,131430415,4138272602,50,1297,1,149237,3865.544473,1798.461159,1424248598,1424248602,77.555242,15.706687,0.160209,0.092305,0.067904,0,1,1,, ,2,1,1,1,1,1,1,Worms,1
175.45.176.3,55115,149.171.126.16,80,tcp,FIN,0.432285,1306,268,254,252,2,1,http,21763.41992,4145.413086,10,6,255,255,4046894510,1917553694,131,45,1,0,2402.050482,84.750711,1424248635,1424248635,47.924889,67.031398,0.140961,0.097125,0.043836,0,1,1,, ,1,1,1,1,1,1,1,Worms,1
175.45.176.0,58300,149.171.126.15,80,tcp,FIN,15.887326,1292,354,254,252,2,1,http,585.624023,156.099274,10,8,255,255,1999084223,2294194929,129,44,1,0,119205.5919,3604.42525,1424248935,1424248951,1765.245333,2256.6845,0.152145,0.09053,0.061615,0,1,1,, ,1,1,2,1,1,1,1,Worms,1
175.45.176.2,32884,149.171.126.13,80,tcp,FIN,3.911763,1252,2144,62,252,3,3,http,2347.790527,4020.693604,12,12,255,255,2096874480,3853068414,104,179,1,233472,23382.07711,682.11225,1424249605,1424249608,355.519551,348.757375,0.155203,0.075431,0.079772,0,1,4,, ,1,1,1,1,1,1,1,Worms,1
175.45.176.2,32884,149.171.126.13,80,tcp,FIN,3.911763,1252,2144,62,252,3,3,http,2347.790527,4020.693604,12,12,255,255,2096874480,3853068414,104,179,1,233472,23382.07711,682.11225,1424249605,1424249608,355.519551,348.757375,0.155203,0.075431,0.079772,0,1,4,, ,1,1,1,1,1,1,2,Worms,1
175.45.176.2,40371,149.171.126.11,80,tcp,FIN,9.745114,5284,915302,254,252,2,347,http,4300.821777,750317.3125,116,698,255,255,3588406060,421898955,46,1311,1,443364,4009.090421,1643.987382,1424249761,1424249771,84.740121,13.903942,0.126188,0.078252,0.047936,0,1,1,, ,1,1,1,1,1,1,1,Worms,1
175.45.176.0,36377,149.171.126.12,80,tcp,FIN,0.413517,1006,268,254,252,2,1,http,17527.69531,4333.558105,10,6,255,255,1974298504,3367634246,101,45,1,0,2139.879527,102.698758,1424249806,1424249806,41.874444,74.722398,0.101872,0.039904,0.061968,0,1,1,, ,1,1,1,3,1,1,5,Worms,1
175.45.176.0,3242,149.171.126.13,80,tcp,FIN,0.174514,1308,268,254,252,2,1,http,54001.39844,10268.51758,10,6,255,255,3588639009,1063879651,131,45,1,0,1108.838175,59.31243,1424250096,1424250097,19.301111,32.776801,0.025277,0.010622,0.014655,0,1,1,, ,1,1,1,12,1,1,1,Worms,1
175.45.176.2,4000,149.171.126.15,59948,udp,INT,6.00E-06,2050,0,254,0,0,0,-,1366666624,0,2,0,0,0,0,0,1025,0,0,0,0,0,1424250514,1424250514,0.006,0,0,0,0,0,2,,, ,1,1,2,1,1,1,1,Worms,1
175.45.176.3,25356,149.171.126.12,80,tcp,FIN,0.236127,1302,268,254,252,2,1,http,39707.44531,7589.13623,10,6,255,255,2553116958,1780844944,130,45,1,0,1202.71422,66.780602,1424251134,1424251134,23.112556,43.757,0.067722,0.017341,0.050381,0,1,1,, ,3,1,1,1,1,1,1,Worms,1
175.45.176.0,22777,149.171.126.15,80,tcp,FIN,0.35709,8682,268,254,252,4,1,http,180615.5313,5018.342773,14,6,255,255,1567078894,4098128655,620,45,1,0,1706.142528,111.153719,1424251394,1424251394,27.450769,65.526801,0.078295,0.029447,0.048848,0,1,1,, ,1,1,1,1,1,1,1,Worms,1
175.45.176.3,31200,149.171.126.11,80,tcp,FIN,0.267476,1022,268,254,252,2,1,http,27516.48828,6699.666504,10,6,255,255,3764792852,2331549498,102,45,1,0,1496.687302,80.450727,1424251490,1424251490,29.605111,47.281801,0.066368,0.031057,0.035311,0,1,1,, ,1,1,1,1,1,1,1,Worms,1
175.45.176.2,32884,149.171.126.13,80,tcp,FIN,5.411692,3214,482261,254,252,2,181,http,4680.236816,710980.5625,66,368,255,255,2117020568,3891423816,49,1310,1,233472,4393.514627,1779.647006,1424251585,1424251590,83.2554,14.533106,0.181316,0.09256,0.088756,0,1,4,, ,5,4,4,3,3,2,4,Worms,1
175.45.176.2,32884,149.171.126.13,80,tcp,FIN,5.411692,3214,482261,254,252,2,181,http,4680.236816,710980.5625,66,368,255,255,2117020568,3891423816,49,1310,1,233472,4393.514627,1779.647006,1424251585,1424251590,83.2554,14.533106,0.181316,0.09256,0.088756,0,1,4,, ,5,4,4,3,3,2,4,Worms,1
175.45.176.3,5233,149.171.126.13,80,tcp,FIN,0.317519,1302,268,254,252,2,1,http,29528.94141,5643.756348,10,6,255,255,1999662681,1064111785,130,45,1,0,1600.674387,76.049305,1424251661,1424251661,32.577889,54.511398,0.090385,0.044958,0.045427,0,1,1,, ,1,1,1,2,1,1,1,Worms,1
175.45.176.2,5004,149.171.126.10,69,udp,INT,3.00E-06,92,0,254,0,0,0,-,122666664,0,2,0,0,0,0,0,46,0,0,0,0,0,1424251670,1424251670,0.003,0,0,0,0,0,2,,, ,2,1,1,1,1,1,1,Worms,1
175.45.176.0,41321,149.171.126.19,80,tcp,FIN,0.35158,1296,268,254,252,2,1,http,26554.41211,5096.990723,10,6,255,255,2653772171,3842006425,130,45,1,0,1998.570128,85.875445,1424251691,1424251691,38.962444,57.005,0.134771,0.066552,0.068219,0,1,1,, ,1,1,1,1,1,1,1,Worms,1
175.45.176.3,24647,149.171.126.14,80,tcp,FIN,0.326768,1296,268,254,252,2,1,http,28570.72852,5484.013184,10,6,255,255,2954475506,1165081677,130,45,1,0,1851.773091,98.120727,1424252070,1424252071,36.307556,55.835602,0.061652,0.030794,0.030858,0,1,1,, ,1,1,1,1,1,1,1,Worms,1
175.45.176.3,43460,149.171.126.13,80,tcp,FIN,0.404662,1302,268,254,252,2,1,http,23169.95313,4428.387207,10,6,255,255,255971816,3662506664,130,45,1,0,2166.391485,96.569125,1424252299,1424252300,44.857778,66.391797,0.133245,0.072699,0.060546,0,1,1,, ,1,1,1,5,1,1,1,Worms,1
175.45.176.3,55079,149.171.126.16,1434,udp,INT,7.00E-06,808,0,254,0,0,0,-,461714272,0,2,0,0,0,0,0,404,0,0,0,0,0,1424252522,1424252522,0.007,0,0,0,0,0,2,,, ,2,1,1,1,1,1,1,Worms,1
175.45.176.0,49608,149.171.126.14,80,tcp,FIN,2.57351,2002,263543,254,252,2,97,http,6061.760254,815154.4375,38,200,255,255,2201579574,1934419579,53,1318,1,127488,3693.623832,1582.119642,1424253003,1424253005,69.554326,12.418417,0.205233,0.101551,0.103682,0,1,1,, ,1,2,2,1,1,1,1,Worms,1
175.45.176.1,37441,149.171.126.15,80,tcp,FIN,0.569059,1294,268,254,252,2,1,http,16377.91504,3149.05835,10,6,255,255,2745895345,4187928499,129,45,1,0,3265.3051,182.593031,1424253094,1424253095,63.133333,106.113203,0.102224,0.038485,0.063739,0,1,1,, ,1,1,1,18,1,1,1,Worms,1
175.45.176.1,25040,149.171.126.19,80,tcp,FIN,0.362757,1314,268,254,252,2,1,http,26089.08984,4939.946289,10,6,255,255,3484986599,2843550890,131,45,1,0,2600.203668,121.016242,1424253312,1424253313,39.198778,68.499602,0.039943,0.020256,0.019687,0,1,1,, ,1,1,1,2,1,1,1,Worms,1
175.45.176.2,63478,149.171.126.14,80,tcp,FIN,1.370274,1308,354,254,252,2,1,http,6877.457031,1809.857056,10,8,255,255,1417581238,3539794330,131,44,1,0,9929.69379,253.454594,1424254052,1424254053,149.824556,176.616,0.215256,0.133959,0.081297,0,1,1,, ,1,2,2,5,1,1,1,Worms,1
175.45.176.3,4524,149.171.126.10,80,tcp,FIN,0.73432,1296,354,254,252,2,1,http,12713.80371,3377.27417,10,8,255,255,1227261162,3313655909,130,44,1,0,4532.775434,184.381531,1424254383,1424254384,79.309222,93.046,0.221709,0.08299,0.138719,0,1,1,, ,3,1,2,1,1,1,1,Worms,1
175.45.176.1,38249,149.171.126.11,80,tcp,FIN,1.241609,760,1252,62,252,2,2,http,4407.18457,7261.54541,10,10,255,255,2179956175,157948654,76,125,1,183,7963.501102,279.042281,1424254725,1424254727,137.956556,132.588781,0.108363,0.047553,0.06081,0,1,1,, ,1,1,1,17,1,1,2,Worms,1
175.45.176.1,30680,149.171.126.18,80,tcp,FIN,0.58705,1282,268,254,252,2,1,http,15726.08789,3052.550781,10,6,255,255,2228256836,3254671381,128,45,1,0,2825.648334,133.967531,1424255733,1424255733,54.664222,103.232797,0.147546,0.070876,0.07667,0,1,1,, ,1,1,1,1,1,1,1,Worms,1
175.45.176.2,13155,149.171.126.10,80,tcp,FIN,3.871076,2294,308273,254,252,2,113,http,4639.536621,634335.25,46,232,255,255,2443634197,3800249613,50,1329,1,149237,4714.659403,2018.447119,1424255825,1424255829,86.023912,16.385251,0.13882,0.056488,0.082332,0,1,1,, ,1,1,1,1,1,1,1,Worms,1
175.45.176.1,61386,149.171.126.12,80,tcp,FIN,1.177513,1306,354,254,252,2,1,http,7989.720703,2106.133789,10,8,255,255,3384616369,4060339489,131,44,1,0,9359.289003,211.985187,1424255862,1424255864,128.388333,155.956578,0.164493,0.085814,0.078679,0,1,1,, ,1,1,1,1,1,1,1,Worms,1
175.45.176.3,28620,149.171.126.11,80,tcp,FIN,1.636358,1292,354,254,252,2,1,http,5685.797363,1515.560791,10,8,255,255,2997885010,1505443127,129,44,1,0,10278.5057,338.096344,1424256103,1424256104,181.817556,209.429578,0.18885,0.11366,0.07519,0,1,1,, ,1,1,2,1,1,1,1,Worms,1
175.45.176.2,2249,149.171.126.14,80,tcp,FIN,8.7345,5154,914758,254,252,2,341,http,4679.375,836613.4375,114,686,255,255,3049056587,1142213436,45,1333,1,443364,3644.098928,1569.626815,1424256942,1424256951,77.291231,12.655595,0.132647,0.07807,0.054577,0,1,1,, ,1,1,2,2,1,1,1,Worms,1
175.45.176.2,19343,149.171.126.10,80,tcp,CON,0.238189,834,96,254,252,2,1,http,23342.80859,1612.165161,6,2,255,255,3472616665,1751163224,139,48,1,0,2768.962242,0,1424256987,1424256988,47.6378,0.009,0.189733,0.083418,0.106315,0,0,2,, ,1,1,2,4,2,2,2,Worms,1
175.45.176.2,19343,149.171.126.10,80,tcp,CON,0.238189,834,96,254,252,2,1,-,23342.80859,1612.165161,6,2,255,255,3472616665,1751163224,139,48,1,0,2768.962242,0,1424256987,1424256988,47.6378,0.009,0.189733,0.083418,0.106315,0,0,2,, ,6,1,2,4,2,2,2,Worms,1
175.45.176.2,55033,149.171.126.16,80,tcp,FIN,0.259378,1308,268,254,252,2,1,http,36333.07422,6908.835938,10,6,255,255,766566468,3510803096,131,45,1,0,1489.356272,65.517953,1424257277,1424257277,28.819778,43.349398,0.09462,0.041439,0.053181,0,1,1,, ,2,1,1,9,1,1,1,Worms,1
175.45.176.2,4000,149.171.126.17,9428,udp,INT,1.30E-05,2050,0,254,0,0,0,-,630769216,0,2,0,0,0,0,0,1025,0,0,0,0,0,1424257694,1424257694,0.013,0,0,0,0,0,2,,, ,2,1,1,1,1,1,1,Worms,1
175.45.176.0,10436,149.171.126.14,80,tcp,FIN,0.260245,1302,268,254,252,2,1,http,36027.58984,6885.819336,10,6,255,255,309952103,2940668883,130,45,1,0,1476.059783,76.143672,1424258314,1424258314,26.491111,48.913398,0.070197,0.015669,0.054528,0,1,1,, ,1,1,1,1,1,1,1,Worms,1
175.45.176.2,7096,149.171.126.15,80,tcp,FIN,0.561534,8682,354,254,252,4,1,http,114856.8047,4416.473633,14,8,255,255,4043959151,428521946,620,44,1,0,3122.274391,112.126883,1424258578,1424258578,40.162539,72.06643,0.110487,0.057059,0.053428,0,1,1,, ,1,1,1,1,1,1,1,Worms,1
175.45.176.0,57149,149.171.126.12,80,tcp,FIN,0.258671,1022,268,254,252,2,1,http,28453.13281,6927.719238,10,6,255,255,605886437,1018502068,102,45,1,0,1347.212612,62.070973,1424258673,1424258674,26.850333,43.196,0.076541,0.042682,0.033859,0,1,1,, ,1,1,3,1,1,1,1,Worms,1
175.45.176.1,16565,149.171.126.13,80,tcp,FIN,5.869643,3264,481642,254,252,2,174,http,4383.230469,654597.875,68,354,255,255,1922599459,2326255763,48,1361,1,233472,4342.422769,2008.83341,1424258767,1424258773,87.606609,16.25291,0.22072,0.132167,0.088553,0,1,1,, ,1,3,1,1,1,1,1,Worms,1
175.45.176.2,61180,149.171.126.16,80,tcp,FIN,0.688471,1302,268,254,252,2,1,http,13618.58301,2602.869141,10,6,255,255,4232239835,2368494428,130,45,1,0,4125.185216,192.629562,1424258846,1424258847,70.353,124.306203,0.149497,0.066932,0.082565,0,1,1,, ,1,1,1,4,1,1,1,Worms,1
175.45.176.3,14003,149.171.126.15,69,udp,INT,3.00E-06,92,0,254,0,0,0,-,122666664,0,2,0,0,0,0,0,46,0,0,0,0,0,1424258855,1424258855,0.003,0,0,0,0,0,2,,, ,1,1,1,1,1,1,1,Worms,1
175.45.176.1,20383,149.171.126.13,80,tcp,FIN,0.497404,1296,268,254,252,2,1,http,18769.45117,3602.705078,10,6,255,255,2304277639,590904973,130,45,1,0,2466.535649,114.78582,1424258876,1424258876,49.79,84.105398,0.160412,0.076869,0.083543,0,1,1,, ,1,1,3,1,1,1,1,Worms,1
175.45.176.1,40278,149.171.126.13,80,tcp,FIN,0.649706,1296,354,254,252,2,1,http,14369.57617,3817.111084,10,8,255,255,214092218,1549207038,130,44,1,0,4415.899067,132.544,1424259261,1424259261,68.975333,82.465289,0.156096,0.072448,0.083648,0,1,1,, ,1,1,1,1,1,1,1,Worms,1
175.45.176.3,36785,149.171.126.17,80,tcp,FIN,0.605943,1302,268,254,252,2,1,http,15473.40234,2957.373779,10,6,255,255,3929846639,1561705413,130,45,1,0,3434.178772,160.602578,1424259490,1424259491,65.607889,108.024398,0.14168,0.065812,0.075868,0,1,1,, ,1,1,3,4,1,1,8,Worms,1
175.45.176.0,1055,149.171.126.18,1434,udp,INT,9.00E-06,808,0,254,0,0,0,-,359111104,0,2,0,0,0,0,0,404,0,0,0,0,0,1424259712,1424259712,0.009,0,0,0,0,0,2,,, ,1,1,1,1,1,1,1,Worms,1
175.45.176.1,30394,149.171.126.17,80,tcp,FIN,1.781064,2006,263718,254,252,2,100,http,8776.776367,1178738.125,38,204,255,255,1153938807,88026583,53,1293,1,127488,2332.4247,1056.944465,1424260195,1424260196,48.136864,8.615739,0.084797,0.031317,0.05348,0,1,1,, ,1,1,1,1,1,1,1,Worms,1
175.45.176.1,32110,149.171.126.18,80,tcp,FIN,0.694885,1294,268,254,252,2,1,http,13412.29102,2578.843994,10,6,255,255,2867172519,1012940810,129,45,1,0,4564.521772,227.002438,1424260285,1424260286,71.539667,131.532594,0.118788,0.037217,0.081571,0,1,1,, ,1,1,2,1,1,1,1,Worms,1
175.45.176.0,46976,149.171.126.11,80,tcp,FIN,0.205475,1314,268,254,252,2,1,http,46059.12891,8721.255859,10,6,255,255,2204486000,1990559986,131,45,1,0,1183.326781,50.607621,1424260500,1424260500,20.689778,33.332801,0.096599,0.038805,0.057794,0,1,1,, ,1,1,1,18,1,1,1,Worms,1
175.45.176.0,11395,149.171.126.16,80,tcp,FIN,1.092952,1308,354,254,252,2,1,http,8622.519531,2269.083984,10,8,255,255,2195247902,1999264189,131,44,1,0,6318.297942,237.225109,1424261245,1424261247,121.330222,140.882578,0.189132,0.106751,0.082381,0,1,1,, ,1,1,2,1,1,1,1,Worms,1
,,,,,,,,,,,,,,,,,,,,,,,,,,,,,,,,,,,,,,,,,,,,,,,,
,,,,,,,,,,,,,,,,,,,,,,,,,,,,,,,,,,,,,,,,,,,,,,,,
,,,,,,,,,,,,,,,,,,,,,,,,,,,,,,,,,,,,,,,,,,,,,,,,
175.45.176.0,13284,149.171.126.16,80,tcp,FIN,2.39039,1362,268,254,252,6,1,http,4233.619141,749.668518,14,6,255,255,3897219059,2466816006,97,45,1,0,18786.7114,941.724938,1421927414,1421927416,183.579303,474.259406,0.066088,0.017959,0.048129,0,1,1,0,0,5,2,2,1,1,1,1,Reconnaissance,1
175.45.176.2,35000,149.171.126.19,80,tcp,FIN,0.190783,1092,268,254,252,2,1,http,41219.60547,9392.871094,10,6,255,255,2783617730,1043538070,109,45,1,0,1095.271931,65.959016,1421927468,1421927469,20.585889,36.779199,0.053961,0.00688,0.047081,0,1,1,0,0,1,1,1,1,1,1,1,Reconnaissance,1
175.45.176.1,47162,149.171.126.12,80,tcp,FIN,1.467368,848,354,254,252,2,1,http,4165.280762,1690.100952,10,8,255,255,2127486900,3956740494,85,44,0,0,9889.481287,279.167219,1421927681,1421927683,160.915667,193.385281,0.253724,0.113661,0.140063,0,1,0,0,0,1,1,1,1,1,1,1,Reconnaissance,1
175.45.176.1,40657,149.171.126.13,80,tcp,FIN,0.777999,926,268,254,252,2,1,http,8575.84668,2303.344971,10,6,255,255,1288847395,3396690538,93,45,0,0,4393.199278,224.627328,1421927684,1421927685,83.095778,136.504,0.180558,0.095468,0.08509,0,1,0,0,0,2,1,1,1,1,1,1,Reconnaissance,1
,,,,,,,,,,,,,,,,,,,,,,,,,,,,,,,,,,,,,,,,,,,,,,,,
175.45.176.2,2249,149.171.126.14,80,tcp,FIN,8.7345,5154,914758,254,252,2,341,http,4679.375,836613.4375,114,686,255,255,3049056587,1142213436,45,1333,1,443364,3644.098928,1569.626815,1424256942,1424256951,77.291231,12.655595,0.132647,0.07807,0.054577,0,1,1,, ,1,1,2,2,1,1,1,Worms,1
175.45.176.2,7096,149.171.126.15,80,tcp,FIN,0.561534,8682,354,254,252,4,1,http,114856.8047,4416.473633,14,8,255,255,4043959151,428521946,620,44,1,0,3122.274391,112.126883,1424258578,1424258578,40.162539,72.06643,0.110487,0.057059,0.053428,0,1,1,, ,1,1,1,1,1,1,1,Worms,1
175.45.176.2,61180,149.171.126.16,80,tcp,FIN,0.688471,1302,268,254,252,2,1,http,13618.58301,2602.869141,10,6,255,255,4232239835,2368494428,130,45,1,0,4125.185216,192.629562,1424258846,1424258847,70.353,124.306203,0.149497,0.066932,0.082565,0,1,1,, ,1,1,1,4,1,1,1,Worms,1
175.45.176.0,46976,149.171.126.11,80,tcp,FIN,0.205475,1314,268,254,252,2,1,http,46059.12891,8721.255859,10,6,255,255,2204486000,1990559986,131,45,1,0,1183.326781,50.607621,1424260500,1424260500,20.689778,33.332801,0.096599,0.038805,0.057794,0,1,1,, ,1,1,1,18,1,1,1,Worms,1
