,actual,predict
0,0,0
1,0,0
2,0,0
3,0,0
4,0,0
5,0,0
6,0,0
7,0,0
8,0,0
9,0,0
10,0,0
11,0,0
12,0,0
13,0,0
14,0,0
15,0,0
16,0,0
17,0,0
18,0,0
19,0,0
20,0,0
21,0,0
22,0,0
23,0,0
24,0,0
25,0,0
26,0,0
27,0,0
28,0,0
29,0,0
30,0,0
31,0,0
32,0,0
33,0,0
34,0,0
35,0,0
36,0,0
37,0,0
38,0,0
39,0,0
40,0,0
41,0,0
42,0,0
43,0,0
44,0,0
45,0,0
46,0,0
47,0,0
48,0,0
49,0,0
50,0,0
51,0,0
52,0,0
53,0,0
54,0,0
55,0,0
56,0,0
57,0,0
58,0,0
59,0,0
60,0,0
61,0,0
62,0,0
63,0,0
64,0,0
65,0,0
66,0,0
67,0,0
68,0,0
69,0,0
70,0,0
71,0,0
72,0,0
73,0,0
74,0,0
75,0,0
76,0,0
77,0,0
78,0,0
79,0,0
80,0,0
81,0,0
82,0,0
83,0,0
84,0,0
85,0,0
86,0,0
87,0,0
88,0,0
89,0,0
90,0,0
91,0,0
92,0,0
93,0,0
94,0,0
95,0,0
96,0,0
97,0,0
98,0,0
99,0,0
100,0,0
101,0,0
102,0,0
103,0,0
104,0,0
105,0,0
106,0,0
107,0,0
108,0,0
109,0,0
110,0,0
111,0,0
112,0,0
113,0,0
114,0,0
115,0,0
116,0,0
117,0,0
118,0,0
119,0,0
120,0,0
121,0,0
122,0,0
123,0,0
124,0,0
125,0,0
126,0,0
127,0,0
128,0,0
129,0,0
130,0,0
131,0,0
132,0,0
133,0,0
134,0,0
135,0,0
136,0,0
137,0,0
138,0,0
139,0,0
140,0,0
141,0,0
142,0,0
143,0,0
144,0,0
145,0,0
146,0,0
147,0,0
148,0,0
149,0,0
150,0,0
151,0,0
152,0,0
153,0,0
154,0,0
155,0,0
156,0,0
157,0,0
158,0,0
159,0,0
160,0,0
161,0,0
162,0,0
163,0,0
164,0,0
165,0,0
166,0,0
167,0,0
168,0,0
169,0,0
170,0,0
171,0,0
172,0,0
173,0,0
174,0,0
175,0,0
176,0,0
177,0,0
178,0,0
179,0,0
180,0,0
181,0,0
182,0,0
183,0,0
184,0,0
185,0,0
186,0,0
187,0,0
188,0,0
189,0,0
190,0,0
191,0,0
192,0,0
193,0,0
194,0,0
195,0,0
196,0,0
197,0,0
198,0,0
199,0,0
200,0,0
201,0,0
202,0,0
203,0,0
204,0,0
205,0,0
206,0,0
207,0,0
208,0,0
209,0,0
210,0,0
211,0,0
212,0,0
213,0,0
214,0,0
215,0,0
216,0,0
217,0,0
218,0,0
219,0,0
220,0,0
221,0,0
222,0,0
223,0,0
224,0,0
225,0,0
226,0,0
227,0,0
228,0,0
229,0,0
230,0,0
231,0,0
232,0,0
233,0,0
234,0,0
235,0,0
236,0,0
237,0,0
238,0,0
239,0,0
240,0,0
241,0,0
242,0,0
243,0,0
244,0,0
245,0,0
246,0,0
247,0,0
248,0,0
249,0,0
250,0,0
251,0,0
252,0,0
253,0,0
254,0,0
255,0,0
256,0,0
257,0,0
258,0,0
259,0,0
260,0,0
261,0,0
262,0,0
263,0,0
264,0,0
265,0,0
266,0,0
267,0,0
268,0,0
269,0,0
270,0,0
271,0,0
272,0,0
273,0,0
274,0,0
275,0,0
276,0,0
277,0,0
278,0,0
279,0,0
280,0,0
281,0,0
282,0,0
283,0,0
284,0,0
285,0,0
286,0,0
287,0,0
288,0,0
289,0,0
290,0,0
291,0,0
292,0,0
293,0,0
294,0,0
295,0,0
296,0,0
297,0,0
298,0,0
299,0,0
300,0,0
301,0,0
302,0,0
303,0,0
304,0,0
305,0,0
306,0,0
307,0,0
308,0,0
309,0,0
310,0,0
311,0,0
312,0,0
313,0,0
314,0,0
315,0,0
316,0,0
317,0,0
318,0,0
319,0,0
320,0,0
321,0,0
322,0,0
323,0,0
324,0,0
325,0,0
326,0,0
327,0,0
328,0,0
329,0,0
330,0,0
331,0,0
332,0,0
333,0,0
334,0,0
335,0,0
336,0,0
337,0,0
338,0,0
339,0,0
340,0,0
341,0,0
342,0,0
343,0,0
344,0,0
345,0,0
346,0,0
347,0,0
348,0,0
349,0,0
350,0,0
351,0,0
352,0,0
353,0,0
354,0,0
355,0,0
356,0,0
357,0,0
358,0,0
359,0,0
360,0,0
361,0,0
362,0,0
363,0,0
364,0,0
365,0,0
366,0,0
367,0,0
368,0,0
369,0,0
370,0,0
371,0,0
372,0,0
373,0,0
374,0,0
375,0,0
376,0,0
377,0,0
378,0,0
379,0,0
380,0,0
381,0,0
382,0,0
383,0,0
384,0,0
385,0,0
386,0,0
387,0,0
388,0,0
389,0,0
390,0,0
391,0,0
392,0,0
393,0,0
394,0,0
395,0,0
396,0,0
397,0,0
398,0,0
399,0,0
400,0,0
401,0,0
402,0,0
403,0,0
404,0,0
405,0,0
406,0,0
407,0,0
408,0,0
409,0,0
410,0,0
411,0,0
412,0,0
413,0,0
414,0,0
415,0,0
416,0,0
417,0,0
418,0,0
419,0,0
420,0,0
421,0,0
422,0,0
423,0,0
424,0,0
425,0,0
426,0,0
427,0,0
428,0,0
429,0,0
430,0,0
431,0,0
432,0,0
433,0,0
434,0,0
435,0,0
436,0,0
437,0,0
438,0,0
439,0,0
440,0,0
441,0,0
442,0,0
443,0,0
444,0,0
445,0,0
446,0,0
447,0,0
448,0,0
449,0,0
450,0,0
451,0,0
452,0,0
453,0,0
454,0,0
455,0,0
456,0,0
457,0,0
458,0,0
459,0,0
460,0,0
461,0,0
462,0,0
463,0,0
464,0,0
465,0,0
466,0,0
467,0,0
468,0,0
469,0,0
470,0,0
471,0,0
472,0,0
473,0,0
474,0,0
475,0,0
476,0,0
477,0,0
478,0,0
479,0,0
480,0,0
481,0,0
482,0,0
483,0,0
484,0,0
485,0,0
486,0,0
487,0,0
488,0,0
489,0,0
490,0,0
491,0,0
492,0,0
493,0,0
494,0,0
495,0,0
496,0,0
497,0,0
498,0,0
499,0,0
500,5,5
501,5,1
502,7,7
503,5,5
504,5,7
505,4,5
506,6,5
507,5,5
508,4,5
509,5,5
510,5,5
511,5,5
512,5,5
513,7,7
514,5,5
515,5,5
516,5,5
517,7,1
518,5,5
519,5,7
520,5,5
521,5,5
522,7,1
523,7,7
524,4,5
525,5,5
526,5,5
527,5,5
528,5,1
529,6,6
530,7,7
531,5,5
532,7,7
533,5,5
534,7,7
535,7,7
536,7,7
537,5,5
538,5,5
539,5,5
540,5,5
541,5,5
542,5,5
543,7,7
544,5,8
545,4,7
546,6,5
547,7,7
548,5,5
549,7,7
550,5,7
551,5,7
552,4,7
553,5,5
554,8,8
555,8,8
556,5,5
557,5,5
558,7,7
559,7,7
560,5,5
561,5,5
562,5,5
563,5,7
564,5,5
565,5,5
566,5,5
567,8,8
568,5,7
569,5,5
570,7,7
571,5,5
572,5,5
573,5,5
574,7,7
575,7,7
576,6,5
577,7,7
578,6,6
579,8,5
580,6,5
581,5,5
582,5,5
583,5,1
584,4,5
585,5,5
586,5,7
587,5,5
588,5,5
589,7,7
590,4,5
591,7,1
592,5,1
593,4,5
594,5,5
595,7,7
596,5,5
597,7,7
598,5,5
599,5,5
600,5,5
601,5,5
602,7,7
603,5,5
604,5,5
605,5,5
606,5,5
607,5,5
608,7,7
609,6,5
610,5,5
611,7,7
612,8,5
613,7,7
614,5,5
615,5,5
616,5,6
617,6,5
618,5,5
619,8,5
620,6,6
621,5,7
622,5,5
623,7,7
624,4,5
625,4,7
626,5,7
627,4,8
628,7,7
629,6,5
630,5,5
631,5,5
632,5,5
633,4,7
634,5,5
635,7,7
636,5,5
637,5,1
638,5,5
639,5,1
640,5,5
641,5,5
642,7,7
643,5,5
644,5,5
645,8,8
646,5,1
647,5,5
648,5,5
649,4,5
650,8,8
651,7,7
652,5,5
653,7,7
654,4,5
655,7,7
656,6,5
657,5,5
658,5,5
659,7,1
660,7,1
661,4,1
662,6,5
663,4,5
664,6,1
665,5,5
666,7,7
667,7,7
668,5,5
669,5,5
670,5,5
671,5,5
672,5,5
673,5,5
674,5,5
675,5,5
676,5,5
677,5,5
678,7,7
679,7,7
680,5,7
681,5,5
682,5,5
683,7,7
684,4,5
685,5,5
686,5,5
687,5,5
688,5,5
689,5,5
690,7,7
691,7,7
692,5,5
693,5,5
694,5,5
695,5,7
696,5,6
697,5,6
698,7,6
699,1,6
700,5,6
701,5,6
702,7,6
703,1,6
704,6,5
705,5,6
706,5,5
707,5,5
708,4,5
709,4,5
710,5,5
711,5,5
712,7,7
713,5,5
714,5,7
715,5,5
716,5,5
717,5,5
718,7,7
719,7,7
720,5,5
721,5,5
722,5,5
723,5,5
724,4,5
725,6,5
726,6,6
727,7,7
728,5,5
729,8,8
730,5,5
731,5,5
732,5,5
733,5,5
734,5,5
735,7,7
736,5,5
737,5,5
738,5,5
739,7,7
740,5,7
741,5,5
742,5,5
743,5,5
744,7,7
745,5,5
746,5,5
747,8,8
748,4,5
749,7,7
750,7,7
751,5,5
752,5,5
753,5,5
754,5,5
755,5,5
756,5,5
757,5,5
758,7,7
759,5,5
760,5,5
761,5,5
762,5,5
763,5,5
764,4,5
765,1,5
766,6,5
767,5,5
768,5,5
769,5,5
770,4,5
771,1,5
772,6,5
773,4,5
774,5,5
775,6,5
776,5,5
777,5,5
778,5,7
779,5,5
780,4,5
781,7,7
782,7,1
783,5,5
784,7,7
785,1,1
786,1,1
787,1,1
788,1,1
789,5,7
790,1,1
791,6,5
792,1,1
793,1,1
794,1,1
795,1,1
796,1,1
797,5,1
798,1,1
799,5,5
800,1,1
801,1,1
802,1,1
803,1,1
804,5,5
805,1,1
806,1,1
807,1,1
808,1,1
809,7,1
810,1,1
811,7,7
812,1,1
813,1,1
814,1,1
815,1,1
816,1,1
817,1,1
818,1,1
819,1,1
820,1,1
821,1,1
822,1,1
823,5,7
824,1,1
825,5,1
826,1,1
827,1,1
828,1,1
829,1,1
830,7,7
831,1,1
832,1,1
833,1,1
834,1,1
835,1,1
836,1,1
837,1,1
838,1,1
839,1,1
840,8,8
841,1,1
842,5,5
843,5,5
844,5,5
845,5,5
846,1,1
847,1,1
848,5,5
849,5,5
850,1,1
851,1,1
852,1,1
853,1,1
854,1,1
855,7,7
856,1,1
857,1,1
858,5,5
859,1,1
860,5,5
861,1,1
862,8,8
863,1,1
864,1,1
865,1,1
866,1,1
867,1,1
868,1,1
869,7,6
870,1,1
871,1,1
872,5,1
873,1,1
874,1,1
875,1,1
876,1,1
877,1,1
878,5,7
879,1,1
880,5,5
881,1,1
882,1,1
883,1,7
884,1,1
885,6,5
886,1,1
887,1,1
888,7,7
889,1,1
890,1,1
891,7,7
892,1,1
893,1,1
894,7,7
895,5,5
896,5,5
897,1,1
898,5,5
899,1,1
900,1,1
901,5,5
902,5,5
903,5,5
904,5,5
905,1,1
906,5,5
907,1,1
908,5,5
909,5,5
910,1,1
911,4,1
912,1,1
913,9,5
914,5,5
915,5,5
916,5,1
917,5,5
918,5,5
919,1,1
920,1,1
921,5,5
922,1,1
923,1,1
924,4,5
925,5,5
926,1,1
927,1,1
928,7,7
929,1,1
930,5,5
931,5,5
932,1,1
933,1,1
934,7,7
935,1,1
936,1,1
937,1,1
938,1,1
939,1,1
940,1,1
941,4,6
942,1,1
943,1,1
944,1,1
945,1,1
946,1,1
947,1,1
948,5,5
949,7,7
950,1,1
951,7,7
952,1,1
953,1,1
954,1,1
955,1,1
956,5,5
957,1,1
958,1,1
959,7,7
960,1,1
961,1,1
962,1,1
963,5,5
964,5,5
965,5,5
966,6,5
967,7,7
968,5,5
969,4,5
970,5,5
971,5,5
972,4,7
973,5,5
974,7,7
975,5,7
976,7,7
977,4,5
978,5,7
979,5,7
980,6,5
981,6,5
982,5,5
983,5,7
984,5,5
985,6,5
986,5,5
987,7,7
988,7,7
989,7,7
990,5,5
991,7,7
992,7,7
993,5,5
994,5,5
995,5,7
996,4,1
997,5,5
998,5,5
999,5,5
1000,5,5
1001,5,5
1002,5,5
1003,7,7
1004,7,7
1005,5,5
1006,5,5
1007,6,5
1008,1,1
1009,4,5
1010,1,1
1011,1,1
1012,1,1
1013,1,1
1014,7,7
1015,1,1
1016,1,1
1017,1,1
1018,1,1
1019,1,1
1020,1,1
1021,5,5
1022,1,1
1023,1,1
1024,5,7
1025,1,1
1026,1,1
1027,1,1
1028,1,1
1029,1,1
1030,5,7
1031,1,1
1032,5,5
1033,1,1
1034,1,1
1035,1,1
1036,1,1
1037,6,5
1038,6,8
1039,1,1
1040,1,1
1041,5,7
1042,5,5
1043,1,1
1044,1,1
1045,1,1
1046,1,1
1047,1,1
1048,4,5
1049,7,1
1050,7,7
1051,1,1
1052,1,1
1053,1,1
1054,1,1
1055,1,1
1056,1,1
1057,7,1
1058,1,1
1059,1,1
1060,5,5
1061,5,5
1062,1,1
1063,5,5
1064,1,1
1065,1,1
1066,1,1
1067,5,5
1068,1,1
1069,5,5
1070,5,5
1071,1,1
1072,1,1
1073,1,1
1074,1,1
1075,1,1
1076,1,1
1077,5,5
1078,8,8
1079,1,1
1080,1,1
1081,1,1
1082,1,1
1083,1,1
1084,6,5
1085,1,1
1086,1,1
1087,1,1
1088,5,5
1089,1,1
1090,1,1
1091,7,7
1092,1,1
1093,1,1
1094,8,8
1095,1,1
1096,1,1
1097,1,1
1098,1,1
1099,7,7
1100,5,5
1101,1,1
1102,1,1
1103,7,7
1104,1,1
1105,1,1
1106,1,1
1107,8,8
1108,1,1
1109,1,1
1110,1,1
1111,1,1
1112,5,5
1113,9,6
1114,1,1
1115,1,1
1116,5,5
1117,7,7
1118,1,1
1119,5,5
1120,1,1
1121,1,1
1122,6,1
1123,4,5
1124,5,5
1125,1,1
1126,5,7
1127,1,1
1128,1,1
1129,5,5
1130,6,7
1131,1,1
1132,7,7
1133,1,1
1134,1,1
1135,1,1
1136,1,1
1137,7,7
1138,1,1
1139,1,1
1140,1,1
1141,5,5
1142,1,1
1143,1,1
1144,7,7
1145,1,1
1146,7,7
1147,1,1
1148,7,1
1149,1,1
1150,1,1
1151,1,1
1152,7,7
1153,1,1
1154,7,7
1155,1,1
1156,1,1
1157,1,1
1158,1,1
1159,5,5
1160,7,7
1161,1,1
1162,5,5
1163,6,7
1164,7,7
1165,5,5
1166,1,1
1167,1,1
1168,1,1
1169,5,5
1170,1,1
1171,1,1
1172,7,7
1173,5,1
1174,1,1
1175,7,7
1176,1,1
1177,1,1
1178,1,5
1179,1,1
1180,5,5
1181,5,5
1182,1,1
1183,7,7
1184,1,1
1185,7,7
1186,1,1
1187,9,5
1188,1,1
1189,5,5
1190,1,1
1191,1,1
1192,1,1
1193,6,6
1194,6,5
1195,1,1
1196,1,1
1197,1,1
1198,1,1
1199,1,1
1200,1,1
1201,1,1
1202,5,7
1203,1,1
1204,5,5
1205,5,7
1206,1,1
1207,1,1
1208,7,7
1209,5,5
1210,1,1
1211,1,1
1212,1,1
1213,1,1
1214,1,1
1215,1,1
1216,1,1
1217,1,1
1218,5,5
1219,1,5
1220,5,5
1221,1,1
1222,1,1
1223,5,5
1224,1,1
1225,1,1
1226,6,6
1227,5,5
1228,1,1
1229,1,1
1230,1,1
1231,5,5
1232,1,1
1233,1,1
1234,7,7
1235,1,1
1236,1,1
1237,1,1
1238,5,5
1239,5,5
1240,1,5
1241,1,1
1242,5,5
1243,1,1
1244,5,5
1245,1,1
1246,7,7
1247,1,1
1248,7,7
1249,1,1
1250,7,7
1251,1,1
1252,5,5
1253,1,1
1254,1,1
1255,1,1
1256,1,7
1257,5,5
1258,5,5
1259,7,7
1260,5,5
1261,5,5
1262,1,1
1263,7,7
1264,5,1
1265,1,1
1266,1,5
1267,5,5
1268,5,5
1269,7,7
1270,5,5
1271,5,5
1272,5,5
1273,5,5
1274,4,7
1275,1,1
1276,1,1
1277,1,1
1278,1,1
1279,1,1
1280,1,1
1281,1,1
1282,5,8
1283,6,5
1284,6,1
1285,1,1
1286,7,6
1287,1,1
1288,1,1
1289,1,1
1290,1,1
1291,1,1
1292,1,1
1293,5,5
1294,1,1
1295,1,1
1296,4,5
1297,7,7
1298,1,1
1299,1,1
1300,5,5
1301,6,1
1302,1,1
1303,1,1
1304,1,1
1305,5,5
1306,5,5
1307,5,5
1308,1,1
1309,1,1
1310,1,1
1311,1,1
1312,5,5
1313,1,5
1314,5,5
1315,5,5
1316,6,5
1317,5,5
1318,5,5
1319,5,5
1320,5,1
1321,1,5
1322,1,1
1323,6,8
1324,4,5
1325,1,1
1326,5,5
1327,8,8
1328,1,1
1329,7,7
1330,5,5
1331,1,1
1332,5,5
1333,5,5
1334,7,1
1335,5,5
1336,1,1
1337,1,5
1338,5,5
1339,1,1
1340,1,1
1341,1,1
1342,1,1
1343,1,1
1344,1,1
1345,1,1
1346,1,1
1347,5,5
1348,7,7
1349,1,1
1350,1,1
1351,5,5
1352,7,7
1353,1,1
1354,1,1
1355,7,7
1356,1,1
1357,1,1
1358,4,7
1359,4,5
1360,5,6
1361,5,5
1362,1,1
1363,1,1
1364,5,5
1365,1,1
1366,1,1
1367,7,7
1368,7,7
1369,1,1
1370,5,5
1371,5,1
1372,1,1
1373,4,5
1374,1,1
1375,1,1
1376,1,1
1377,5,7
1378,1,1
1379,1,1
1380,6,6
1381,1,1
1382,1,1
1383,1,1
1384,5,5
1385,1,7
1386,7,7
1387,1,1
1388,1,1
1389,5,5
1390,5,5
1391,1,1
1392,1,1
1393,1,1
1394,1,1
1395,8,8
1396,8,5
1397,1,1
1398,1,1
1399,1,1
1400,7,7
1401,1,1
1402,7,6
1403,1,1
1404,1,1
1405,5,5
1406,1,1
1407,1,1
1408,1,1
1409,1,1
1410,1,1
1411,1,1
1412,5,5
1413,5,5
1414,1,1
1415,1,1
1416,1,1
1417,1,1
1418,1,1
1419,1,1
1420,1,1
1421,7,1
1422,1,1
1423,1,1
1424,5,5
1425,1,1
1426,1,1
1427,1,1
1428,1,1
1429,1,1
1430,5,6
1431,1,1
1432,7,7
1433,1,1
1434,7,7
1435,5,5
1436,1,1
1437,1,1
1438,1,1
1439,1,1
1440,1,1
1441,5,5
1442,5,5
1443,8,6
1444,1,1
1445,1,1
1446,1,1
1447,7,7
1448,1,5
1449,1,1
1450,5,5
1451,5,5
1452,5,5
1453,5,5
1454,1,1
1455,4,5
1456,1,1
1457,1,1
1458,1,1
1459,5,7
1460,1,1
1461,4,1
1462,1,1
1463,1,1
1464,1,1
1465,7,7
1466,1,1
1467,1,1
1468,7,7
1469,1,1
1470,1,1
1471,1,1
1472,1,1
1473,5,5
1474,1,1
1475,1,1
1476,1,1
1477,1,1
1478,4,5
1479,1,1
1480,1,1
1481,7,7
1482,1,5
1483,5,1
1484,1,1
1485,1,1
1486,1,1
1487,1,1
1488,5,5
1489,1,1
1490,5,5
1491,1,1
1492,1,1
1493,1,1
1494,1,1
1495,1,1
1496,5,1
1497,1,5
1498,1,1
1499,5,5
1500,5,5
1501,1,1
1502,1,1
1503,1,1
1504,5,5
1505,5,5
1506,1,1
1507,5,5
1508,5,5
1509,1,1
1510,1,1
1511,1,1
1512,5,8
1513,5,5
1514,1,1
1515,1,1
1516,6,5
1517,6,5
1518,4,1
1519,1,1
1520,1,5
1521,1,1
1522,5,5
1523,1,5
1524,1,5
1525,5,5
1526,1,1
1527,1,7
1528,1,1
1529,5,5
1530,1,1
1531,5,5
1532,5,5
1533,1,5
1534,5,5
1535,1,1
1536,1,1
1537,5,5
1538,1,7
1539,1,1
1540,5,5
1541,7,7
1542,1,1
1543,1,1
1544,1,1
1545,7,7
1546,7,1
1547,1,1
1548,5,5
1549,1,1
1550,1,1
1551,7,7
1552,7,7
1553,1,5
1554,1,1
1555,1,1
1556,1,1
1557,1,1
1558,7,7
1559,1,1
1560,1,1
1561,1,1
1562,1,1
1563,1,5
1564,1,5
1565,1,1
1566,7,7
1567,5,5
1568,1,5
1569,5,5
1570,5,5
1571,1,1
1572,1,5
1573,7,7
1574,1,7
1575,1,1
1576,1,1
1577,5,5
1578,7,7
1579,1,1
1580,7,7
1581,5,5
1582,1,1
1583,1,7
1584,1,7
1585,5,5
1586,1,1
1587,1,1
1588,1,7
1589,5,5
1590,5,5
1591,1,1
1592,4,5
1593,1,5
1594,1,5
1595,5,5
1596,1,1
1597,4,5
1598,1,7
1599,1,1
1600,5,5
1601,1,1
1602,1,1
1603,4,1
1604,1,1
1605,1,1
1606,1,1
1607,1,7
1608,1,7
1609,1,1
1610,1,1
1611,5,7
1612,1,5
1613,1,1
1614,5,5
1615,1,1
1616,5,7
1617,7,1
1618,1,1
1619,5,1
1620,5,5
1621,6,5
1622,4,1
1623,5,5
1624,5,5
1625,5,5
1626,8,8
1627,6,6
1628,7,1
1629,5,5
1630,5,1
1631,5,5
1632,6,5
1633,5,5
1634,5,5
1635,5,5
1636,6,7
1637,5,5
1638,5,5
1639,7,7
1640,4,5
1641,5,1
1642,5,5
1643,5,5
1644,8,8
1645,5,7
1646,4,5
1647,7,7
1648,6,6
1649,5,5
1650,5,5
1651,5,5
1652,5,5
1653,5,7
1654,5,5
1655,5,5
1656,5,5
1657,5,5
1658,5,5
1659,5,5
1660,7,7
1661,6,1
1662,7,7
1663,7,7
1664,7,7
1665,7,1
1666,5,5
1667,5,5
1668,5,5
1669,7,7
1670,5,5
1671,5,5
1672,5,5
1673,7,7
1674,5,1
1675,7,7
1676,4,5
1677,4,5
1678,5,5
1679,5,5
1680,5,5
1681,4,5
1682,4,5
1683,4,5
1684,5,5
1685,6,5
1686,7,7
1687,7,1
1688,5,5
1689,5,5
1690,6,1
1691,6,6
1692,7,7
1693,7,5
1694,5,5
1695,5,5
1696,5,5
1697,5,5
1698,5,5
1699,5,5
1700,5,5
1701,5,5
1702,5,5
1703,5,1
1704,4,5
1705,7,7
1706,5,5
1707,5,5
1708,9,5
1709,5,7
1710,7,7
1711,5,5
1712,4,5
1713,7,1
1714,5,5
1715,5,1
1716,7,1
1717,5,7
1718,7,7
1719,7,7
1720,7,1
1721,5,5
1722,6,5
1723,5,5
1724,5,5
1725,5,5
1726,5,8
1727,5,5
1728,5,5
1729,5,5
1730,5,5
1731,6,6
1732,5,7
1733,5,5
1734,5,5
1735,5,1
1736,5,5
1737,7,1
1738,5,5
1739,5,7
1740,4,5
1741,7,7
1742,5,5
1743,3,7
1744,5,5
1745,5,5
1746,5,7
1747,4,1
1748,7,1
1749,5,5
1750,5,5
1751,4,5
1752,5,5
1753,7,7
1754,7,1
1755,5,5
1756,4,5
1757,5,1
1758,5,5
1759,5,5
1760,4,7
1761,5,5
1762,5,5
1763,8,8
1764,5,5
1765,5,5
1766,5,7
1767,5,7
1768,7,7
1769,5,5
1770,5,5
1771,7,7
1772,5,5
1773,4,7
1774,5,5
1775,5,5
1776,5,5
1777,5,5
1778,5,5
1779,5,7
1780,5,5
1781,7,1
1782,5,5
1783,5,5
1784,7,7
1785,5,5
1786,5,5
1787,6,1
1788,6,1
1789,6,1
1790,6,1
1791,5,5
1792,5,5
1793,5,5
1794,8,8
1795,7,7
1796,5,7
1797,7,7
1798,7,7
1799,5,5
1800,5,5
1801,5,5
1802,3,5
1803,4,7
1804,4,5
1805,7,7
1806,5,5
1807,7,1
1808,5,5
1809,5,5
1810,5,5
1811,5,5
1812,5,5
1813,5,5
1814,5,5
1815,5,5
1816,4,1
1817,7,1
1818,5,5
1819,5,5
1820,5,5
1821,5,5
1822,5,5
1823,5,5
1824,7,7
1825,7,1
1826,5,5
1827,5,5
1828,5,5
1829,5,5
1830,5,5
1831,5,5
1832,5,5
1833,7,7
1834,4,5
1835,6,5
1836,7,1
1837,7,7
1838,4,6
1839,7,7
1840,4,5
1841,7,7
1842,4,1
1843,6,5
1844,7,5
1845,7,5
1846,4,1
1847,7,1
1848,7,7
1849,7,7
1850,7,7
1851,6,5
1852,6,5
1853,6,5
1854,7,7
1855,8,5
1856,7,7
1857,4,5
1858,6,5
1859,7,1
1860,7,7
1861,7,7
1862,8,8
1863,6,5
1864,6,6
1865,6,6
1866,6,6
1867,6,6
1868,7,6
1869,8,5
1870,6,5
1871,7,7
1872,7,7
1873,7,7
1874,3,5
1875,7,7
1876,7,7
1877,7,7
1878,7,1
1879,7,7
1880,6,5
1881,6,1
1882,8,8
1883,6,5
1884,7,7
1885,7,1
1886,8,5
1887,7,1
1888,7,7
1889,8,8
1890,7,7
1891,6,1
1892,7,7
1893,8,8
1894,7,7
1895,7,7
1896,7,7
1897,7,7
1898,7,7
1899,6,1
1900,4,5
1901,7,7
1902,6,1
1903,6,1
1904,7,7
1905,6,5
1906,7,1
1907,6,7
1908,7,7
1909,7,7
1910,7,7
1911,7,7
1912,3,5
1913,7,7
1914,7,7
1915,7,7
1916,3,5
1917,6,5
1918,6,5
1919,6,5
1920,7,1
1921,8,8
1922,6,1
1923,8,8
1924,4,5
1925,7,1
1926,8,8
1927,4,5
1928,6,5
1929,7,7
1930,6,6
1931,6,6
1932,6,6
1933,6,6
1934,6,6
1935,6,5
1936,6,6
1937,6,5
1938,7,7
1939,7,7
1940,7,7
1941,6,5
1942,8,8
1943,6,5
1944,6,5
1945,7,1
1946,6,5
1947,6,5
1948,7,7
1949,7,7
1950,4,7
1951,7,1
1952,7,7
1953,7,1
1954,7,7
1955,6,6
1956,4,1
1957,6,5
1958,7,7
1959,7,7
1960,4,5
1961,7,7
1962,7,7
1963,7,7
1964,7,7
1965,6,6
1966,4,5
1967,4,5
1968,4,5
1969,7,6
1970,7,6
1971,3,7
1972,4,1
1973,4,1
1974,4,1
1975,4,1
1976,4,1
1977,7,1
1978,7,7
1979,4,8
1980,7,1
1981,8,8
1982,7,1
1983,4,5
1984,7,1
1985,4,5
1986,7,7
1987,7,7
1988,4,5
1989,6,1
1990,4,1
1991,7,7
1992,7,7
1993,7,7
1994,4,5
1995,7,7
1996,7,1
1997,7,7
1998,7,1
1999,7,1
2000,4,1
2001,7,5
2002,7,1
2003,7,1
2004,7,7
2005,4,1
2006,4,1
2007,4,1
2008,4,1
2009,7,7
2010,7,7
2011,6,5
2012,7,1
2013,6,5
2014,7,7
2015,8,1
2016,4,5
2017,7,1
2018,7,1
2019,4,5
2020,7,7
2021,4,5
2022,8,8
2023,7,7
2024,4,1
2025,4,1
2026,4,1
2027,4,1
2028,7,7
2029,8,8
2030,7,7
2031,7,7
2032,7,7
2033,6,1
2034,4,1
2035,7,7
2036,7,7
2037,7,7
2038,4,5
2039,7,7
2040,4,5
2041,7,7
2042,4,5
2043,6,5
2044,7,7
2045,7,7
2046,7,7
2047,7,7
2048,7,7
2049,8,8
2050,6,5
2051,4,5
2052,4,5
2053,4,5
2054,7,5
2055,7,7
2056,6,5
2057,8,8
2058,7,6
2059,8,5
2060,4,5
2061,7,7
2062,7,7
2063,7,7
2064,7,7
2065,7,7
2066,7,7
2067,7,7
2068,4,5
2069,7,7
2070,7,7
2071,8,8
2072,4,5
2073,7,7
2074,7,7
2075,7,7
2076,8,1
2077,7,7
2078,7,7
2079,7,7
2080,4,1
2081,7,1
2082,4,5
2083,7,7
2084,7,7
2085,8,8
2086,7,7
2087,7,7
2088,7,7
2089,4,6
2090,4,6
2091,4,6
2092,4,6
2093,6,6
2094,4,6
2095,4,6
2096,4,6
2097,7,6
2098,4,6
2099,4,6
2100,4,6
2101,4,6
2102,6,6
2103,4,6
2104,4,6
2105,4,6
2106,7,6
2107,4,6
2108,7,7
2109,6,5
2110,7,7
2111,7,7
2112,7,7
2113,7,7
2114,4,1
2115,4,6
2116,4,5
2117,8,1
2118,4,7
2119,6,6
2120,4,5
2121,6,5
2122,6,5
2123,7,1
2124,7,7
2125,8,8
2126,8,8
2127,7,7
2128,6,5
2129,4,5
2130,7,6
2131,7,6
2132,4,5
2133,6,6
2134,6,6
2135,7,1
2136,7,7
2137,4,0
2138,7,7
2139,7,7
2140,7,7
2141,4,7
2142,7,6
2143,8,5
2144,7,7
2145,6,5
2146,7,7
2147,7,7
2148,6,5
2149,7,7
2150,7,7
2151,4,0
2152,4,0
2153,4,0
2154,6,6
2155,6,6
2156,7,7
2157,3,5
2158,7,7
2159,3,0
2160,6,0
2161,3,0
2162,4,0
2163,4,0
2164,4,0
2165,3,0
2166,4,0
2167,4,0
2168,4,0
2169,4,0
2170,4,0
2171,4,0
2172,6,0
2173,3,0
2174,4,0
2175,4,0
2176,4,0
2177,6,0
2178,4,0
2179,6,0
2180,6,0
2181,3,0
2182,4,0
2183,4,0
2184,4,0
2185,6,0
2186,3,0
2187,4,0
2188,4,0
2189,3,6
2190,4,6
2191,4,6
2192,4,6
2193,6,6
2194,3,6
2195,4,6
2196,4,6
2197,4,6
2198,6,6
2199,7,7
2200,7,7
2201,7,7
2202,6,5
2203,6,1
2204,4,1
2205,6,1
2206,7,1
2207,4,1
2208,4,5
2209,6,5
2210,7,5
2211,6,6
2212,8,8
2213,6,5
2214,6,5
2215,7,7
2216,7,1
2217,6,6
2218,6,5
2219,7,6
2220,6,5
2221,7,1
2222,4,5
2223,6,8
2224,7,7
2225,7,7
2226,7,7
2227,8,8
2228,7,7
2229,6,1
2230,7,7
2231,7,6
2232,6,5
2233,9,5
2234,4,1
2235,7,1
2236,7,7
2237,6,1
2238,7,7
2239,7,6
2240,7,7
2241,6,5
2242,4,5
2243,6,6
2244,7,5
2245,7,7
2246,7,7
2247,4,7
2248,7,7
2249,9,7
2250,8,1
2251,7,7
2252,7,7
2253,7,7
2254,7,7
2255,7,7
2256,7,7
2257,8,8
2258,7,7
2259,3,5
2260,7,7
2261,3,5
2262,6,5
2263,7,7
2264,7,7
2265,7,7
2266,6,5
2267,7,7
2268,6,0
2269,7,7
2270,4,6
2271,4,5
2272,6,5
2273,6,5
2274,4,5
2275,7,7
2276,6,5
2277,7,7
2278,6,5
2279,7,7
2280,7,7
2281,7,7
2282,6,1
2283,6,5
2284,8,8
2285,4,5
2286,7,7
2287,4,5
2288,7,1
2289,7,7
2290,7,1
2291,6,6
2292,7,7
2293,8,8
2294,7,7
2295,6,5
2296,7,7
2297,7,7
2298,7,7
2299,7,7
2300,7,7
2301,6,6
2302,4,7
2303,7,7
2304,7,7
2305,7,7
2306,6,6
2307,7,7
2308,7,7
2309,4,5
2310,8,8
2311,7,7
2312,7,7
2313,6,5
2314,7,7
2315,7,7
2316,6,5
2317,7,7
2318,7,7
2319,7,7
2320,7,7
2321,4,5
2322,7,6
2323,7,7
2324,7,7
2325,4,1
2326,4,1
2327,4,1
2328,4,7
2329,7,7
2330,7,7
2331,7,7
2332,4,5
2333,7,7
2334,7,7
2335,4,5
2336,7,7
2337,7,7
2338,7,7
2339,4,5
2340,6,5
2341,7,7
2342,8,8
2343,4,5
2344,7,7
2345,6,5
2346,7,1
2347,6,5
2348,3,5
2349,6,5
2350,4,5
2351,4,5
2352,7,5
2353,4,5
2354,4,5
2355,7,5
2356,7,7
2357,6,6
2358,7,7
2359,7,7
2360,7,7
2361,7,1
2362,7,7
2363,6,6
2364,7,7
2365,8,8
2366,7,7
2367,6,5
2368,7,7
2369,6,5
2370,7,7
2371,4,7
2372,6,5
2373,7,1
2374,7,1
2375,7,7
2376,6,6
2377,4,5
2378,7,7
2379,7,7
2380,6,5
2381,6,6
2382,7,1
2383,7,7
2384,3,5
2385,4,5
2386,4,5
2387,3,5
2388,4,5
2389,4,5
2390,7,7
2391,6,5
2392,8,8
2393,7,7
2394,4,5
2395,4,1
2396,6,6
2397,4,5
2398,6,5
2399,7,7
2400,7,7
2401,4,7
2402,9,5
2403,7,7
2404,7,7
2405,4,7
2406,8,7
2407,7,7
2408,7,7
2409,3,8
2410,6,6
2411,7,7
2412,8,8
2413,8,6
2414,7,7
2415,4,5
2416,7,7
2417,4,5
2418,6,1
2419,6,1
2420,6,1
2421,6,1
2422,7,7
2423,7,7
2424,6,6
2425,7,7
2426,4,5
2427,4,5
2428,7,7
2429,6,5
2430,7,7
2431,8,8
2432,6,5
2433,7,7
2434,7,7
2435,7,1
2436,6,1
2437,6,5
2438,4,5
2439,4,5
2440,4,5
2441,4,5
2442,7,7
2443,4,5
2444,4,5
2445,7,7
2446,7,7
2447,7,7
2448,7,7
2449,7,7
2450,7,7
2451,7,7
2452,6,5
2453,6,5
2454,7,7
2455,7,7
2456,8,5
2457,7,7
2458,7,7
2459,4,5
2460,4,5
2461,7,7
2462,4,5
2463,4,5
2464,7,7
2465,6,5
2466,7,7
2467,4,5
2468,7,7
2469,6,5
2470,6,5
2471,4,7
2472,8,8
2473,7,7
2474,7,7
2475,4,7
2476,4,5
2477,4,5
2478,7,7
2479,7,7
2480,7,7
2481,7,7
2482,4,6
2483,7,1
2484,7,7
2485,4,5
2486,4,5
2487,4,5
2488,8,8
2489,7,7
2490,7,7
2491,7,7
2492,7,7
2493,7,7
2494,8,5
2495,7,7
2496,4,5
2497,7,7
2498,7,7
2499,7,7
2500,7,7
2501,4,5
2502,7,7
2503,7,7
2504,4,5
2505,6,5
2506,7,7
2507,6,5
2508,7,7
2509,7,7
2510,6,5
2511,7,7
2512,7,7
2513,4,5
2514,4,5
2515,7,7
2516,7,7
2517,7,7
2518,7,7
2519,7,7
2520,4,5
2521,4,5
2522,6,5
2523,6,1
2524,4,5
2525,4,5
2526,4,5
2527,8,8
2528,4,5
2529,4,5
2530,6,6
2531,4,7
2532,6,6
2533,6,1
2534,6,1
2535,4,5
2536,4,1
2537,4,5
2538,6,1
2539,6,5
2540,4,5
2541,6,5
2542,6,1
2543,3,5
2544,6,5
2545,4,5
2546,6,5
2547,8,8
2548,4,7
2549,6,5
2550,4,5
2551,8,8
2552,8,8
2553,8,8
2554,6,5
2555,9,5
2556,8,8
2557,8,8
2558,8,5
2559,6,6
2560,6,6
2561,6,1
2562,6,1
2563,4,5
2564,4,5
2565,8,8
2566,4,5
2567,8,8
2568,4,5
2569,4,1
2570,4,5
2571,6,5
2572,4,5
2573,4,5
2574,4,7
2575,4,7
2576,6,1
2577,4,5
2578,4,7
2579,8,8
2580,6,5
2581,4,6
2582,4,5
2583,4,8
2584,6,6
2585,6,5
2586,6,5
2587,4,7
2588,4,5
2589,6,1
2590,6,5
2591,8,8
2592,6,5
2593,4,6
2594,6,5
2595,8,8
2596,4,5
2597,6,5
2598,6,5
2599,4,1
2600,6,5
2601,4,6
2602,6,6
2603,4,7
2604,8,5
2605,8,8
2606,6,1
2607,8,8
2608,4,5
2609,6,5
2610,6,6
2611,6,1
2612,6,5
2613,4,7
2614,4,5
2615,3,8
2616,4,5
2617,8,8
2618,8,1
2619,4,5
2620,4,5
2621,4,5
2622,3,8
2623,6,7
2624,6,5
2625,4,6
2626,6,5
2627,6,5
2628,4,5
2629,4,5
2630,4,5
2631,6,6
2632,4,5
2633,4,5
2634,6,1
2635,4,5
2636,4,5
2637,4,5
2638,4,5
2639,8,5
2640,4,5
2641,8,8
2642,8,8
2643,6,7
2644,6,1
2645,4,5
2646,6,5
2647,6,5
2648,6,6
2649,6,5
2650,4,5
2651,4,6
2652,6,5
2653,4,5
2654,8,8
2655,6,5
2656,4,5
2657,4,5
2658,6,5
2659,8,8
2660,4,1
2661,4,5
2662,4,5
2663,4,5
2664,6,5
2665,6,1
2666,4,5
2667,6,5
2668,4,7
2669,4,5
2670,4,1
2671,9,5
2672,6,5
2673,3,5
2674,6,5
2675,3,5
2676,4,5
2677,6,5
2678,6,5
2679,6,6
2680,4,6
2681,4,6
2682,4,6
2683,4,6
2684,4,5
2685,4,5
2686,6,5
2687,6,5
2688,4,5
2689,6,5
2690,8,1
2691,4,5
2692,4,7
2693,4,5
2694,6,5
2695,8,8
2696,4,5
2697,3,7
2698,6,5
2699,6,5
2700,6,5
2701,6,5
2702,6,1
2703,6,1
2704,4,5
2705,4,5
2706,6,5
2707,6,6
2708,4,6
2709,4,7
2710,4,1
2711,6,5
2712,6,5
2713,8,5
2714,4,5
2715,6,5
2716,3,8
2717,4,7
2718,4,5
2719,6,5
2720,4,5
2721,4,5
2722,9,5
2723,4,5
2724,8,8
2725,6,5
2726,6,5
2727,4,6
2728,6,6
2729,4,6
2730,6,6
2731,8,5
2732,4,5
2733,6,5
2734,8,8
2735,4,5
2736,8,5
2737,4,5
2738,8,5
2739,8,5
2740,4,5
2741,4,5
2742,4,5
2743,6,6
2744,6,5
2745,6,7
2746,8,8
2747,8,8
2748,4,5
2749,6,5
2750,6,5
2751,9,7
2752,6,5
2753,6,5
2754,6,7
2755,8,5
2756,6,5
2757,8,8
2758,3,5
2759,4,5
2760,2,5
2761,3,5
2762,4,5
2763,2,5
2764,3,5
2765,2,5
2766,3,5
2767,4,5
2768,4,5
2769,2,5
2770,2,5
2771,3,5
2772,4,5
2773,2,5
2774,3,5
2775,4,5
2776,6,1
2777,4,5
2778,6,1
2779,2,5
2780,3,5
2781,4,5
2782,2,5
2783,3,5
2784,4,5
2785,6,6
2786,6,6
2787,6,6
2788,6,6
2789,6,6
2790,6,6
2791,6,6
2792,6,6
2793,6,6
2794,6,6
2795,6,6
2796,4,5
2797,8,5
2798,8,8
2799,6,7
2800,6,6
2801,2,5
2802,3,5
2803,4,5
2804,2,5
2805,3,5
2806,4,5
2807,2,1
2808,3,1
2809,4,1
2810,2,1
2811,3,1
2812,4,1
2813,2,4
2814,3,4
2815,4,4
2816,2,1
2817,3,1
2818,4,1
2819,2,1
2820,3,1
2821,4,1
2822,2,4
2823,3,4
2824,4,4
2825,2,1
2826,3,1
2827,4,1
2828,2,1
2829,3,1
2830,4,1
2831,2,1
2832,3,1
2833,4,1
2834,2,1
2835,3,1
2836,4,1
2837,2,1
2838,3,1
2839,4,1
2840,2,1
2841,3,1
2842,4,1
2843,2,1
2844,3,1
2845,4,1
2846,2,1
2847,3,1
2848,4,1
2849,2,1
2850,3,1
2851,4,1
2852,2,1
2853,3,1
2854,4,1
2855,2,1
2856,3,1
2857,4,1
2858,2,1
2859,3,1
2860,4,1
2861,4,6
2862,6,5
2863,8,8
2864,6,5
2865,2,1
2866,3,1
2867,4,1
2868,2,1
2869,3,1
2870,4,1
2871,2,1
2872,3,1
2873,4,1
2874,2,1
2875,3,1
2876,4,1
2877,2,1
2878,3,1
2879,4,1
2880,2,1
2881,3,1
2882,4,1
2883,2,1
2884,3,1
2885,4,1
2886,2,1
2887,3,1
2888,4,1
2889,2,1
2890,3,1
2891,4,1
2892,2,1
2893,3,1
2894,4,1
2895,2,1
2896,3,1
2897,4,1
2898,2,1
2899,3,1
2900,4,1
2901,2,6
2902,3,6
2903,4,6
2904,2,6
2905,3,6
2906,4,6
2907,2,1
2908,3,1
2909,4,1
2910,2,1
2911,3,1
2912,4,1
2913,2,1
2914,3,1
2915,4,1
2916,2,1
2917,3,1
2918,4,1
2919,2,1
2920,3,1
2921,4,1
2922,2,1
2923,3,1
2924,4,1
2925,2,1
2926,3,1
2927,4,1
2928,2,1
2929,3,1
2930,4,1
2931,9,6
2932,2,1
2933,2,1
2934,3,1
2935,4,1
2936,2,1
2937,3,1
2938,4,1
2939,3,1
2940,4,1
2941,2,1
2942,3,1
2943,4,1
2944,4,5
2945,2,1
2946,3,1
2947,4,1
2948,2,1
2949,3,1
2950,4,1
2951,2,1
2952,3,1
2953,4,1
2954,2,1
2955,3,1
2956,4,1
2957,2,1
2958,3,1
2959,4,1
2960,2,1
2961,3,1
2962,4,1
2963,2,1
2964,3,1
2965,4,1
2966,2,1
2967,3,1
2968,4,1
2969,2,1
2970,3,1
2971,4,1
2972,2,1
2973,3,1
2974,4,1
2975,2,1
2976,3,1
2977,4,1
2978,2,1
2979,3,1
2980,4,1
2981,4,1
2982,2,1
2983,3,1
2984,4,1
2985,2,1
2986,3,1
2987,4,1
2988,2,1
2989,3,1
2990,4,1
2991,2,1
2992,3,1
2993,4,1
2994,2,1
2995,3,1
2996,4,1
2997,2,1
2998,3,1
2999,2,4
3000,3,4
3001,4,4
3002,2,4
3003,3,4
3004,4,4
3005,2,4
3006,3,4
3007,4,4
3008,2,4
3009,3,4
3010,4,4
3011,2,1
3012,3,1
3013,4,1
3014,2,1
3015,3,1
3016,4,1
3017,2,1
3018,3,1
3019,4,1
3020,2,1
3021,3,1
3022,4,1
3023,2,1
3024,3,1
3025,4,1
3026,2,1
3027,3,1
3028,4,1
3029,2,1
3030,3,1
3031,4,1
3032,2,1
3033,3,1
3034,4,1
3035,4,5
3036,2,1
3037,3,1
3038,4,1
3039,2,1
3040,3,1
3041,4,1
3042,2,1
3043,3,1
3044,4,1
3045,2,1
3046,3,1
3047,4,1
3048,4,1
3049,2,1
3050,3,1
3051,4,1
3052,2,1
3053,3,1
3054,3,1
3055,4,1
3056,2,1
3057,3,1
3058,4,1
3059,2,1
3060,2,4
3061,3,4
3062,4,4
3063,2,4
3064,3,4
3065,4,4
3066,2,1
3067,3,1
3068,4,1
3069,2,1
3070,3,1
3071,4,1
3072,2,1
3073,3,1
3074,4,1
3075,2,1
3076,3,1
3077,4,1
3078,6,5
3079,8,8
3080,4,6
3081,2,6
3082,3,6
3083,4,6
3084,2,6
3085,3,6
3086,2,1
3087,3,1
3088,4,1
3089,2,1
3090,3,1
3091,4,1
3092,2,1
3093,3,1
3094,4,1
3095,2,1
3096,3,1
3097,4,1
3098,2,1
3099,3,1
3100,4,1
3101,4,1
3102,2,1
3103,3,1
3104,2,6
3105,3,6
3106,4,6
3107,2,6
3108,3,6
3109,4,6
3110,2,1
3111,3,1
3112,4,1
3113,2,1
3114,3,1
3115,4,1
3116,2,1
3117,3,1
3118,4,1
3119,2,1
3120,3,1
3121,4,1
3122,2,1
3123,3,1
3124,4,1
3125,2,1
3126,3,1
3127,4,1
3128,4,4
3129,2,4
3130,3,4
3131,3,4
3132,4,4
3133,4,4
3134,2,4
3135,8,8
3136,2,4
3137,3,4
3138,2,4
3139,3,4
3140,4,4
3141,2,4
3142,3,4
3143,4,4
3144,2,4
3145,3,4
3146,4,4
3147,2,4
3148,3,4
3149,4,4
3150,2,4
3151,3,4
3152,4,4
3153,2,4
3154,3,4
3155,4,4
3156,2,4
3157,3,4
3158,4,4
3159,2,4
3160,3,4
3161,4,4
3162,2,4
3163,3,4
3164,4,4
3165,2,1
3166,3,1
3167,4,1
3168,2,1
3169,3,1
3170,4,1
3171,2,1
3172,3,1
3173,4,1
3174,2,1
3175,3,1
3176,4,1
3177,2,1
3178,3,1
3179,4,1
3180,2,1
3181,3,1
3182,4,1
3183,2,6
3184,3,6
3185,4,6
3186,2,6
3187,3,6
3188,4,6
3189,2,6
3190,3,6
3191,4,6
3192,2,6
3193,3,6
3194,4,6
3195,2,6
3196,3,6
3197,4,6
3198,2,6
3199,3,6
3200,4,6
3201,2,6
3202,3,6
3203,4,6
3204,2,6
3205,3,6
3206,4,6
3207,2,6
3208,3,6
3209,4,6
3210,2,6
3211,3,6
3212,4,6
3213,2,5
3214,3,5
3215,4,5
3216,2,5
3217,3,5
3218,4,5
3219,2,5
3220,3,5
3221,4,5
3222,2,5
3223,3,5
3224,4,5
3225,4,5
3226,2,6
3227,3,6
3228,4,6
3229,2,6
3230,3,6
3231,4,6
3232,2,6
3233,3,6
3234,4,6
3235,2,6
3236,3,6
3237,4,6
3238,2,6
3239,3,6
3240,4,5
3241,4,6
3242,4,6
3243,2,6
3244,3,6
3245,2,5
3246,3,5
3247,4,5
3248,2,5
3249,3,5
3250,4,5
3251,2,5
3252,3,5
3253,4,5
3254,2,5
3255,3,5
3256,4,5
3257,2,6
3258,3,6
3259,4,6
3260,2,6
3261,3,6
3262,4,6
3263,6,5
3264,2,6
3265,3,6
3266,2,6
3267,3,6
3268,2,1
3269,3,1
3270,2,1
3271,3,1
3272,2,1
3273,3,1
3274,2,1
3275,3,1
3276,2,1
3277,3,1
3278,2,1
3279,3,1
3280,6,6
3281,3,6
3282,2,6
3283,3,6
3284,2,6
3285,6,6
3286,6,6
3287,6,6
3288,6,6
3289,6,6
3290,6,6
3291,2,1
3292,3,1
3293,2,1
3294,3,1
3295,2,1
3296,3,1
3297,2,1
3298,3,1
3299,6,6
3300,2,5
3301,3,5
3302,2,5
3303,3,5
3304,2,5
3305,3,5
3306,2,5
3307,3,5
3308,2,6
3309,3,6
3310,2,6
3311,3,6
3312,6,6
3313,6,6
3314,6,6
3315,6,6
3316,6,6
3317,6,6
3318,6,6
3319,8,5
3320,2,6
3321,3,6
3322,2,6
3323,3,6
3324,2,4
3325,3,4
3326,2,4
3327,3,4
3328,2,4
3329,3,4
3330,2,4
3331,3,4
3332,6,6
3333,6,1
3334,6,6
3335,6,6
3336,6,6
3337,6,6
3338,6,6
3339,6,6
3340,2,4
3341,3,4
3342,2,4
3343,3,4
3344,2,4
3345,3,4
3346,2,4
3347,3,4
3348,2,1
3349,3,1
3350,2,1
3351,3,1
3352,2,1
3353,3,1
3354,2,1
3355,3,1
3356,2,1
3357,3,1
3358,2,1
3359,3,1
3360,6,6
3361,6,6
3362,6,6
3363,6,6
3364,6,6
3365,6,6
3366,6,6
3367,2,6
3368,3,6
3369,2,6
3370,3,6
3371,2,1
3372,3,1
3373,6,6
3374,6,6
3375,2,1
3376,3,1
3377,2,1
3378,3,1
3379,2,1
3380,3,1
3381,2,1
3382,3,1
3383,2,1
3384,3,1
3385,6,6
3386,6,6
3387,6,6
3388,6,6
3389,6,6
3390,2,6
3391,3,6
3392,2,1
3393,3,1
3394,2,1
3395,3,1
3396,2,1
3397,3,1
3398,2,1
3399,3,1
3400,2,1
3401,3,1
3402,6,6
3403,6,6
3404,6,6
3405,6,6
3406,6,6
3407,6,6
3408,6,6
3409,2,5
3410,3,5
3411,2,5
3412,3,5
3413,2,5
3414,3,5
3415,2,5
3416,3,5
3417,2,5
3418,3,5
3419,2,5
3420,3,5
3421,2,5
3422,3,5
3423,2,5
3424,3,5
3425,6,6
3426,6,6
3427,6,6
3428,6,6
3429,6,5
3430,6,6
3431,6,6
3432,6,6
3433,2,1
3434,3,1
3435,2,1
3436,3,1
3437,2,1
3438,3,1
3439,2,1
3440,3,1
3441,2,1
3442,3,1
3443,2,1
3444,3,1
3445,2,4
3446,3,4
3447,2,4
3448,3,4
3449,2,4
3450,3,4
3451,2,4
3452,3,4
3453,6,6
3454,6,6
3455,6,6
3456,6,6
3457,6,6
3458,6,6
3459,6,6
3460,6,6
3461,6,6
3462,6,6
3463,6,6
3464,2,4
3465,3,4
3466,2,4
3467,3,4
3468,2,4
3469,3,4
3470,2,4
3471,3,4
3472,2,6
3473,3,6
3474,2,6
3475,3,6
3476,6,6
3477,6,6
3478,6,6
3479,6,6
3480,6,6
3481,6,6
3482,6,6
3483,2,6
3484,3,6
3485,2,6
3486,3,6
3487,2,1
3488,3,1
3489,2,1
3490,3,1
3491,2,1
3492,3,1
3493,2,1
3494,3,1
3495,2,1
3496,3,1
3497,2,1
3498,3,1
3499,6,6
3500,6,6
3501,6,6
3502,6,6
3503,6,6
3504,6,6
3505,6,6
3506,2,5
3507,3,5
3508,2,5
3509,3,5
3510,2,5
3511,3,5
3512,2,5
3513,3,5
3514,2,1
3515,3,1
3516,2,1
3517,3,1
3518,2,1
3519,3,1
3520,2,1
3521,3,1
3522,2,1
3523,3,1
3524,2,1
3525,3,1
3526,6,6
3527,6,6
3528,6,6
3529,6,6
3530,6,6
3531,6,6
3532,6,6
3533,6,6
3534,6,6
3535,6,6
3536,2,6
3537,3,6
3538,2,6
3539,3,6
3540,2,1
3541,3,1
3542,2,1
3543,3,1
3544,2,1
3545,3,1
3546,2,1
3547,3,1
3548,2,1
3549,3,1
3550,2,1
3551,3,1
3552,2,5
3553,3,5
3554,2,5
3555,3,5
3556,2,5
3557,3,5
3558,2,5
3559,3,5
3560,6,5
3561,6,6
3562,6,6
3563,6,6
3564,6,6
3565,6,6
3566,6,6
3567,6,6
3568,2,1
3569,3,1
3570,2,1
3571,3,1
3572,2,1
3573,3,1
3574,2,1
3575,3,1
3576,2,1
3577,3,1
3578,2,1
3579,3,1
3580,2,1
3581,3,1
3582,2,1
3583,3,1
3584,6,6
3585,6,6
3586,6,6
3587,6,6
3588,2,6
3589,3,6
3590,2,6
3591,3,6
3592,2,4
3593,3,4
3594,2,4
3595,3,4
3596,2,4
3597,3,4
3598,2,4
3599,3,4
3600,6,6
3601,6,6
3602,6,6
3603,2,5
3604,3,5
3605,2,5
3606,3,5
3607,2,5
3608,3,5
3609,2,5
3610,3,5
3611,3,5
3612,2,5
3613,3,5
3614,2,5
3615,3,5
3616,6,6
3617,6,6
3618,6,6
3619,6,6
3620,6,6
3621,6,6
3622,6,6
3623,2,5
3624,2,5
3625,3,5
3626,2,6
3627,3,6
3628,2,6
3629,3,6
3630,2,6
3631,3,6
3632,2,6
3633,3,6
3634,6,6
3635,6,6
3636,6,6
3637,6,6
3638,6,6
3639,6,6
3640,6,6
3641,2,1
3642,3,1
3643,2,1
3644,3,1
3645,2,1
3646,3,1
3647,2,1
3648,3,1
3649,6,6
3650,6,6
3651,6,6
3652,6,6
3653,2,1
3654,3,1
3655,3,1
3656,2,1
3657,2,6
3658,3,6
3659,2,6
3660,3,6
3661,6,6
3662,6,6
3663,6,6
3664,6,6
3665,6,6
3666,6,6
3667,6,6
3668,8,8
3669,2,5
3670,3,5
3671,2,5
3672,3,5
3673,2,5
3674,3,5
3675,2,5
3676,3,5
3677,6,6
3678,6,6
3679,6,6
3680,2,1
3681,3,1
3682,2,1
3683,3,1
3684,2,1
3685,3,1
3686,2,1
3687,3,1
3688,2,6
3689,3,6
3690,2,6
3691,3,6
3692,6,6
3693,6,6
3694,6,6
3695,6,6
3696,2,5
3697,3,5
3698,2,5
3699,3,5
3700,2,5
3701,3,5
3702,2,5
3703,3,5
3704,6,6
3705,6,6
3706,6,6
3707,6,5
3708,2,5
3709,3,5
3710,2,5
3711,3,5
3712,6,6
3713,6,6
3714,6,6
3715,6,6
3716,2,6
3717,3,6
3718,2,6
3719,3,6
3720,2,6
3721,3,6
3722,6,6
3723,6,6
3724,6,6
3725,2,6
3726,3,6
3727,2,1
3728,3,1
3729,2,1
3730,3,1
3731,2,1
3732,3,1
3733,2,1
3734,3,1
3735,6,6
3736,6,6
3737,6,6
3738,6,6
3739,2,6
3740,3,6
3741,2,6
3742,3,6
3743,6,6
3744,6,6
3745,6,6
3746,8,8
3747,2,5
3748,3,5
3749,2,5
3750,3,5
3751,6,6
3752,6,6
3753,6,6
3754,2,5
3755,3,5
3756,2,5
3757,3,5
3758,6,6
3759,6,6
3760,6,6
3761,6,6
3762,8,5
3763,2,6
3764,3,6
3765,2,6
3766,3,6
3767,2,4
3768,3,4
3769,2,4
3770,3,4
3771,6,6
3772,6,6
3773,6,6
3774,6,6
3775,9,5
3776,2,6
3777,3,6
3778,2,6
3779,3,6
3780,6,6
3781,6,6
3782,6,6
3783,2,1
3784,3,1
3785,2,1
3786,3,1
3787,2,1
3788,3,1
3789,2,1
3790,3,1
3791,6,6
3792,6,6
3793,6,6
3794,6,6
3795,6,6
3796,6,6
3797,6,6
3798,2,1
3799,3,1
3800,2,1
3801,3,1
3802,2,1
3803,3,1
3804,2,1
3805,3,1
3806,2,1
3807,3,1
3808,2,1
3809,3,1
3810,2,6
3811,3,6
3812,2,1
3813,3,1
3814,3,1
3815,2,1
3816,3,1
3817,2,1
3818,6,6
3819,6,6
3820,6,6
3821,6,6
3822,6,6
3823,6,6
3824,6,6
3825,2,6
3826,3,6
3827,2,6
3828,3,6
3829,2,1
3830,3,1
3831,2,1
3832,3,1
3833,2,1
3834,2,1
3835,3,1
3836,3,1
3837,6,6
3838,6,6
3839,6,6
3840,6,6
3841,6,6
3842,6,6
3843,6,6
3844,2,1
3845,3,1
3846,2,1
3847,3,1
3848,2,1
3849,3,1
3850,2,1
3851,3,1
3852,2,1
3853,3,1
3854,2,1
3855,3,1
3856,2,6
3857,3,6
3858,2,6
3859,3,6
3860,6,6
3861,6,6
3862,6,6
3863,6,6
3864,9,6
3865,6,7
3866,2,6
3867,3,6
3868,2,6
3869,3,6
3870,2,6
3871,3,6
3872,2,6
3873,3,6
3874,2,4
3875,3,4
3876,2,4
3877,3,4
3878,6,6
3879,6,6
3880,6,6
3881,6,6
3882,6,6
3883,6,6
3884,6,6
3885,2,5
3886,3,5
3887,2,5
3888,3,5
3889,2,5
3890,2,5
3891,3,5
3892,3,5
3893,2,5
3894,3,5
3895,2,5
3896,3,5
3897,2,5
3898,3,5
3899,2,5
3900,3,5
3901,2,1
3902,3,1
3903,2,1
3904,3,1
3905,2,1
3906,3,1
3907,3,1
3908,2,1
3909,2,6
3910,3,6
3911,2,6
3912,3,6
3913,2,6
3914,3,6
3915,2,6
3916,3,6
3917,2,4
3918,3,4
3919,2,4
3920,3,4
3921,2,4
3922,3,4
3923,2,4
3924,3,4
3925,2,4
3926,3,4
3927,3,4
3928,2,4
3929,3,4
3930,2,4
3931,3,4
3932,2,4
3933,2,4
3934,3,4
3935,2,4
3936,3,4
3937,2,4
3938,3,4
3939,2,4
3940,3,4
3941,2,6
3942,3,6
3943,2,6
3944,3,6
3945,2,1
3946,3,1
3947,2,1
3948,3,1
3949,2,1
3950,3,1
3951,2,1
3952,3,1
3953,2,6
3954,3,6
3955,2,6
3956,3,6
3957,2,6
3958,3,6
3959,2,6
3960,3,6
3961,2,5
3962,3,5
3963,2,5
3964,3,5
3965,2,5
3966,3,5
3967,2,5
3968,3,5
3969,8,8
3970,2,6
3971,3,6
3972,2,6
3973,3,6
3974,2,6
3975,3,6
3976,2,6
3977,3,6
3978,2,6
3979,3,6
3980,2,6
3981,3,6
3982,2,5
3983,3,5
3984,3,5
3985,2,5
3986,2,6
3987,3,6
3988,2,6
3989,3,6
3990,2,5
3991,3,5
3992,2,5
3993,3,5
3994,2,5
3995,3,5
3996,2,5
3997,3,5
3998,2,5
3999,3,5
4000,2,5
4001,3,5
4002,2,5
4003,3,5
4004,2,5
4005,3,5
4006,9,5
4007,2,5
4008,3,5
4009,2,5
4010,3,5
4011,8,5
4012,2,5
4013,3,5
4014,2,5
4015,3,5
4016,2,5
4017,3,5
4018,2,5
4019,3,5
4020,2,5
4021,3,5
4022,2,5
4023,3,5
4024,2,6
4025,3,6
4026,2,6
4027,3,6
4028,2,1
4029,3,1
4030,2,1
4031,3,1
4032,2,1
4033,3,1
4034,2,1
4035,3,1
4036,2,5
4037,3,5
4038,2,5
4039,3,5
4040,2,5
4041,3,5
4042,2,5
4043,3,5
4044,2,5
4045,3,5
4046,2,5
4047,3,5
4048,2,5
4049,3,5
4050,2,5
4051,3,5
4052,2,5
4053,3,5
4054,2,5
4055,3,5
4056,3,5
4057,2,5
4058,3,5
4059,2,5
4060,2,6
4061,3,6
4062,2,6
4063,3,6
4064,2,6
4065,3,6
4066,2,6
4067,3,6
4068,2,6
4069,3,6
4070,2,6
4071,3,6
4072,2,5
4073,3,5
4074,2,5
4075,3,5
4076,2,5
4077,3,5
4078,2,5
4079,3,5
4080,2,5
4081,3,5
4082,2,5
4083,3,5
4084,8,8
4085,8,8
4086,8,8
4087,8,5
4088,8,8
4089,3,5
4090,8,8
4091,8,8
4092,8,8
4093,8,8
4094,8,8
4095,8,5
4096,3,8
4097,8,8
4098,9,5
4099,8,5
4100,8,8
4101,8,8
4102,3,1
4103,8,8
4104,3,1
4105,3,5
4106,3,5
4107,9,5
4108,3,1
4109,3,1
4110,8,8
4111,8,8
4112,8,8
4113,8,5
4114,2,5
4115,2,5
4116,8,8
4117,8,8
4118,9,6
4119,8,8
4120,8,8
4121,8,8
4122,8,8
4123,8,8
4124,8,8
4125,8,8
4126,8,8
4127,8,8
4128,8,5
4129,8,8
4130,8,8
4131,8,8
4132,8,8
4133,8,5
4134,8,5
4135,8,8
4136,2,5
4137,2,5
4138,8,5
4139,9,5
4140,8,8
4141,8,7
4142,8,5
4143,9,5
4144,8,8
4145,8,8
4146,8,5
4147,8,8
4148,9,1
4149,8,5
4150,8,8
4151,8,8
4152,8,8
4153,8,8
4154,8,8
4155,8,8
4156,8,8
4157,8,8
4158,8,5
4159,8,5
4160,8,5
4161,8,8
4162,8,8
4163,8,8
4164,2,1
4165,2,1
4166,2,1
4167,2,1
4168,2,1
4169,2,1
4170,2,1
4171,2,1
4172,2,1
4173,2,1
4174,2,1
4175,2,1
4176,2,1
4177,2,1
4178,2,5
4179,2,5
4180,2,2
4181,2,2
4182,2,2
4183,2,2
4184,2,2
4185,2,2
4186,2,2
4187,2,2
4188,2,0
4189,2,0
4190,2,1
4191,2,1
4192,2,5
4193,2,1
4194,2,2
4195,2,2
4196,8,5
4197,8,8
4198,8,5
4199,8,8
4200,8,8
4201,8,8
4202,9,1
4203,8,8
4204,8,8
4205,8,8
4206,8,8
4207,8,7
4208,8,8
4209,8,8
4210,8,8
4211,8,8
4212,8,5
4213,9,5
4214,8,8
4215,8,8
4216,8,8
4217,8,8
4218,8,8
4219,8,8
4220,8,8
4221,8,8
4222,8,8
4223,8,8
4224,8,8
4225,8,8
4226,8,8
4227,8,8
4228,8,8
4229,8,8
4230,8,8
4231,8,8
4232,8,5
4233,8,8
4234,8,8
4235,8,8
4236,8,8
4237,8,8
4238,8,8
4239,8,8
4240,8,5
4241,8,8
4242,8,8
4243,8,8
4244,8,8
4245,9,5
4246,8,8
4247,9,5
4248,9,5
4249,9,5
4250,9,5
4251,9,1
4252,9,5
4253,9,5
4254,9,7
4255,9,5
4256,9,5
4257,9,6
4258,9,5
4259,9,5
4260,9,5
4261,9,6
4262,9,5
4263,9,5
4264,9,5
4265,9,5
4266,9,7
4267,9,5
4268,9,5
4269,9,1
4270,9,5
4271,9,5
4272,9,5
4273,9,5
4274,9,5
4275,9,5
4276,9,5
4277,9,5
4278,9,5
4279,9,5
4280,9,7
4281,9,5
4282,9,5
4283,9,6
4284,9,5
4285,9,5
4286,9,5
4287,9,5
4288,9,5
4289,9,5
4290,9,5
4291,9,7
4292,9,5
4293,9,5
4294,9,5
4295,9,6
4296,9,5
4297,9,5
4298,9,5
4299,9,1
4300,9,6
4301,9,5
4302,9,5
4303,9,5
4304,9,5
4305,9,5
4306,9,5
4307,9,5
4308,9,5
4309,9,5
4310,9,5
4311,9,5
4312,9,5
4313,9,5
4314,9,5
4315,9,5
4316,9,5
4317,9,7
4318,9,5
4319,9,5
4320,9,6
4321,9,5
4322,9,5
4323,9,5
4324,9,6
4325,9,5
4326,9,5
4327,9,5
4328,9,5
4329,9,5
