Stime,srcip,sport,dstip,dsport,proto,service,dur,sbytes,dbytes,state,Spkts,Dpkts,is_sm_ips_ports,ct_srv_src,ct_srv_dst,ct_src_dport_ltm,ct_dst_sport_ltm,ct_dst_src_ltm,ct_dst_ltm,ct_src_ltm,dttl,sttl,ct_flw_http_mthd,res_len,trans_depth,dmeansz,smeansz,dwin,swin,dtcpb,stcpb
1588205199.82437,10.0.1.6,54243,10.0.0.4,53,udp,dns,0.001528024673461914,39.0,55.0,SF,1,1,0,0,0,0,0,0,0,0,128,128,0,0,0,83,67,0,0,0,0
1588205199.827696,10.0.1.6,56880,10.0.0.4,445,tcp,"gssapi,smb,krb",10.76107692718506,4020.0,1681.0,RSTO,12,11,0,0,0,0,0,1,1,1,128,128,0,0,0,193,108,20861,7059,1505229605,3037930145
1588205279.953876,10.0.1.6,65108,10.0.0.4,53,udp,dns,0.0015990734100341795,36.0,104.0,SF,1,1,0,1,1,1,0,2,2,2,128,128,0,0,0,132,64,0,0,0,0
1588205323.3855429,10.0.1.6,138,10.0.1.255,138,udp,,,,,S0,1,0,0,0,0,0,0,0,0,3,0,128,0,0,0,0,229,0,0,0,0
1588205390.833714,10.0.1.6,123,10.0.0.4,123,udp,,0.0030689239501953125,120.0,120.0,SF,1,1,0,0,0,0,0,3,3,4,128,128,0,0,0,148,148,0,0,0,0
1588205723.303168,10.0.1.6,54192,10.0.0.4,53,udp,dns,0.001271963119506836,35.0,51.0,SF,1,1,0,2,2,2,0,4,4,5,128,128,0,0,0,79,63,0,0,0,0
1588205880.0519211,10.0.1.6,56542,10.0.0.4,53,udp,dns,0.0012230873107910154,36.0,104.0,SF,1,1,0,3,3,3,0,5,5,6,128,128,0,0,0,132,64,0,0,0,0
1588206048.982423,10.0.1.6,56956,10.0.0.4,389,tcp,,0.3697969913482666,2180.0,515.0,RSTR,8,8,0,0,0,0,0,6,6,7,128,128,0,0,0,124,87,20487,22374,1819658905,3214930701
1588206048.840759,10.0.1.6,56955,10.0.0.4,389,tcp,,0.5158419609069824,2991.0,4544.0,RSTR,13,11,0,0,0,1,0,7,7,8,128,128,0,0,0,599,132,19370,6832,1418158349,2634436645
1588206048.591635,10.0.1.6,56953,10.0.0.4,135,tcp,dce_rpc,14.712318897247314,328.0,280.0,SF,7,6,0,0,0,0,0,8,8,9,128,128,0,0,0,117,90,24584,10933,3535944624,3946279426
1588206048.59429,10.0.1.6,56954,10.0.0.4,49667,tcp,dce_rpc,34.737389087677,2799.0,1098.0,SF,10,10,0,1,1,0,0,9,9,10,128,128,0,0,0,165,126,21307,8266,2333692858,3105602112
1588206040.9451132,10.0.1.6,138,10.0.1.255,138,udp,,,,,S0,1,0,0,0,0,1,1,1,1,11,0,128,0,0,0,0,229,0,0,0,0
1588206048.481595,10.0.1.6,56543,10.0.0.4,389,udp,,0.001071929931640625,203.0,174.0,SF,1,1,0,0,0,2,0,10,10,12,128,128,0,0,0,202,231,0,0,0,0
1588206048.870904,10.0.1.6,56545,10.0.0.4,389,udp,,0.001207113265991211,202.0,174.0,SF,1,1,0,0,0,3,0,11,11,13,128,128,0,0,0,202,230,0,0,0,0
1588206049.291189,10.0.1.6,56957,10.0.0.4,445,tcp,"gssapi,smb,krb",183.00438499450684,15652.0,12520.0,RSTO,71,70,0,1,1,1,0,12,12,14,128,128,0,0,0,233,170,17094,10572,993287131,2760062146
1588206414.9267619,10.0.1.6,123,10.0.0.4,123,udp,,0.0019829273223876953,120.0,120.0,SF,1,1,0,0,0,1,1,13,13,15,128,128,0,0,0,148,148,0,0,0,0
1588206480.101581,10.0.1.6,56622,10.0.0.4,53,udp,dns,0.0018889904022216801,36.0,104.0,SF,1,1,0,4,4,4,0,14,14,16,128,128,0,0,0,132,64,0,0,0,0
1588206763.425808,10.0.1.6,64909,10.0.0.4,53,udp,dns,0.002293109893798828,47.0,165.0,SF,1,1,0,5,5,5,0,15,15,17,128,128,0,0,0,193,75,0,0,0,0
1588206809.274476,10.0.1.4,60775,10.0.1.6,5985,tcp,,0.011584043502807615,4719.0,426.0,SF,9,6,0,0,0,0,0,0,0,0,128,128,0,0,0,113,565,24584,8958,1001783987,3616078221
1588206808.214094,10.0.1.4,60774,10.0.1.6,5985,tcp,,1.0738060474395752,16130.0,6585.0,SF,22,14,0,0,0,1,0,1,1,1,128,128,0,0,0,267,773,19903,4874,3596827121,3455291931
1588206807.77218,10.0.1.4,60772,10.0.1.6,5985,tcp,,1.5193929672241209,11473.0,7014.0,SF,20,12,0,0,0,2,0,2,2,2,128,128,0,0,0,87,614,7339,5158,2966939941,838403696
1588206806.283442,10.0.1.4,60771,10.0.1.6,5985,tcp,,3.010339975357056,24430.0,13628.0,SF,27,16,0,0,0,3,0,3,3,3,128,128,0,0,0,135,945,6015,4351,1434755761,4154541111
1588206763.90258,10.0.1.6,138,10.0.1.255,138,udp,,,,,S0,1,0,0,0,0,2,2,2,2,18,0,128,0,0,0,0,229,0,0,0,0
1588206823.656936,10.0.1.6,56837,10.0.0.4,53,udp,dns,4.11504602432251,164.0,261.0,SF,4,1,0,6,6,6,0,16,16,19,128,128,0,0,0,289,69,0,0,0,0
1588206894.195274,10.0.1.6,57027,10.0.0.4,389,tcp,,0.0035037994384765625,158.0,386.0,RSTR,5,4,0,0,0,4,0,17,17,20,128,128,0,0,0,139,74,24581,14486,1637361675,1907425235
1588206894.199245,10.0.1.6,57028,10.0.0.4,389,tcp,,0.009999990463256836,2351.0,6019.0,RSTR,9,8,0,0,0,5,0,18,18,21,128,128,0,0,0,793,97,20488,8959,1803580878,4200995572
1588206894.209659,10.0.1.6,57029,10.0.0.4,389,tcp,,0.3798689842224121,7233.0,16107.0,RSTR,22,24,0,0,0,6,0,19,19,22,128,128,0,0,0,771,133,17758,4874,154048835,4193014429
1588206891.727231,10.0.1.6,58829,10.0.0.4,53,udp,dns,0.0013799667358398438,90.0,158.0,SF,1,1,0,7,7,7,0,20,20,23,128,128,0,0,0,186,118,0,0,0,0
1588206891.729114,10.0.1.6,52350,10.0.0.4,53,udp,dns,0.0018558502197265625,59.0,127.0,SF,1,1,0,8,8,8,0,21,21,24,128,128,0,0,0,155,87,0,0,0,0
1588206891.731235,10.0.1.6,137,10.0.1.255,137,udp,dns,1.5173280239105225,150.0,0.0,S0,3,0,0,9,0,0,0,3,3,25,0,128,0,0,0,0,78,0,0,0,0
1588206894.285716,10.0.1.6,64562,10.0.0.4,53,udp,dns,0.0012049674987792967,53.0,110.0,SF,1,1,0,10,9,9,0,22,22,26,128,128,0,0,0,138,81,0,0,0,0
1588206894.130204,10.0.1.6,57026,10.0.0.4,445,tcp,"gssapi,smb,krb,dce_rpc",10.73675298690796,20809.0,16305.0,RSTO,126,125,0,0,0,2,0,23,23,27,128,128,0,0,0,173,180,16785,11404,2887306721,210708221
1588206894.1158369,10.0.1.6,57024,10.0.0.4,135,tcp,dce_rpc,12.411231994628904,328.0,280.0,SF,7,6,0,2,2,1,0,24,24,28,128,128,0,0,0,117,90,24584,10933,2597924840,1262344177
1588206894.1204119,10.0.1.6,57025,10.0.0.4,49667,tcp,dce_rpc,12.40674090385437,462.0,472.0,SF,7,6,0,3,3,1,0,25,25,29,128,128,0,0,0,178,109,24584,10932,2241798703,2238927602
1588206926.038794,10.0.1.4,60807,10.0.1.6,445,tcp,"gssapi,smb,krb",10.30827498435974,527368.0,1617.0,RSTO,31,25,0,0,0,0,0,4,4,4,128,128,0,0,0,105,7446,18360,3716,352255398,1437054565
1588206925.606391,10.0.1.4,60803,10.0.1.6,445,tcp,gssapi,10.740680932998657,4261160.0,3871.0,RSTO,276,81,0,0,0,1,0,5,5,5,128,128,0,0,0,87,9416,17001,2246,2824034498,1686132515
1588206926.036974,10.0.1.4,60805,10.0.1.6,445,tcp,"gssapi,smb,krb",10.310121059417725,2084.0,947.0,RSTO,8,5,0,1,1,2,0,6,6,6,128,128,0,0,0,231,302,26223,9565,3991234248,1287314823
1588206926.0373368,10.0.1.4,60806,10.0.1.6,445,tcp,"gssapi,smb,krb",10.309933900833132,527300.0,1619.0,RSTO,61,25,0,2,2,3,0,7,7,7,128,128,0,0,0,105,7684,18360,3015,1503700581,29345324
1588206894.0079231,10.0.1.6,52351,10.0.0.4,389,udp,,0.0013880729675292967,246.0,174.0,SF,1,1,0,0,0,7,0,26,26,30,128,128,0,0,0,202,274,0,0,0,0
1588206894.2875311,10.0.1.6,64563,10.0.0.4,389,udp,,0.001056194305419922,203.0,174.0,SF,1,1,0,0,0,8,0,27,27,31,128,128,0,0,0,202,231,0,0,0,0
1588206977.8692892,10.0.1.4,60816,10.0.1.6,55121,tcp,,3.00325608253479,0.0,0.0,S0,3,0,0,0,0,0,0,8,8,8,0,128,0,0,0,0,52,0,64240,0,616250780
1588206984.874815,10.0.1.4,60816,10.0.1.6,55121,tcp,,,,,S0,1,0,0,0,0,1,1,9,9,9,0,128,0,0,0,0,52,0,64240,0,616250780
1588206992.8836448,10.0.1.4,60816,10.0.1.6,55121,tcp,,,,,S0,1,0,0,0,0,2,2,10,10,10,0,128,0,0,0,0,52,0,64240,0,616250780
1588206990.33993,10.0.1.6,64173,10.0.0.4,53,udp,dns,0.0013010501861572266,35.0,51.0,SF,1,1,0,11,10,10,0,28,28,32,128,128,0,0,0,79,63,0,0,0,0
1588206998.94158,10.0.1.6,57044,10.0.0.4,389,tcp,,0.008389949798583984,2741.0,4007.0,RSTR,10,10,0,0,0,9,0,29,29,33,128,128,0,0,0,441,130,19669,8266,2642323974,867573237
1588206998.949662,10.0.1.6,57045,10.0.0.4,389,tcp,,0.008588075637817383,2206.0,937.0,RSTR,7,7,0,0,0,10,0,30,30,34,128,128,0,0,0,175,92,21072,10931,670570681,1951156946
1588206998.9524882,10.0.1.6,57046,10.0.0.4,389,tcp,,0.005938053131103516,2391.0,1273.0,RSTR,8,8,0,0,0,11,0,31,31,35,128,128,0,0,0,200,109,20487,13408,1154317192,4136455882
1588206998.960721,10.0.1.6,57047,10.0.0.4,88,tcp,krb_tcp,0.002733945846557617,221.0,182.0,RSTR,4,4,0,0,0,0,0,32,32,36,128,128,0,0,0,88,98,24581,17596,1976901480,3904752217
1588206998.969973,10.0.1.6,57048,10.0.0.4,88,tcp,krb_tcp,0.0020799636840820317,301.0,1535.0,RSTR,5,5,0,1,1,1,0,33,33,37,128,128,0,0,0,349,102,22944,25964,373135066,2424434179
1588206998.972202,10.0.1.6,57049,10.0.0.4,88,tcp,krb_tcp,0.002274036407470703,1443.0,1465.0,RSTR,5,6,0,2,2,2,0,34,34,38,128,128,0,0,0,286,34,21852,20225,2321196122,574359733
1588206999.2985241,10.0.1.4,60819,10.0.1.6,55121,tcp,,3.0148510932922363,0.0,0.0,S0,3,0,0,0,0,3,0,11,11,11,0,128,0,0,0,0,52,0,64240,0,3188076793
1588207006.317093,10.0.1.4,60819,10.0.1.6,55121,tcp,,,,,S0,1,0,0,0,0,4,1,12,12,12,0,128,0,0,0,0,52,0,64240,0,3188076793
1588207000.048842,10.0.1.6,57052,10.0.0.4,445,tcp,"gssapi,smb,krb",10.923789978027344,4020.0,1681.0,RSTO,12,11,0,2,2,3,0,35,35,39,128,128,0,0,0,193,108,20861,7059,912829334,1935470149
1588207014.326995,10.0.1.4,60819,10.0.1.6,55121,tcp,,,,,S0,1,0,0,0,0,5,2,13,13,13,0,128,0,0,0,0,52,0,64240,0,3188076793
1588206977.865701,10.0.1.4,60815,10.0.1.6,135,tcp,dce_rpc,42.45286512374878,496.0,452.0,RSTO,8,4,0,0,0,0,0,14,14,14,128,128,0,0,0,156,103,17919,9566,2491215147,686368904
1588206977.825393,10.0.1.4,60811,10.0.1.6,445,tcp,gssapi,53.64974498748779,193627.0,30239.0,RSTO,96,90,0,1,1,4,0,15,15,15,128,128,0,0,0,163,2057,2752,2672,3388182156,973151737
1588207073.3616052,10.0.1.4,60829,10.0.1.6,55121,tcp,,3.008784055709839,0.0,0.0,S0,3,0,0,0,0,6,0,16,16,16,0,128,0,0,0,0,52,0,64240,0,466516482
1588207080.376198,10.0.1.4,60829,10.0.1.6,55121,tcp,,,,,S0,1,0,0,0,0,7,1,17,17,17,0,128,0,0,0,0,52,0,64240,0,466516482
1588207080.2056038,10.0.1.6,51985,10.0.0.4,53,udp,dns,0.001931905746459961,36.0,104.0,SF,1,1,0,12,11,11,0,36,36,40,128,128,0,0,0,132,64,0,0,0,0
1588207088.390116,10.0.1.4,60829,10.0.1.6,55121,tcp,,,,,S0,1,0,0,0,0,8,2,18,18,18,0,128,0,0,0,0,52,0,64240,0,466516482
1588207094.42524,10.0.1.6,57055,10.0.0.4,389,tcp,,0.007080078125,2391.0,1273.0,RSTR,8,8,0,0,0,12,0,37,37,41,128,128,0,0,0,200,109,20487,9820,3648472784,670458706
1588207094.436007,10.0.1.6,57057,10.0.0.4,389,tcp,,0.00666499137878418,2391.0,1273.0,RSTR,8,8,0,0,0,13,0,38,38,42,128,128,0,0,0,200,109,20487,9820,1762174311,2226043277
1588207094.432738,10.0.1.6,57056,10.0.0.4,389,tcp,,0.009953975677490234,2206.0,937.0,RSTR,7,7,0,0,0,14,0,39,39,43,128,128,0,0,0,175,92,21072,10931,3275664543,2209116337
1588207094.444747,10.0.1.6,57058,10.0.0.4,88,tcp,krb_tcp,0.002035140991210937,221.0,182.0,RSTR,4,4,0,3,3,3,0,40,40,44,128,128,0,0,0,88,98,24581,17596,199913870,3590548975
1588207094.453001,10.0.1.6,57059,10.0.0.4,88,tcp,krb_tcp,0.003325939178466797,301.0,1535.0,RSTR,5,5,0,4,4,4,0,41,41,45,128,128,0,0,0,349,102,22944,14487,1987601023,351783957
1588207094.455702,10.0.1.6,57060,10.0.0.4,88,tcp,krb_tcp,0.003378868103027344,1443.0,1465.0,RSTR,5,6,0,5,5,5,0,42,42,46,128,128,0,0,0,286,34,21852,14487,1285510838,4110882272
1588207094.656751,10.0.1.4,60831,10.0.1.6,55121,tcp,,3.012385129928589,0.0,0.0,S0,3,0,0,0,0,9,0,19,19,19,0,128,0,0,0,0,52,0,64240,0,1759434278
1588207101.6697,10.0.1.4,60831,10.0.1.6,55121,tcp,,,,,S0,1,0,0,0,0,10,1,20,20,20,0,128,0,0,0,0,52,0,64240,0,1759434278
1588207109.672724,10.0.1.4,60831,10.0.1.6,55121,tcp,,,,,S0,1,0,0,0,0,11,2,21,21,21,0,128,0,0,0,0,52,0,64240,0,1759434278
1588207073.3570151,10.0.1.4,60828,10.0.1.6,135,tcp,dce_rpc,42.327039003372185,496.0,452.0,RSTO,8,4,0,1,1,1,0,22,22,22,128,128,0,0,0,156,103,17919,9566,1735440624,2341598582
1588207073.31099,10.0.1.4,60824,10.0.1.6,445,tcp,gssapi,53.64452195167542,193627.0,30239.0,RSTO,100,91,0,2,2,5,0,23,23,23,128,128,0,0,0,161,1976,16933,2647,746487001,3296430754
1588207119.479847,10.0.1.6,57063,10.0.0.4,135,tcp,dce_rpc,14.992820024490356,328.0,280.0,SF,7,6,0,4,4,2,0,43,43,47,128,128,0,0,0,117,90,24584,10933,2840772745,2596448224
1588207119.483999,10.0.1.6,57064,10.0.0.4,49667,tcp,dce_rpc,34.98910403251648,2823.0,1034.0,SF,10,10,0,5,5,2,0,44,44,48,128,128,0,0,0,158,126,21307,8266,1931566268,3584846802
1588207182.5971382,10.0.1.4,60838,10.0.1.6,445,tcp,gssapi,0.02571702003479004,301.0,1144.0,RSTO,5,3,0,3,3,6,0,24,24,24,128,128,0,0,0,425,102,32774,14077,1493902350,234096583
1588207182.7119288,10.0.1.4,60839,10.0.1.6,80,tcp,,3.0108020305633545,0.0,0.0,S0,3,0,0,0,0,0,0,25,25,25,0,128,0,0,0,0,52,0,64240,0,699753302
1588207189.737575,10.0.1.4,60839,10.0.1.6,80,tcp,,,,,S0,1,0,0,0,0,1,1,26,26,26,0,128,0,0,0,0,52,0,64240,0,699753302
1588207197.75212,10.0.1.4,60839,10.0.1.6,80,tcp,,,,,S0,1,0,0,0,0,2,2,27,27,27,0,128,0,0,0,0,52,0,64240,0,699753302
1588207203.754964,10.0.1.4,60843,10.0.1.6,445,tcp,gssapi,0.005701780319213867,301.0,1144.0,RSTO,5,3,0,4,4,7,0,28,28,28,128,128,0,0,0,425,102,23210,14077,1874383265,2670769108
1588207203.762622,10.0.1.4,60844,10.0.1.6,445,tcp,,0.003166913986206055,228.0,614.0,RSTO,4,2,0,0,0,8,0,29,29,29,128,128,0,0,0,353,100,33791,17084,2431963412,413174719
1588207203.766483,10.0.1.4,60845,10.0.1.6,445,tcp,,0.0031998157501220703,228.0,614.0,RSTO,4,2,0,0,0,9,0,30,30,30,128,128,0,0,0,353,100,33791,17084,1240352860,1588922226
1588207203.771393,10.0.1.4,60846,10.0.1.6,445,tcp,,0.0020580291748046875,228.0,614.0,RSTO,4,2,0,0,0,10,0,31,31,31,128,128,0,0,0,353,100,40965,17084,3652204594,30150773
1588207203.774184,10.0.1.4,60847,10.0.1.6,445,tcp,,0.002382993698120117,228.0,614.0,RSTO,4,2,0,0,0,11,0,32,32,32,128,128,0,0,0,353,100,40965,17084,981090281,1914773955
1588207203.777765,10.0.1.4,60848,10.0.1.6,445,tcp,,0.002367973327636719,228.0,614.0,RSTO,4,2,0,0,0,12,0,33,33,33,128,128,0,0,0,353,100,33791,17084,129132232,3327576417
1588207203.781575,10.0.1.4,60849,10.0.1.6,445,tcp,,0.003968000411987305,228.0,614.0,RSTO,4,2,0,0,0,13,0,34,34,34,128,128,0,0,0,353,100,33791,17084,3742253744,2781076916
1588207203.129777,10.0.1.6,50954,10.0.0.4,53,udp,dns,0.03660297393798828,60.0,151.0,SF,2,1,0,13,12,12,0,45,45,49,128,128,0,0,0,179,58,0,0,0,0
1588207203.2914538,10.0.1.6,64035,10.0.0.4,53,udp,dns,0.001368999481201172,29.0,80.0,SF,1,1,0,14,13,13,0,46,46,50,128,128,0,0,0,108,57,0,0,0,0
1588207222.4621232,10.0.1.4,60858,10.0.1.6,55121,tcp,,3.00628399848938,0.0,0.0,S0,3,0,0,0,0,12,0,35,35,35,0,128,0,0,0,0,52,0,64240,0,2659806100
1588207229.4827552,10.0.1.4,60858,10.0.1.6,55121,tcp,,,,,S0,1,0,0,0,0,13,1,36,36,36,0,128,0,0,0,0,52,0,64240,0,2659806100
1588207237.486216,10.0.1.4,60858,10.0.1.6,55121,tcp,,,,,S0,1,0,0,0,0,14,2,37,37,37,0,128,0,0,0,0,52,0,64240,0,2659806100
1588207243.7008212,10.0.1.6,57083,10.0.0.4,389,tcp,,0.007930994033813477,2391.0,1273.0,RSTR,8,8,0,0,0,15,0,47,47,51,128,128,0,0,0,200,109,20487,9820,1751730722,1075635986
1588207243.70901,10.0.1.6,57084,10.0.0.4,389,tcp,,0.012980222702026369,2206.0,937.0,RSTR,7,7,0,0,0,16,0,48,48,52,128,128,0,0,0,175,92,21072,10931,1658412593,4011729182
1588207243.713091,10.0.1.6,57085,10.0.0.4,389,tcp,,0.010522127151489258,2391.0,1273.0,RSTR,8,8,0,0,0,17,0,49,49,53,128,128,0,0,0,200,109,20487,9820,1049070731,867914255
1588207243.723912,10.0.1.6,57086,10.0.0.4,88,tcp,krb_tcp,0.004079103469848633,221.0,182.0,RSTR,4,4,0,6,6,6,0,50,50,54,128,128,0,0,0,88,98,24581,17596,1688704175,1714700686
1588207243.732057,10.0.1.6,57087,10.0.0.4,88,tcp,krb_tcp,0.002707958221435547,301.0,1535.0,RSTR,5,5,0,7,7,7,0,51,51,55,128,128,0,0,0,349,102,22944,14487,2826986149,2472820732
1588207243.7343528,10.0.1.6,57088,10.0.0.4,88,tcp,krb_tcp,0.0025670528411865234,1443.0,1465.0,RSTR,5,6,0,8,8,8,0,52,52,56,128,128,0,0,0,286,34,21852,25964,4103724567,3730255372
1588207244.730954,10.0.1.6,57091,192.168.0.4,8443,tcp,ssl,0.24530410766601565,894.0,55873.0,RSTO,9,9,0,0,0,0,0,0,0,57,63,128,0,0,0,6249,140,7583,8730,1890833741,1082706219
1588207244.995075,10.0.1.6,57092,192.168.0.4,8443,tcp,ssl,0.010174036026000977,997.0,1823.0,RSTO,7,6,0,1,1,1,0,1,1,58,63,128,0,0,0,345,184,11124,10639,2718352670,2615912744
1588207245.005643,10.0.1.6,57093,192.168.0.4,8443,tcp,ssl,0.007926225662231445,997.0,1823.0,RSTO,7,6,0,2,2,2,0,2,2,59,63,128,0,0,0,345,184,11124,10639,1335345503,1852641565
1588207245.120773,10.0.1.6,57094,192.168.0.4,8443,tcp,ssl,0.009495973587036131,997.0,2396.0,RSTO,7,6,0,3,3,3,0,3,3,60,63,128,0,0,0,441,184,11124,10639,1961465401,1410072057
1588207245.131256,10.0.1.6,57095,192.168.0.4,8443,tcp,ssl,0.008330821990966797,1166.0,1823.0,RSTO,7,6,0,4,4,4,0,4,4,61,63,128,0,0,0,345,208,11124,10639,2336942392,3057420783
1588207245.1399472,10.0.1.6,57096,192.168.0.4,8443,tcp,ssl,0.0076711177825927734,997.0,1921.0,RSTO,7,6,0,5,5,5,0,5,5,62,63,128,0,0,0,362,184,11124,10639,70063467,4224324845
1588207245.16368,10.0.1.6,57097,192.168.0.4,8443,tcp,ssl,0.009915828704833984,1177.0,1823.0,RSTO,7,6,0,6,6,6,0,6,6,62,63,128,0,0,0,345,209,11124,10639,374224829,1958687656
1588207245.173966,10.0.1.6,57098,192.168.0.4,8443,tcp,ssl,0.010755062103271484,997.0,1952.0,RSTO,7,6,0,7,7,7,0,7,7,62,63,128,0,0,0,367,184,11124,10639,1085875032,2543540405
1588207245.185344,10.0.1.6,57099,192.168.0.4,8443,tcp,ssl,0.010478019714355469,1158.0,1823.0,RSTO,7,6,0,8,8,8,0,8,8,62,63,128,0,0,0,345,207,11124,10639,587496888,3328927298
1588207245.196124,10.0.1.6,57100,192.168.0.4,8443,tcp,ssl,0.009532928466796877,997.0,1937.0,RSTO,7,6,0,9,9,9,0,9,9,62,63,128,0,0,0,364,184,11124,10639,380038356,3155309135
1588207245.206373,10.0.1.6,57101,192.168.0.4,8443,tcp,ssl,0.00914907455444336,1152.0,1823.0,RSTO,7,6,0,10,10,10,0,10,10,62,63,128,0,0,0,345,206,11124,10639,2816880794,3157378581
1588207245.2159688,10.0.1.6,57102,192.168.0.4,8443,tcp,ssl,0.05336284637451172,997.0,99201.0,RSTO,11,12,0,11,11,11,0,11,11,62,63,128,0,0,0,8307,131,5812,7515,1170595341,4002114374
1588207245.330151,10.0.1.6,57103,192.168.0.4,8443,tcp,ssl,0.010313034057617188,1994.0,1823.0,RSTO,7,6,0,12,12,12,0,12,12,62,63,128,0,0,0,345,326,11124,10639,278737349,1976954700
1588207245.340869,10.0.1.6,57104,192.168.0.4,8443,tcp,ssl,0.01146697998046875,997.0,1823.0,RSTO,7,6,0,13,13,13,0,13,13,62,63,128,0,0,0,345,184,11124,10639,1544878924,461572257
1588207245.352683,10.0.1.6,57105,192.168.0.4,8443,tcp,ssl,0.009980916976928713,997.0,1823.0,RSTO,7,6,0,14,14,14,0,14,14,62,63,128,0,0,0,345,184,11124,10639,1128269910,2408820525
1588207245.464423,10.0.1.6,57106,192.168.0.4,8443,tcp,ssl,0.04969000816345215,997.0,1921.0,RSTO,7,6,0,15,15,15,0,15,15,62,63,128,0,0,0,362,184,11124,10639,301561853,2919167961
1588207245.5149689,10.0.1.6,57107,192.168.0.4,8443,tcp,ssl,0.010695934295654295,1180.0,1823.0,RSTO,7,6,0,16,16,16,0,16,16,62,63,128,0,0,0,345,210,11124,10639,3371240348,3377152378
1588207245.525995,10.0.1.6,57108,192.168.0.4,8443,tcp,ssl,0.007863044738769531,997.0,1931.0,RSTO,7,6,0,17,17,17,0,17,17,62,63,128,0,0,0,363,184,11124,10639,3047455604,1588276535
1588207245.534455,10.0.1.6,57109,192.168.0.4,8443,tcp,ssl,0.0075109004974365234,1177.0,1823.0,RSTO,7,6,0,18,18,18,0,18,18,62,63,128,0,0,0,345,209,11124,20887,1455175222,3079033548
1588207245.5423381,10.0.1.6,57110,192.168.0.4,8443,tcp,ssl,0.010209083557128906,997.0,1932.0,RSTO,7,6,0,19,19,19,0,19,19,62,63,128,0,0,0,364,184,11124,10639,2887736864,3339598921
1588207245.553344,10.0.1.6,57111,192.168.0.4,8443,tcp,ssl,0.009424924850463869,1219.0,1823.0,RSTO,7,6,0,20,20,20,0,20,20,62,63,128,0,0,0,345,215,11124,10639,3436907436,744256080
1588207245.56305,10.0.1.6,57112,192.168.0.4,8443,tcp,ssl,0.006793022155761719,997.0,1944.0,RSTO,7,6,0,21,21,21,0,21,21,62,63,128,0,0,0,366,184,11124,20887,1572938748,2720176579
1588207245.570382,10.0.1.6,57113,192.168.0.4,8443,tcp,ssl,0.0075609683990478516,1150.0,1823.0,RSTO,7,6,0,22,22,22,0,22,22,62,63,128,0,0,0,345,206,11124,10639,2622306112,671881811
1588207245.578221,10.0.1.6,57114,192.168.0.4,8443,tcp,ssl,0.006747961044311523,997.0,1939.0,RSTO,7,6,0,23,23,23,0,23,23,62,63,128,0,0,0,365,184,11124,10639,1553586523,2290596393
1588207245.585556,10.0.1.6,57115,192.168.0.4,8443,tcp,ssl,0.009096860885620115,1169.0,1823.0,RSTO,7,6,0,24,24,24,0,24,24,63,63,128,0,0,0,345,208,11124,10639,1890002155,718374300
1588207245.595026,10.0.1.6,57116,192.168.0.4,8443,tcp,ssl,0.008095026016235352,997.0,1935.0,RSTO,7,6,0,25,25,25,0,25,25,64,63,128,0,0,0,364,184,11124,10639,3460704204,2537972987
1588207245.603646,10.0.1.6,57117,192.168.0.4,8443,tcp,ssl,0.007080078125,1165.0,1823.0,RSTO,7,6,0,26,26,26,0,26,26,65,63,128,0,0,0,345,208,11124,10639,3589955965,2173017310
1588207245.6110392,10.0.1.6,57118,192.168.0.4,8443,tcp,ssl,0.007798194885253906,997.0,1823.0,RSTO,7,6,0,27,27,27,0,27,27,66,63,128,0,0,0,345,184,11124,10639,2756617807,1728621283
1588207245.619123,10.0.1.6,57119,192.168.0.4,8443,tcp,ssl,0.00817108154296875,997.0,1823.0,RSTO,7,6,0,28,28,28,0,28,28,66,63,128,0,0,0,345,184,11124,16788,1977486474,740168760
1588207245.730308,10.0.1.6,57120,192.168.0.4,8443,tcp,ssl,0.01025104522705078,997.0,1823.0,RSTO,7,6,0,29,29,29,0,29,29,66,63,128,0,0,0,345,184,11124,10639,4161456520,1376990493
1588207245.93322,10.0.1.6,57121,192.168.0.4,8443,tcp,ssl,0.00991201400756836,997.0,1823.0,RSTO,7,6,0,30,30,30,0,30,30,66,63,128,0,0,0,345,184,11124,10639,490566985,256425771
1588207246.246092,10.0.1.6,57122,192.168.0.4,8443,tcp,ssl,0.01220083236694336,997.0,1823.0,RSTO,7,6,0,31,31,31,0,31,31,66,63,128,0,0,0,345,184,11124,10639,958007153,2955191426
1588207246.652286,10.0.1.6,57123,192.168.0.4,8443,tcp,ssl,0.011091947555541992,997.0,1823.0,RSTO,7,6,0,32,32,32,0,32,32,66,63,128,0,0,0,345,184,11124,10639,811525610,65738900
1588207247.1529279,10.0.1.6,57124,192.168.0.4,8443,tcp,ssl,0.010638952255249023,997.0,1823.0,RSTO,7,6,0,33,33,33,0,33,33,66,63,128,0,0,0,345,184,11124,16788,996198061,719306737
1588207247.76246,10.0.1.6,57125,192.168.0.4,8443,tcp,ssl,0.012936115264892578,997.0,1823.0,RSTO,7,6,0,34,34,34,0,34,34,66,63,128,0,0,0,345,184,11124,10639,3100919070,2469912034
1588207248.465673,10.0.1.6,57126,192.168.0.4,8443,tcp,ssl,0.01101398468017578,997.0,1823.0,RSTO,7,6,0,35,35,35,0,35,35,66,63,128,0,0,0,345,184,11124,10639,1497751543,1877643378
1588207249.278986,10.0.1.6,57127,192.168.0.4,8443,tcp,ssl,0.012413978576660156,997.0,1823.0,RSTO,7,6,0,36,36,36,0,36,36,66,63,128,0,0,0,345,184,11124,10639,1967674891,2533496063
1588207250.188664,10.0.1.6,57128,192.168.0.4,8443,tcp,ssl,0.010612964630126951,997.0,1823.0,RSTO,7,6,0,37,37,37,0,37,37,66,63,128,0,0,0,345,184,11124,16788,1176507193,3353683711
1588207251.189486,10.0.1.6,57129,192.168.0.4,8443,tcp,ssl,0.009895086288452148,997.0,1823.0,RSTO,7,6,0,38,38,38,0,38,38,66,63,128,0,0,0,345,184,11124,10639,3170951175,4084983720
1588207252.298357,10.0.1.6,57130,192.168.0.4,8443,tcp,ssl,0.009584903717041016,997.0,1823.0,RSTO,7,6,0,39,39,39,0,39,39,66,63,128,0,0,0,345,184,11124,10639,3121416322,1278777545
1588207253.501488,10.0.1.6,57131,192.168.0.4,8443,tcp,ssl,0.012756109237670898,997.0,1823.0,RSTO,7,6,0,40,40,40,0,40,40,67,63,128,0,0,0,345,184,11124,10639,1602666278,2015747017
1588207254.814791,10.0.1.6,57132,192.168.0.4,8443,tcp,ssl,0.008975982666015625,997.0,1823.0,RSTO,7,6,0,41,41,41,0,41,41,68,63,128,0,0,0,345,184,11124,20887,4118635266,3036545331
1588207256.222102,10.0.1.6,57133,192.168.0.4,8443,tcp,ssl,0.008823156356811523,997.0,1823.0,RSTO,7,6,0,42,42,42,0,42,42,69,63,128,0,0,0,345,184,11124,10639,648605223,1143692869
1588207257.731765,10.0.1.6,57135,192.168.0.4,8443,tcp,ssl,0.008658885955810547,997.0,1823.0,RSTO,7,6,0,43,43,43,0,43,43,70,63,128,0,0,0,345,184,11124,20887,4220342768,2080358764
1588207259.331733,10.0.1.6,57136,192.168.0.4,8443,tcp,ssl,0.009601116180419922,997.0,1823.0,RSTO,7,6,0,44,44,44,0,44,44,70,63,128,0,0,0,345,184,11124,10639,1206269238,1741470795
1588207261.043492,10.0.1.6,57137,192.168.0.4,8443,tcp,ssl,0.009692907333374023,997.0,1823.0,RSTO,7,6,0,45,45,45,0,45,45,70,63,128,0,0,0,345,184,11124,10639,777252004,728106752
1588207262.843768,10.0.1.6,57138,192.168.0.4,8443,tcp,ssl,0.0109100341796875,997.0,1823.0,RSTO,7,6,0,46,46,46,0,46,46,71,63,128,0,0,0,345,184,11124,10639,2455442700,1913800698
1588207264.743813,10.0.1.6,57139,192.168.0.4,8443,tcp,ssl,0.01037287712097168,997.0,1823.0,RSTO,7,6,0,47,47,47,0,47,47,72,63,128,0,0,0,345,184,11124,10639,3846276779,1017668410
1588207266.744509,10.0.1.6,57140,192.168.0.4,8443,tcp,ssl,0.010342121124267578,997.0,1823.0,RSTO,7,6,0,48,48,48,0,48,48,73,63,128,0,0,0,345,184,11124,10639,3288499878,118027511
1588207268.845062,10.0.1.6,57141,192.168.0.4,8443,tcp,ssl,0.01026296615600586,997.0,1823.0,RSTO,7,6,0,49,49,49,0,49,49,73,63,128,0,0,0,345,184,11124,10639,799109314,1710087674
1588207271.0510712,10.0.1.6,57142,192.168.0.4,8443,tcp,ssl,0.01008009910583496,997.0,1823.0,RSTO,7,6,0,50,50,50,0,50,50,73,63,128,0,0,0,345,184,11124,10639,3660467927,2026035923
1588207273.3513632,10.0.1.6,57143,192.168.0.4,8443,tcp,ssl,0.009814977645874023,997.0,1823.0,RSTO,7,6,0,51,51,51,0,51,51,73,63,128,0,0,0,345,184,11124,10639,188898227,1436817476
1588207275.766642,10.0.1.6,57144,192.168.0.4,8443,tcp,ssl,0.00932002067565918,997.0,1823.0,RSTO,7,6,0,52,52,52,0,52,52,73,63,128,0,0,0,345,184,11124,20887,2117935302,404409975
1588207278.267332,10.0.1.6,57145,192.168.0.4,8443,tcp,ssl,0.010602951049804688,997.0,1823.0,RSTO,7,6,0,53,53,53,0,53,53,73,63,128,0,0,0,345,184,11124,10639,2631478957,2206777611
1588207280.867396,10.0.1.6,57146,192.168.0.4,8443,tcp,ssl,0.010573863983154295,997.0,1823.0,RSTO,7,6,0,54,54,54,0,54,54,73,63,128,0,0,0,345,184,11124,10639,54951612,1439168066
1588207222.457253,10.0.1.4,60857,10.0.1.6,135,tcp,dce_rpc,59.96172094345093,328.0,280.0,SF,7,5,0,2,2,2,0,27,27,27,128,128,0,0,0,98,88,14745,10933,3182771765,3765104629
1588207283.567852,10.0.1.6,57147,192.168.0.4,8443,tcp,ssl,0.012367963790893556,997.0,1823.0,RSTO,7,6,0,55,55,55,0,55,55,73,63,128,0,0,0,345,184,11124,10639,3748150169,518421655
1588207286.3830562,10.0.1.6,57148,192.168.0.4,8443,tcp,ssl,0.010187149047851564,997.0,1823.0,RSTO,7,6,0,56,56,56,0,56,56,74,63,128,0,0,0,345,184,11124,10639,3232194600,3178038314
1588207289.294066,10.0.1.6,57149,192.168.0.4,8443,tcp,ssl,0.010375022888183594,997.0,1823.0,RSTO,7,6,0,57,57,57,0,57,57,74,63,128,0,0,0,345,184,11124,10639,2177739252,2744136343
1588207292.294136,10.0.1.6,57150,192.168.0.4,8443,tcp,ssl,0.013251066207885742,997.0,1823.0,RSTO,7,6,0,58,58,58,0,58,58,75,63,128,0,0,0,345,184,11124,10639,583964093,2990193178
1588207295.394525,10.0.1.6,57151,192.168.0.4,8443,tcp,ssl,0.009938955307006836,997.0,1823.0,RSTO,7,6,0,59,59,59,0,59,59,76,63,128,0,0,0,345,184,11124,10639,1747236405,3463267478
1588207298.6048632,10.0.1.6,57152,192.168.0.4,8443,tcp,ssl,0.00980997085571289,997.0,1823.0,RSTO,7,6,0,60,60,60,0,60,60,77,63,128,0,0,0,345,184,11124,10639,2350744458,1135845041
1588207301.920662,10.0.1.6,57153,192.168.0.4,8443,tcp,ssl,0.01088404655456543,997.0,1823.0,RSTO,7,6,0,61,61,61,0,61,61,78,63,128,0,0,0,345,184,11124,10639,61397828,1871331882
1588207305.320265,10.0.1.6,57154,192.168.0.4,8443,tcp,ssl,0.012353897094726564,997.0,1823.0,RSTO,7,6,0,62,62,62,0,62,62,79,63,128,0,0,0,345,184,11124,10639,3931063364,3255362133
1588207308.820683,10.0.1.6,57155,192.168.0.4,8443,tcp,ssl,0.010509014129638672,997.0,1823.0,RSTO,7,6,0,63,63,63,0,63,63,79,63,128,0,0,0,345,184,11124,10639,2072155062,53851650
1588207312.4281778,10.0.1.6,57156,192.168.0.4,8443,tcp,ssl,0.008610010147094727,997.0,1953.0,RSTO,7,6,0,64,64,64,0,64,64,80,63,128,0,0,0,367,184,11124,10639,3616184644,2944277426
1588207312.437567,10.0.1.6,57157,192.168.0.4,8443,tcp,ssl,0.006652116775512695,1151.0,1823.0,RSTO,7,6,0,65,65,65,0,65,65,80,63,128,0,0,0,345,206,11124,10639,278177917,2068136946
1588207312.444545,10.0.1.6,57158,192.168.0.4,8443,tcp,ssl,0.008034944534301758,997.0,2015.0,RSTO,7,6,0,66,66,66,0,66,66,80,63,128,0,0,0,377,184,11124,10639,2902991860,3899355279
1588207312.453868,10.0.1.6,57159,192.168.0.4,8443,tcp,ssl,0.008708000183105469,1166.0,1823.0,RSTO,7,6,0,67,67,67,0,67,67,80,63,128,0,0,0,345,208,11124,10639,3214870219,1122634065
1588207312.462892,10.0.1.6,57160,192.168.0.4,8443,tcp,ssl,0.3109469413757324,997.0,606844.0,RSTO,26,33,0,68,68,68,0,68,68,80,63,128,0,0,0,18429,78,2432,4361,3859628789,3238508764
1588207313.037057,10.0.1.6,57161,192.168.0.4,8443,tcp,ssl,0.009772062301635742,1167.0,1823.0,RSTO,7,6,0,69,69,69,0,69,69,80,63,128,0,0,0,345,208,11124,10639,4066034309,928471368
1588207313.0471961,10.0.1.6,57162,192.168.0.4,8443,tcp,ssl,0.0076100826263427734,997.0,1936.0,RSTO,7,6,0,70,70,70,0,70,70,80,63,128,0,0,0,364,184,11124,10639,1448767841,1922792624
1588207313.055469,10.0.1.6,57163,192.168.0.4,8443,tcp,ssl,0.007570981979370117,1154.0,1823.0,RSTO,7,6,0,71,71,71,0,71,71,81,63,128,0,0,0,345,206,11124,10639,531245213,560206433
1588207313.063376,10.0.1.6,57164,192.168.0.4,8443,tcp,ssl,0.008448123931884766,997.0,1936.0,RSTO,7,6,0,72,72,72,0,72,72,82,63,128,0,0,0,364,184,11124,10639,1189319411,2844847827
1588207313.072364,10.0.1.6,57165,192.168.0.4,8443,tcp,ssl,0.0073778629302978516,1154.0,1823.0,RSTO,7,6,0,73,73,73,0,73,73,83,63,128,0,0,0,345,206,11124,10639,1592908179,3283541082
1588207313.080075,10.0.1.6,57166,192.168.0.4,8443,tcp,ssl,0.023601055145263672,997.0,1937.0,RSTO,7,6,0,74,74,74,0,74,74,84,63,128,0,0,0,364,184,11124,10639,2455497758,4074624706
1588207313.104377,10.0.1.6,57167,192.168.0.4,8443,tcp,ssl,0.016510963439941406,1155.0,1823.0,RSTO,7,6,0,75,75,75,0,75,75,85,63,128,0,0,0,345,206,11124,10639,919212239,765944530
1588207313.121215,10.0.1.6,57168,192.168.0.4,8443,tcp,ssl,0.00786280632019043,997.0,1823.0,RSTO,7,6,0,76,76,76,0,76,76,85,63,128,0,0,0,345,184,11124,10639,3087754068,4082324400
1588207313.1294188,10.0.1.6,57169,192.168.0.4,8443,tcp,ssl,0.007854938507080078,997.0,1823.0,RSTO,7,6,0,77,77,77,0,77,77,85,63,128,0,0,0,345,184,11124,10639,3108986146,1424974549
1588207313.223036,10.0.1.6,57170,192.168.0.4,8443,tcp,ssl,0.013473987579345705,997.0,1823.0,RSTO,7,6,0,78,78,78,0,78,78,86,63,128,0,0,0,345,184,11124,10639,1967609874,3289350456
1588207313.423175,10.0.1.6,57171,192.168.0.4,8443,tcp,ssl,0.011464834213256836,997.0,1823.0,RSTO,7,6,0,79,79,79,0,79,79,87,63,128,0,0,0,345,184,11124,10639,1051017808,1805577919
1588207313.723191,10.0.1.6,57172,192.168.0.4,8443,tcp,ssl,0.010376930236816406,997.0,1823.0,RSTO,7,6,0,80,80,80,0,80,80,88,63,128,0,0,0,345,184,11124,10639,209158499,3613856900
1588207314.1234481,10.0.1.6,57173,192.168.0.4,8443,tcp,ssl,0.009206056594848631,997.0,1823.0,RSTO,7,6,0,81,81,81,0,81,81,89,63,128,0,0,0,345,184,11124,20887,3781520530,3735874659
1588207314.623709,10.0.1.6,57174,192.168.0.4,8443,tcp,ssl,0.008858919143676758,997.0,1823.0,RSTO,7,6,0,82,82,82,0,82,82,90,63,128,0,0,0,345,184,11124,10639,2610684801,3436689926
1588207315.2237911,10.0.1.6,57175,192.168.0.4,8443,tcp,ssl,0.010840177536010742,997.0,1823.0,RSTO,7,6,0,83,83,83,0,83,83,91,63,128,0,0,0,345,184,11124,10639,1258518733,412459049
1588207315.936585,10.0.1.6,57176,192.168.0.4,8443,tcp,ssl,0.00961899757385254,997.0,1823.0,RSTO,7,6,0,84,84,84,0,84,84,92,63,128,0,0,0,345,184,11124,10639,888984719,1605704828
1588207316.736801,10.0.1.6,57177,192.168.0.4,8443,tcp,ssl,0.012093067169189451,997.0,1823.0,RSTO,7,6,0,85,85,85,0,85,85,93,63,128,0,0,0,345,184,11124,10639,1566147528,3558016877
1588207317.636942,10.0.1.6,57178,192.168.0.4,8443,tcp,ssl,0.010631084442138672,997.0,1823.0,RSTO,7,6,0,86,86,86,0,86,86,94,63,128,0,0,0,345,184,11124,10639,1184288183,1174958291
1588207318.637135,10.0.1.6,57179,192.168.0.4,8443,tcp,ssl,0.009331941604614258,997.0,1823.0,RSTO,7,6,0,87,87,87,0,87,87,95,63,128,0,0,0,345,184,11124,10639,476319310,179136134
1588207319.741493,10.0.1.6,57180,192.168.0.4,8443,tcp,ssl,0.008831024169921875,997.0,1823.0,RSTO,7,6,0,88,88,88,0,88,88,96,63,128,0,0,0,345,184,11124,10639,3064166029,3264457183
1588207320.949637,10.0.1.6,57181,192.168.0.4,8443,tcp,ssl,0.011690139770507812,997.0,1959.0,RSTO,7,6,0,89,89,89,0,89,89,96,63,128,0,0,0,368,184,11124,20887,3732079163,1009772501
1588207320.962109,10.0.1.6,57182,192.168.0.4,8443,tcp,ssl,0.007295846939086914,1151.0,1823.0,RSTO,7,6,0,90,90,90,0,90,90,96,63,128,0,0,0,345,206,11124,10639,2625828813,653569390
1588207320.969779,10.0.1.6,57183,192.168.0.4,8443,tcp,ssl,0.00890207290649414,997.0,2021.0,RSTO,7,6,0,91,91,91,0,91,91,97,63,128,0,0,0,378,184,11124,10639,215687638,2014552397
1588207320.979853,10.0.1.6,57184,192.168.0.4,8443,tcp,ssl,0.00889897346496582,1166.0,1823.0,RSTO,7,6,0,92,92,92,0,92,92,98,63,128,0,0,0,345,208,11124,10639,1708799791,2750104286
1588207320.989093,10.0.1.6,57185,192.168.0.4,8443,tcp,ssl,0.13588285446166992,997.0,248923.0,RSTO,16,16,0,93,93,93,0,93,93,99,63,128,0,0,0,15598,103,4484,5807,148849281,2673831316
1588207321.223342,10.0.1.6,57186,192.168.0.4,8443,tcp,ssl,0.009319067001342772,1167.0,1823.0,RSTO,7,6,0,94,94,94,0,94,94,99,63,128,0,0,0,345,208,11124,20887,3388048391,2091741405
1588207321.233054,10.0.1.6,57187,192.168.0.4,8443,tcp,ssl,0.009224176406860352,997.0,1936.0,RSTO,7,6,0,95,95,95,0,95,95,99,63,128,0,0,0,364,184,11124,10639,2079976340,2770859017
1588207321.2428699,10.0.1.6,57188,192.168.0.4,8443,tcp,ssl,0.00785684585571289,1154.0,1823.0,RSTO,7,6,0,96,96,96,0,96,96,99,63,128,0,0,0,345,206,11124,10639,3938696263,727746893
1588207321.2510312,10.0.1.6,57189,192.168.0.4,8443,tcp,ssl,0.0067901611328125,997.0,1936.0,RSTO,7,6,0,97,97,97,0,97,97,99,63,128,0,0,0,364,184,11124,20887,2798148727,4224384762
1588207321.258348,10.0.1.6,57190,192.168.0.4,8443,tcp,ssl,0.007826089859008789,1154.0,1823.0,RSTO,7,6,0,98,98,98,0,98,98,99,63,128,0,0,0,345,206,11124,10639,3193105661,1763636985
1588207321.266442,10.0.1.6,57191,192.168.0.4,8443,tcp,ssl,0.02199792861938477,997.0,1937.0,RSTO,7,6,0,99,99,99,0,99,99,99,63,128,0,0,0,364,184,11124,20887,1059966319,1362541371
1588207321.289125,10.0.1.6,57192,192.168.0.4,8443,tcp,ssl,0.016997098922729492,1155.0,1823.0,RSTO,7,6,0,99,99,99,0,99,99,99,63,128,0,0,0,345,206,11124,10639,2763636729,1463238155
1588207321.306417,10.0.1.6,57193,192.168.0.4,8443,tcp,ssl,0.012744903564453123,997.0,1823.0,RSTO,7,6,0,99,99,99,0,99,99,99,63,128,0,0,0,345,184,11124,10639,3487730523,963459537
1588207321.319561,10.0.1.6,57194,192.168.0.4,8443,tcp,ssl,0.007491111755371094,997.0,1823.0,RSTO,7,6,0,99,99,99,0,99,99,99,63,128,0,0,0,345,184,11124,10639,3251218455,1538422470
1588207321.422129,10.0.1.6,57195,192.168.0.4,8443,tcp,ssl,0.01125502586364746,997.0,1823.0,RSTO,7,6,0,99,99,99,0,99,99,99,63,128,0,0,0,345,184,11124,10639,604561831,3854108833
1588207321.625428,10.0.1.6,57196,192.168.0.4,8443,tcp,ssl,0.010271072387695312,997.0,1823.0,RSTO,7,6,0,99,99,99,0,99,99,99,63,128,0,0,0,345,184,11124,10639,3831963719,459362494
1588207321.9255161,10.0.1.6,57197,192.168.0.4,8443,tcp,ssl,0.009689092636108398,997.0,1823.0,RSTO,7,6,0,99,99,99,0,99,99,99,63,128,0,0,0,345,184,11124,16788,1716573715,2467053154
1588207322.3256269,10.0.1.6,57198,192.168.0.4,8443,tcp,ssl,0.009154796600341795,997.0,1823.0,RSTO,7,6,0,99,99,99,0,99,99,99,63,128,0,0,0,345,184,11124,16788,4128814222,3636623265
1588207322.825785,10.0.1.6,57199,192.168.0.4,8443,tcp,ssl,0.009634017944335938,997.0,1823.0,RSTO,7,6,0,99,99,99,0,99,99,99,63,128,0,0,0,345,184,11124,10639,2050561260,488964674
1588207323.438513,10.0.1.6,57200,192.168.0.4,8443,tcp,ssl,0.010922908782958984,997.0,1823.0,RSTO,7,6,0,99,99,99,0,99,99,99,63,128,0,0,0,345,184,11124,10639,2170805208,1437225661
1588207324.138485,10.0.1.6,57201,192.168.0.4,8443,tcp,ssl,0.011322021484375,997.0,1823.0,RSTO,7,6,0,99,99,99,0,99,99,99,63,128,0,0,0,345,184,11124,10639,1017592664,2805435377
1588207324.951387,10.0.1.6,57202,192.168.0.4,8443,tcp,ssl,0.011649131774902344,997.0,1823.0,RSTO,7,6,0,99,99,99,0,99,99,99,63,128,0,0,0,345,184,11124,16788,1777686147,641411452
1588207325.866698,10.0.1.6,57203,192.168.0.4,8443,tcp,ssl,0.01190185546875,997.0,1823.0,RSTO,7,6,0,99,99,99,0,99,99,99,63,128,0,0,0,345,184,11124,10639,1842258966,2505012887
1588207326.866833,10.0.1.6,57204,192.168.0.4,8443,tcp,ssl,0.010138988494873049,997.0,1823.0,RSTO,7,6,0,99,99,99,0,99,99,99,63,128,0,0,0,345,184,11124,10639,2107847500,2693297335
1588207327.968242,10.0.1.6,57205,192.168.0.4,8443,tcp,ssl,0.010786056518554688,997.0,1823.0,RSTO,7,6,0,99,99,99,0,99,99,99,63,128,0,0,0,345,184,11124,20887,1577759139,3661409954
1588207329.1686301,10.0.1.6,57206,192.168.0.4,8443,tcp,ssl,0.009747028350830078,997.0,1968.0,RSTO,7,6,0,99,99,99,0,99,99,99,63,128,0,0,0,370,184,11124,10639,3322713688,2426067897
1588207329.188284,10.0.1.6,57207,192.168.0.4,8443,tcp,ssl,0.011960983276367188,1203.0,1823.0,RSTO,7,6,0,99,99,99,0,99,99,99,63,128,0,0,0,345,213,11124,10639,545908518,3862887506
1588207329.200585,10.0.1.6,57208,192.168.0.4,8443,tcp,ssl,0.009225130081176758,997.0,1949.0,RSTO,7,6,0,99,99,99,0,99,99,99,63,128,0,0,0,366,184,11124,10639,2835986061,2515821977
1588207329.2104368,10.0.1.6,57209,192.168.0.4,8443,tcp,ssl,0.009544849395751951,1158.0,1823.0,RSTO,7,6,0,99,99,99,0,99,99,99,63,128,0,0,0,345,207,11124,10639,2936231667,278422674
1588207329.220327,10.0.1.6,57210,192.168.0.4,8443,tcp,ssl,0.008790016174316406,997.0,1823.0,RSTO,7,6,0,99,99,99,0,99,99,99,63,128,0,0,0,345,184,11124,10639,3794691319,133173678
1588207329.238178,10.0.1.6,57211,192.168.0.4,8443,tcp,ssl,0.00767207145690918,997.0,1823.0,RSTO,7,6,0,99,99,99,0,99,99,99,63,128,0,0,0,345,184,11124,10639,3065951689,2543870029
1588207329.340255,10.0.1.6,57212,192.168.0.4,8443,tcp,ssl,0.00985097885131836,997.0,1823.0,RSTO,7,6,0,99,99,99,0,99,99,99,63,128,0,0,0,345,184,11124,10639,4151938249,4123392291
1588207329.547976,10.0.1.6,57215,192.168.0.4,8443,tcp,ssl,0.010534048080444336,1320.0,1823.0,RSTO,7,6,0,99,99,99,0,99,99,99,63,128,0,0,0,345,230,11124,10639,2812442154,1326296757
1588207329.558929,10.0.1.6,57216,192.168.0.4,8443,tcp,ssl,0.00790095329284668,997.0,1823.0,RSTO,7,6,0,99,99,99,0,99,99,99,63,128,0,0,0,345,184,11124,10639,3132555422,3316148937
1588207329.875944,10.0.1.6,57217,192.168.0.4,8443,tcp,ssl,0.011280059814453123,1199.0,1823.0,RSTO,7,6,0,99,99,99,0,99,99,99,63,128,0,0,0,345,213,11124,10639,1860832939,2621732023
1588207329.887607,10.0.1.6,57218,192.168.0.4,8443,tcp,ssl,0.007908821105957031,997.0,1823.0,RSTO,7,6,0,99,99,99,0,99,99,99,63,128,0,0,0,345,184,11124,10639,334216429,2005796635
1588207330.313252,10.0.1.6,57221,192.168.0.4,8443,tcp,ssl,0.009643077850341795,997.0,1823.0,RSTO,7,6,0,99,99,99,0,99,99,99,63,128,0,0,0,345,184,11124,10639,2745235583,2062285416
1588207330.813299,10.0.1.6,57222,192.168.0.4,8443,tcp,ssl,0.009345054626464844,997.0,1823.0,RSTO,7,6,0,99,99,99,0,99,99,99,63,128,0,0,0,345,184,11124,10639,2820053845,2375550551
1588207331.424584,10.0.1.6,57224,192.168.0.4,8443,tcp,ssl,0.010403156280517578,997.0,1823.0,RSTO,7,6,0,99,99,99,0,99,99,99,63,128,0,0,0,345,184,11124,10639,1085710411,54432540
1588207332.128694,10.0.1.6,57225,192.168.0.4,8443,tcp,ssl,0.02340984344482422,997.0,1823.0,RSTO,7,6,0,99,99,99,0,99,99,99,63,128,0,0,0,345,184,11124,10639,3722703118,3348983667
1588207332.957236,10.0.1.6,57226,192.168.0.4,8443,tcp,ssl,0.010519027709960938,997.0,1823.0,RSTO,7,6,0,99,99,99,0,99,99,99,63,128,0,0,0,345,184,11124,10639,3401842464,2326532863
1588207333.863948,10.0.1.6,57227,192.168.0.4,8443,tcp,ssl,0.009956836700439451,997.0,1823.0,RSTO,7,6,0,99,99,99,0,99,99,99,63,128,0,0,0,345,184,11124,10639,2765392847,1398519115
1588207334.865161,10.0.1.6,57228,192.168.0.4,8443,tcp,ssl,0.012120962142944336,997.0,1823.0,RSTO,7,6,0,99,99,99,0,99,99,99,63,128,0,0,0,345,184,11124,10639,2385879095,1301459699
1588207335.975274,10.0.1.6,57229,192.168.0.4,8443,tcp,ssl,0.011890888214111328,997.0,1823.0,RSTO,7,6,0,99,99,99,0,99,99,99,63,128,0,0,0,345,184,11124,10639,599253628,3884322644
1588207337.178879,10.0.1.6,57230,192.168.0.4,8443,tcp,ssl,0.02290797233581543,997.0,1823.0,RSTO,7,6,0,99,99,99,0,99,99,99,63,128,0,0,0,345,184,11124,10639,2926871731,2325654526
1588207338.4945529,10.0.1.6,57231,192.168.0.4,8443,tcp,ssl,0.010873794555664064,997.0,1823.0,RSTO,7,6,0,99,99,99,0,99,99,99,63,128,0,0,0,345,184,11124,10639,3803065798,376204862
1588207339.900772,10.0.1.6,57232,192.168.0.4,8443,tcp,ssl,0.01041889190673828,997.0,1823.0,RSTO,7,6,0,99,99,99,0,99,99,99,63,128,0,0,0,345,184,11124,10639,4199457400,1694009472
1588207341.4122849,10.0.1.6,57233,192.168.0.4,8443,tcp,ssl,0.01116180419921875,997.0,2403.0,RSTO,7,6,0,99,99,99,0,99,99,99,63,128,0,0,0,442,184,11124,10639,1004309113,898778177
1588207341.446551,10.0.1.6,57234,192.168.0.4,8443,tcp,ssl,0.010886907577514648,1167.0,1823.0,RSTO,7,6,0,99,99,99,0,99,99,99,63,128,0,0,0,345,208,11124,10639,2184495368,1613012427
1588207341.45795,10.0.1.6,57235,192.168.0.4,8443,tcp,ssl,0.008221864700317383,1209.0,1823.0,RSTO,7,6,0,99,99,99,0,99,99,99,63,128,0,0,0,345,214,11124,10639,1365375906,2427789700
1588207341.466482,10.0.1.6,57236,192.168.0.4,8443,tcp,ssl,0.011909961700439451,997.0,1823.0,RSTO,7,6,0,99,99,99,0,99,99,99,63,128,0,0,0,345,184,11124,10639,864097024,3825333584
1588207341.478741,10.0.1.6,57237,192.168.0.4,8443,tcp,ssl,0.008008003234863281,997.0,1823.0,RSTO,7,6,0,99,99,99,0,99,99,99,63,128,0,0,0,345,184,11124,10639,3824981604,3151043755
1588207341.586558,10.0.1.6,57238,192.168.0.4,8443,tcp,ssl,0.01042795181274414,997.0,1823.0,RSTO,7,6,0,99,99,99,0,99,99,99,63,128,0,0,0,345,184,11124,20887,478132245,783407598
1588207341.789567,10.0.1.6,57239,192.168.0.4,8443,tcp,ssl,0.009515047073364258,997.0,1823.0,RSTO,7,6,0,99,99,99,0,99,99,99,63,128,0,0,0,345,184,11124,10639,231530849,407450773
1588207342.095464,10.0.1.6,57240,192.168.0.4,8443,tcp,ssl,0.010981082916259766,997.0,1823.0,RSTO,7,6,0,99,99,99,0,99,99,99,63,128,0,0,0,345,184,11124,10639,2613252049,1755656302
1588207342.501868,10.0.1.6,57241,192.168.0.4,8443,tcp,ssl,0.008548974990844727,1199.0,1823.0,RSTO,7,6,0,99,99,99,0,99,99,99,63,128,0,0,0,345,213,11124,10639,571254818,1621619268
1588207342.5108051,10.0.1.6,57242,192.168.0.4,8443,tcp,ssl,0.00932002067565918,997.0,1823.0,RSTO,7,6,0,99,99,99,0,99,99,99,63,128,0,0,0,345,184,11124,10639,3170471123,595034096
1588207343.0197039,10.0.1.6,57243,192.168.0.4,8443,tcp,ssl,0.008679866790771484,997.0,1823.0,RSTO,7,6,0,99,99,99,0,99,99,99,63,128,0,0,0,345,184,11124,10639,1247446054,1815609587
1588207343.6218731,10.0.1.6,57244,192.168.0.4,8443,tcp,ssl,0.009675979614257812,997.0,1823.0,RSTO,7,6,0,99,99,99,0,99,99,99,63,128,0,0,0,345,184,11124,10639,1438303976,3509715283
1588207344.326787,10.0.1.6,57245,192.168.0.4,8443,tcp,ssl,0.00894308090209961,997.0,1823.0,RSTO,7,6,0,99,99,99,0,99,99,99,63,128,0,0,0,345,184,11124,10639,439214074,1535444763
1588207345.139983,10.0.1.6,57246,192.168.0.4,8443,tcp,ssl,0.010957956314086914,997.0,1823.0,RSTO,7,6,0,99,99,99,0,99,99,99,63,128,0,0,0,345,184,11124,10639,3962421910,790224531
1588207346.047236,10.0.1.6,57247,192.168.0.4,8443,tcp,ssl,0.011476993560791016,997.0,1823.0,RSTO,7,6,0,99,99,99,0,99,99,99,63,128,0,0,0,345,184,11124,10639,1609977788,152456670
1588207347.048383,10.0.1.6,57249,192.168.0.4,8443,tcp,ssl,0.010143041610717772,997.0,1823.0,RSTO,7,6,0,99,99,99,0,99,99,99,63,128,0,0,0,345,184,11124,20887,333345002,4248471129
1588207348.158562,10.0.1.6,57250,192.168.0.4,8443,tcp,ssl,0.007723093032836914,997.0,1823.0,RSTO,7,6,0,99,99,99,0,99,99,99,63,128,0,0,0,345,184,11124,10639,32531746,605989256
1588207349.362129,10.0.1.6,57251,192.168.0.4,8443,tcp,ssl,0.01008296012878418,997.0,1976.0,RSTO,7,6,0,99,99,99,0,99,99,99,63,128,0,0,0,371,184,11124,10639,1013703515,2570773916
1588207349.373999,10.0.1.6,57252,192.168.0.4,8443,tcp,ssl,0.008569955825805664,1167.0,1823.0,RSTO,7,6,0,99,99,99,0,99,99,99,63,128,0,0,0,345,208,11124,10639,2565202819,2205766298
1588207349.3832278,10.0.1.6,57253,192.168.0.4,8443,tcp,ssl,0.009523868560791016,1195.0,1823.0,RSTO,7,6,0,100,100,100,0,100,100,100,63,128,0,0,0,345,212,11124,10639,1384850871,1104285732
1588207349.393084,10.0.1.6,57254,192.168.0.4,8443,tcp,ssl,0.007796049118041992,997.0,1823.0,RSTO,7,6,0,100,100,100,0,100,100,100,63,128,0,0,0,345,184,11124,20887,4229506371,245528896
1588207349.401225,10.0.1.6,57255,192.168.0.4,8443,tcp,ssl,0.009056806564331056,997.0,1823.0,RSTO,7,6,0,100,100,100,0,100,100,100,63,128,0,0,0,345,184,11124,10639,3624019960,3398134275
1588207349.518374,10.0.1.6,57256,192.168.0.4,8443,tcp,ssl,0.010838031768798828,997.0,1823.0,RSTO,7,6,0,100,100,100,0,100,100,100,63,128,0,0,0,345,184,11124,10639,1128549992,1689656359
1588207349.721867,10.0.1.6,57257,192.168.0.4,8443,tcp,ssl,0.008924007415771484,997.0,1823.0,RSTO,7,6,0,100,100,100,0,100,100,100,63,128,0,0,0,345,184,11124,10639,135254067,2401731728
1588207350.034697,10.0.1.6,57258,192.168.0.4,8443,tcp,ssl,0.01169896125793457,997.0,1823.0,RSTO,7,6,0,100,100,100,0,100,100,100,63,128,0,0,0,345,184,11124,10639,903755024,418570218
1588207350.440541,10.0.1.6,57259,192.168.0.4,8443,tcp,ssl,0.008889913558959961,997.0,1823.0,RSTO,7,6,0,100,100,100,0,100,100,100,63,128,0,0,0,345,184,11124,10639,1342100785,300535396
1588207350.9413211,10.0.1.6,57260,192.168.0.4,8443,tcp,ssl,0.011370182037353516,997.0,1823.0,RSTO,7,6,0,100,100,100,0,100,100,100,63,128,0,0,0,345,184,11124,10639,3847442387,163327212
1588207351.551111,10.0.1.6,57261,192.168.0.4,8443,tcp,ssl,0.010230064392089844,997.0,1823.0,RSTO,7,6,0,100,100,100,0,100,100,100,63,128,0,0,0,345,184,11124,10639,1158930994,854144775
1588207352.2546198,10.0.1.6,57262,192.168.0.4,8443,tcp,ssl,0.01234889030456543,997.0,1823.0,RSTO,7,6,0,100,100,100,0,100,100,100,63,128,0,0,0,345,184,11124,10639,59849109,2865175065
1588207353.067497,10.0.1.6,57263,192.168.0.4,8443,tcp,ssl,0.009897947311401369,997.0,1823.0,RSTO,7,6,0,100,100,100,0,100,100,100,63,128,0,0,0,345,184,11124,10639,2076650229,3490878197
1588207353.974036,10.0.1.6,57264,192.168.0.4,8443,tcp,ssl,0.023888111114501957,997.0,1823.0,RSTO,7,6,0,100,100,100,0,100,100,100,63,128,0,0,0,345,184,11124,10639,1056388902,2730691251
1588207354.9901311,10.0.1.6,57265,192.168.0.4,8443,tcp,ssl,0.011723995208740234,997.0,1823.0,RSTO,7,6,0,100,100,100,0,100,100,100,63,128,0,0,0,345,184,11124,10639,42703414,3601624747
1588207356.1003802,10.0.1.6,57266,192.168.0.4,8443,tcp,ssl,0.010174989700317385,997.0,1823.0,RSTO,7,6,0,100,100,100,0,100,100,100,63,128,0,0,0,345,184,11124,10639,2838246661,4056693572
1588207357.305044,10.0.1.6,57267,192.168.0.4,8443,tcp,ssl,0.008878946304321289,997.0,1823.0,RSTO,7,6,0,100,100,100,0,100,100,100,63,128,0,0,0,345,184,11124,10639,216858459,4171710753
1588207358.618683,10.0.1.6,57268,192.168.0.4,8443,tcp,ssl,0.010584831237792969,997.0,2047.0,RSTO,7,6,0,100,100,100,0,100,100,100,63,128,0,0,0,383,184,11124,10639,1544858796,2592332723
1588207358.634904,10.0.1.6,57269,192.168.0.4,8443,tcp,ssl,0.00963115692138672,1167.0,1823.0,RSTO,7,6,0,100,100,100,0,100,100,100,63,128,0,0,0,345,208,11124,10639,1286979055,245702339
1588207358.6449358,10.0.1.6,57270,192.168.0.4,8443,tcp,ssl,0.01041889190673828,997.0,1823.0,RSTO,7,6,0,100,100,100,0,100,100,100,63,128,0,0,0,345,184,11124,10639,221388551,1888475808
1588207358.661506,10.0.1.6,57271,192.168.0.4,8443,tcp,ssl,0.010122060775756836,997.0,1823.0,RSTO,7,6,0,100,100,100,0,100,100,100,63,128,0,0,0,345,184,11124,10639,1817910358,2627101509
1588207358.768635,10.0.1.6,57272,192.168.0.4,8443,tcp,ssl,0.011679887771606444,1475.0,1823.0,RSTO,7,6,0,100,100,100,0,100,100,100,63,128,0,0,0,345,252,11124,10639,3807347266,3420697667
1588207358.780822,10.0.1.6,57273,192.168.0.4,8443,tcp,ssl,0.008967876434326172,997.0,1823.0,RSTO,7,6,0,100,100,100,0,100,100,100,63,128,0,0,0,345,184,11124,10639,3988090112,201775234
1588207358.988008,10.0.1.6,57274,192.168.0.4,8443,tcp,ssl,0.01176309585571289,1213.0,1823.0,RSTO,7,6,0,100,100,100,0,100,100,100,63,128,0,0,0,345,215,11124,10639,594817620,3867606097
1588207359.000124,10.0.1.6,57275,192.168.0.4,8443,tcp,ssl,0.008795022964477539,997.0,1823.0,RSTO,7,6,0,100,100,100,0,100,100,100,63,128,0,0,0,345,184,11124,10639,2271398389,4284793047
1588207359.315443,10.0.1.6,57276,192.168.0.4,8443,tcp,ssl,0.008703947067260742,997.0,1823.0,RSTO,7,6,0,100,100,100,0,100,100,100,63,128,0,0,0,345,184,11124,10639,3900845674,3212106829
1588207359.721857,10.0.1.6,57277,192.168.0.4,8443,tcp,ssl,0.009755849838256836,997.0,1823.0,RSTO,7,6,0,100,100,100,0,100,100,100,63,128,0,0,0,345,184,11124,10639,2644346308,4229902684
1588207360.237421,10.0.1.6,57278,192.168.0.4,8443,tcp,ssl,0.00999307632446289,997.0,1823.0,RSTO,7,6,0,100,100,100,0,100,100,100,63,128,0,0,0,345,184,11124,10639,176198815,3254267259
1588207360.847066,10.0.1.6,57279,192.168.0.4,8443,tcp,ssl,0.010408163070678713,997.0,1823.0,RSTO,7,6,0,100,100,100,0,100,100,100,63,128,0,0,0,345,184,11124,10639,3548236299,3852625021
1588207361.550227,10.0.1.6,57280,192.168.0.4,8443,tcp,ssl,0.009582996368408205,997.0,1823.0,RSTO,7,6,0,100,100,100,0,100,100,100,63,128,0,0,0,345,184,11124,20887,3799737903,2336395631
1588207362.350841,10.0.1.6,57281,192.168.0.4,8443,tcp,ssl,0.013139963150024414,997.0,1823.0,RSTO,7,6,0,100,100,100,0,100,100,100,63,128,0,0,0,345,184,11124,10639,2548268327,1575795722
1588207363.253782,10.0.1.6,57282,192.168.0.4,8443,tcp,ssl,0.009981870651245115,997.0,1823.0,RSTO,7,6,0,100,100,100,0,100,100,100,63,128,0,0,0,345,184,11124,10639,3111672377,1994501245
1588207364.253908,10.0.1.6,57283,192.168.0.4,8443,tcp,ssl,0.011265039443969728,997.0,1823.0,RSTO,7,6,0,100,100,100,0,100,100,100,63,128,0,0,0,345,184,11124,10639,2101935807,4025643532
1588207365.357601,10.0.1.6,57284,192.168.0.4,8443,tcp,ssl,0.022117137908935547,997.0,1823.0,RSTO,7,6,0,100,100,100,0,100,100,100,63,128,0,0,0,345,184,11124,10639,1501518224,3672472427
1588207366.5798929,10.0.1.6,57285,192.168.0.4,8443,tcp,ssl,0.00925588607788086,997.0,1823.0,RSTO,7,6,0,100,100,100,0,100,100,100,63,128,0,0,0,345,184,11124,20887,1783006097,1517482500
1588207367.889367,10.0.1.6,57286,192.168.0.4,8443,tcp,ssl,0.010616779327392578,997.0,1823.0,RSTO,7,6,0,100,100,100,0,100,100,100,63,128,0,0,0,345,184,11124,16788,1854587984,671801009
1588207369.299353,10.0.1.6,57287,192.168.0.4,8443,tcp,ssl,0.01021718978881836,997.0,1962.0,RSTO,7,6,0,100,100,100,0,100,100,100,63,128,0,0,0,369,184,11124,10639,3256232534,3690561340
1588207369.310782,10.0.1.6,57288,192.168.0.4,8443,tcp,ssl,0.009426116943359377,1167.0,1823.0,RSTO,7,6,0,100,100,100,0,100,100,100,63,128,0,0,0,345,208,11124,10639,2891222388,4178992635
1588207369.3206391,10.0.1.6,57289,192.168.0.4,8443,tcp,ssl,0.007213115692138672,997.0,1823.0,RSTO,7,6,0,100,100,100,0,100,100,100,63,128,0,0,0,345,184,11124,10639,33000175,4030221397
1588207369.328247,10.0.1.6,57290,192.168.0.4,8443,tcp,ssl,0.013715982437133787,997.0,1823.0,RSTO,7,6,0,100,100,100,0,100,100,100,63,128,0,0,0,345,184,11124,10639,2481392409,1532989769
1588207369.440115,10.0.1.6,57291,192.168.0.4,8443,tcp,ssl,0.012247085571289064,1155.0,1823.0,RSTO,7,6,0,100,100,100,0,100,100,100,63,128,0,0,0,345,206,11124,10639,3852676751,4062825314
1588207369.4527528,10.0.1.6,57292,192.168.0.4,8443,tcp,ssl,0.008932828903198242,997.0,1823.0,RSTO,7,6,0,100,100,100,0,100,100,100,63,128,0,0,0,345,184,11124,10639,4091010734,2119581779
1588207369.665833,10.0.1.6,57293,192.168.0.4,8443,tcp,ssl,0.009603023529052734,997.0,1823.0,RSTO,7,6,0,100,100,100,0,100,100,100,63,128,0,0,0,345,184,11124,20887,3950889278,2243706816
1588207369.965224,10.0.1.6,57294,192.168.0.4,8443,tcp,ssl,0.01051187515258789,997.0,1823.0,RSTO,7,6,0,100,100,100,0,100,100,100,63,128,0,0,0,345,184,11124,10639,474636643,2643645646
1588207370.380605,10.0.1.6,57295,192.168.0.4,8443,tcp,ssl,0.008810997009277344,997.0,1823.0,RSTO,7,6,0,100,100,100,0,100,100,100,63,128,0,0,0,345,184,11124,10639,148535441,3329699908
1588207370.891451,10.0.1.6,57296,192.168.0.4,8443,tcp,ssl,0.025983095169067383,997.0,1823.0,RSTO,7,6,0,100,100,100,0,100,100,100,63,128,0,0,0,345,184,11124,10639,1176025116,4221282675
1588207371.51087,10.0.1.6,57297,192.168.0.4,8443,tcp,ssl,0.009361982345581056,997.0,1823.0,RSTO,7,6,0,100,100,100,0,100,100,100,63,128,0,0,0,345,184,11124,10639,3052835685,2141267148
1588207372.2156131,10.0.1.6,57298,192.168.0.4,8443,tcp,ssl,0.011550188064575195,997.0,1823.0,RSTO,7,6,0,100,100,100,0,100,100,100,63,128,0,0,0,345,184,11124,10639,2315021825,1387127343
1588207373.01561,10.0.1.6,57299,192.168.0.4,8443,tcp,ssl,0.009630918502807615,997.0,1966.0,RSTO,7,6,0,100,100,100,0,100,100,100,63,128,0,0,0,369,184,11124,20887,4264680839,4213323471
1588207373.026125,10.0.1.6,57300,192.168.0.4,8443,tcp,ssl,0.0072481632232666016,1223.0,1823.0,RSTO,7,6,0,100,100,100,0,100,100,100,63,128,0,0,0,345,216,11124,10639,27429273,542128972
1588207373.0336618,10.0.1.6,57301,192.168.0.4,8443,tcp,ssl,0.007817983627319336,997.0,2028.0,RSTO,7,6,0,100,100,100,0,100,100,100,63,128,0,0,0,380,184,11124,10639,3574057219,2249575645
1588207373.042162,10.0.1.6,57302,192.168.0.4,8443,tcp,ssl,0.006288051605224609,1166.0,1823.0,RSTO,7,6,0,100,100,100,0,100,100,100,63,128,0,0,0,345,208,11124,10639,3726120896,1486588895
1588207373.048763,10.0.1.6,57303,192.168.0.4,8443,tcp,ssl,0.0067138671875,997.0,1966.0,RSTO,7,6,0,100,100,100,0,100,100,100,63,128,0,0,0,369,184,11124,10639,3337296200,175697181
1588207373.056216,10.0.1.6,57304,192.168.0.4,8443,tcp,ssl,0.007491111755371094,1223.0,1823.0,RSTO,7,6,0,100,100,100,0,100,100,100,63,128,0,0,0,345,216,11124,10639,2534807548,2995588502
1588207373.064051,10.0.1.6,57305,192.168.0.4,8443,tcp,ssl,0.01974201202392578,997.0,1948.0,RSTO,7,6,0,100,100,100,0,100,100,100,63,128,0,0,0,366,184,11124,10639,2348209760,1814725307
1588207373.085621,10.0.1.6,57306,192.168.0.4,8443,tcp,ssl,0.010994911193847656,3193.0,1823.0,RSTO,7,7,0,100,100,100,0,100,100,100,63,128,0,0,0,302,127,9606,10639,1153064302,1571690682
1588207373.096987,10.0.1.6,57307,192.168.0.4,8443,tcp,ssl,0.010061025619506836,997.0,1948.0,RSTO,7,6,0,100,100,100,0,100,100,100,63,128,0,0,0,366,184,11124,10639,1259183285,3792091216
1588207373.107959,10.0.1.6,57308,192.168.0.4,8443,tcp,ssl,0.0073850154876708984,1162.0,1823.0,RSTO,7,6,0,100,100,100,0,100,100,100,63,128,0,0,0,345,207,11124,10639,140008646,3589765871
1588207373.1156971,10.0.1.6,57309,192.168.0.4,8443,tcp,ssl,0.006826162338256836,997.0,1935.0,RSTO,7,6,0,100,100,100,0,100,100,100,63,128,0,0,0,364,184,11124,10639,1054354906,2792786908
1588207373.123003,10.0.1.6,57310,192.168.0.4,8443,tcp,ssl,0.0071370601654052734,1162.0,1823.0,RSTO,7,6,0,100,100,100,0,100,100,100,63,128,0,0,0,345,207,11124,10639,3300468980,2960207191
1588207373.1304688,10.0.1.6,57311,192.168.0.4,8443,tcp,ssl,0.019696950912475586,997.0,1937.0,RSTO,7,6,0,100,100,100,0,100,100,100,63,128,0,0,0,364,184,11124,10639,3517317490,2194556486
1588207373.150987,10.0.1.6,57312,192.168.0.4,8443,tcp,ssl,0.014841079711914062,1155.0,1823.0,RSTO,7,6,0,100,100,100,0,100,100,100,63,128,0,0,0,345,206,11124,10639,2681516591,85224696
1588207373.1661599,10.0.1.6,57313,192.168.0.4,8443,tcp,ssl,0.008508920669555664,997.0,1823.0,RSTO,7,6,0,100,100,100,0,100,100,100,63,128,0,0,0,345,184,11124,10639,1463072349,1945389407
1588207373.1750581,10.0.1.6,57314,192.168.0.4,8443,tcp,ssl,0.008540153503417969,997.0,1823.0,RSTO,7,6,0,100,100,100,0,100,100,100,63,128,0,0,0,345,184,11124,10639,3479404737,2012772993
1588207373.271944,10.0.1.6,57315,192.168.0.4,8443,tcp,ssl,0.008293867111206055,997.0,1823.0,RSTO,7,6,0,100,100,100,0,100,100,100,63,128,0,0,0,345,184,11124,10639,4054862309,1508385982
1588207373.4845538,10.0.1.6,57316,192.168.0.4,8443,tcp,ssl,0.008785009384155273,997.0,1823.0,RSTO,7,6,0,100,100,100,0,100,100,100,63,128,0,0,0,345,184,11124,20887,3668131504,7544378
1588207373.792069,10.0.1.6,57317,192.168.0.4,8443,tcp,ssl,0.008466005325317383,997.0,1823.0,RSTO,7,6,0,100,100,100,0,100,100,100,63,128,0,0,0,345,184,11124,10639,2909416872,3899989906
1588207374.207279,10.0.1.6,57318,192.168.0.4,8443,tcp,ssl,0.011263132095336914,997.0,1823.0,RSTO,7,6,0,100,100,100,0,100,100,100,63,128,0,0,0,345,184,11124,10639,17218705,223195342
1588207374.707508,10.0.1.6,57319,192.168.0.4,8443,tcp,ssl,0.011845827102661131,997.0,1823.0,RSTO,7,6,0,100,100,100,0,100,100,100,63,128,0,0,0,345,184,11124,10639,2563417907,2287237196
1588207375.307536,10.0.1.6,57320,192.168.0.4,8443,tcp,ssl,0.009533166885375977,997.0,1823.0,RSTO,7,6,0,100,100,100,0,100,100,100,63,128,0,0,0,345,184,11124,10639,968363798,555416574
1588207376.0089462,10.0.1.6,57321,192.168.0.4,8443,tcp,ssl,0.023302078247070316,997.0,1823.0,RSTO,7,6,0,100,100,100,0,100,100,100,63,128,0,0,0,345,184,11124,10639,2350187102,2436270651
1588207376.825007,10.0.1.6,57322,192.168.0.4,8443,tcp,ssl,0.010255098342895508,997.0,1823.0,RSTO,7,6,0,100,100,100,0,100,100,100,63,128,0,0,0,345,184,11124,10639,1144418159,313942800
1588207377.725935,10.0.1.6,57323,192.168.0.4,8443,tcp,ssl,0.01073002815246582,997.0,1823.0,RSTO,7,6,0,100,100,100,0,100,100,100,63,128,0,0,0,345,184,11124,10639,1399763746,1773146952
1588207378.726085,10.0.1.6,57324,192.168.0.4,8443,tcp,ssl,0.00915813446044922,997.0,1823.0,RSTO,7,6,0,100,100,100,0,100,100,100,63,128,0,0,0,345,184,11124,10639,4213793396,1786796564
1588207379.836103,10.0.1.6,57325,192.168.0.4,8443,tcp,ssl,0.01167893409729004,997.0,1823.0,RSTO,7,6,0,100,100,100,0,100,100,100,63,128,0,0,0,345,184,11124,10639,2537044775,2625285476
1588207381.035974,10.0.1.6,57326,192.168.0.4,8443,tcp,ssl,0.00923299789428711,997.0,1823.0,RSTO,7,6,0,100,100,100,0,100,100,100,63,128,0,0,0,345,184,11124,10639,462099037,3727223222
1588207382.3361712,10.0.1.6,57327,192.168.0.4,8443,tcp,ssl,0.01051616668701172,997.0,1823.0,RSTO,7,6,0,100,100,100,0,100,100,100,63,128,0,0,0,345,184,11124,10639,1119397252,545686750
1588207383.745083,10.0.1.6,57328,192.168.0.4,8443,tcp,ssl,0.009212017059326172,997.0,1823.0,RSTO,7,6,0,100,100,100,0,100,100,100,63,128,0,0,0,345,184,11124,16788,2589813216,245430283
1588207385.2490132,10.0.1.6,57329,192.168.0.4,8443,tcp,ssl,0.009133100509643556,997.0,1823.0,RSTO,7,6,0,100,100,100,0,100,100,100,63,128,0,0,0,345,184,11124,10639,3445281860,1999828541
1588207386.854907,10.0.1.6,57330,192.168.0.4,8443,tcp,ssl,0.01049184799194336,997.0,1823.0,RSTO,7,6,0,100,100,100,0,100,100,100,63,128,0,0,0,345,184,11124,10639,2070935794,3996797673
1588207388.5562901,10.0.1.6,57331,192.168.0.4,8443,tcp,ssl,0.010169029235839844,997.0,1823.0,RSTO,7,6,0,100,100,100,0,100,100,100,63,128,0,0,0,345,184,11124,10639,4220171955,3861092503
1588207390.363502,10.0.1.6,57333,192.168.0.4,8443,tcp,ssl,0.008836030960083008,997.0,1823.0,RSTO,7,6,0,100,100,100,0,100,100,100,63,128,0,0,0,345,184,11124,10639,1275803727,1402436400
1588207392.277294,10.0.1.6,57334,192.168.0.4,8443,tcp,ssl,0.011533975601196287,997.0,1823.0,RSTO,7,6,0,100,100,100,0,100,100,100,63,128,0,0,0,345,184,11124,10639,2202477297,1952519649
1588207394.277755,10.0.1.6,57335,192.168.0.4,8443,tcp,ssl,0.010981082916259766,997.0,1823.0,RSTO,7,6,0,100,100,100,0,100,100,100,63,128,0,0,0,345,184,11124,10639,1779496222,3116897620
1588207396.387224,10.0.1.6,57336,192.168.0.4,8443,tcp,ssl,0.00911092758178711,997.0,1823.0,RSTO,7,6,0,100,100,100,0,100,100,100,63,128,0,0,0,345,184,11124,20887,3634595865,3044465545
1588207398.595422,10.0.1.6,57337,192.168.0.4,8443,tcp,ssl,0.009172916412353516,997.0,1823.0,RSTO,7,6,0,100,100,100,0,100,100,100,63,128,0,0,0,345,184,11124,10639,915592344,4089867629
1588207400.8957071,10.0.1.6,57338,192.168.0.4,8443,tcp,ssl,0.011497020721435549,997.0,1823.0,RSTO,7,6,0,100,100,100,0,100,100,100,63,128,0,0,0,345,184,11124,10639,2398947310,3339539924
1588207403.304534,10.0.1.6,57339,192.168.0.4,8443,tcp,ssl,0.010101079940795898,997.0,1823.0,RSTO,7,6,0,100,100,100,0,100,100,100,63,128,0,0,0,345,184,11124,10639,319850373,4157929524
1588207405.819886,10.0.1.6,57340,192.168.0.4,8443,tcp,ssl,0.011192083358764648,997.0,1823.0,RSTO,7,6,0,100,100,100,0,100,100,100,63,128,0,0,0,345,184,11124,10639,786312877,1429029937
1588207408.4290679,10.0.1.6,57341,192.168.0.4,8443,tcp,ssl,0.010772943496704102,997.0,1823.0,SF,7,7,0,100,100,100,0,100,100,100,63,128,0,0,0,302,184,9606,10639,2690673857,41876328
1588207411.1295109,10.0.1.6,57342,192.168.0.4,8443,tcp,ssl,0.009811878204345705,997.0,1947.0,RSTO,7,6,0,100,100,100,0,100,100,100,63,128,0,0,0,366,184,11124,10639,1739744461,2201682318
1588207411.14028,10.0.1.6,57343,192.168.0.4,8443,tcp,ssl,0.010808944702148438,1221.0,1823.0,RSTO,7,6,0,100,100,100,0,100,100,100,63,128,0,0,0,345,216,11124,10639,364124719,2937824054
1588207411.151583,10.0.1.6,57344,192.168.0.4,8443,tcp,ssl,0.009751081466674805,997.0,1981.0,RSTO,7,6,0,100,100,100,0,100,100,100,63,128,0,0,0,372,184,11124,10639,1900400521,1079224259
1588207411.165388,10.0.1.6,57345,192.168.0.4,8443,tcp,ssl,0.00937485694885254,1203.0,1823.0,RSTO,7,6,0,100,100,100,0,100,100,100,63,128,0,0,0,345,213,11124,10639,1153311779,2840949845
1588207411.1751,10.0.1.6,57346,192.168.0.4,8443,tcp,ssl,0.007368803024291992,997.0,1949.0,RSTO,7,6,0,100,100,100,0,100,100,100,63,128,0,0,0,366,184,11124,10639,2621088215,3326700811
1588207411.182991,10.0.1.6,57347,192.168.0.4,8443,tcp,ssl,0.009504079818725586,1158.0,1823.0,RSTO,7,6,0,100,100,100,0,100,100,100,63,128,0,0,0,345,207,11124,10639,523383780,1002807722
1588207411.193017,10.0.1.6,57348,192.168.0.4,8443,tcp,ssl,0.00984787940979004,1295.0,1823.0,RSTO,7,6,0,100,100,100,0,100,100,100,63,128,0,0,0,345,226,11124,10639,2097348875,256793208
1588207411.203184,10.0.1.6,57349,192.168.0.4,8443,tcp,ssl,0.008271217346191406,997.0,1823.0,RSTO,7,6,0,100,100,100,0,100,100,100,63,128,0,0,0,345,184,11124,10639,1348389717,3743999123
1588207411.211885,10.0.1.6,57350,192.168.0.4,8443,tcp,ssl,0.008718013763427734,997.0,1823.0,RSTO,7,6,0,100,100,100,0,100,100,100,63,128,0,0,0,345,184,11124,10639,4197021702,2579470617
1588207411.316917,10.0.1.6,57351,192.168.0.4,8443,tcp,ssl,0.01163005828857422,997.0,1823.0,RSTO,7,6,0,100,100,100,0,100,100,100,63,128,0,0,0,345,184,11124,10639,705542618,2249412235
1588207411.526566,10.0.1.6,57352,192.168.0.4,8443,tcp,ssl,0.008476972579956055,997.0,1823.0,RSTO,7,6,0,100,100,100,0,100,100,100,63,128,0,0,0,345,184,11124,16788,1331091271,1364327703
1588207411.83654,10.0.1.6,57353,192.168.0.4,8443,tcp,ssl,0.012212038040161131,997.0,1823.0,RSTO,7,6,0,100,100,100,0,100,100,100,63,128,0,0,0,345,184,11124,10639,2707460451,589463508
1588207412.2421029,10.0.1.6,57354,192.168.0.4,8443,tcp,ssl,0.010458946228027344,997.0,1823.0,RSTO,7,6,0,100,100,100,0,100,100,100,63,128,0,0,0,345,184,11124,20887,1530637624,2423819047
1588207412.742293,10.0.1.6,57355,192.168.0.4,8443,tcp,ssl,0.013811111450195312,997.0,1823.0,RSTO,7,6,0,100,100,100,0,100,100,100,63,128,0,0,0,345,184,11124,10639,2859987568,1338871348
1588207413.356504,10.0.1.6,57356,192.168.0.4,8443,tcp,ssl,0.00904393196105957,997.0,1823.0,RSTO,7,6,0,100,100,100,0,100,100,100,63,128,0,0,0,345,184,11124,16788,121320010,3697041732
1588207414.0681539,10.0.1.6,57357,192.168.0.4,8443,tcp,ssl,0.013507843017578123,997.0,1978.0,RSTO,7,6,0,100,100,100,0,100,100,100,63,128,0,0,0,371,184,11124,10639,2406223243,1627876852
1588207414.083901,10.0.1.6,57358,192.168.0.4,8443,tcp,ssl,0.012490034103393556,1167.0,1823.0,RSTO,7,6,0,100,100,100,0,100,100,100,63,128,0,0,0,345,208,11124,10639,1189726140,1594371759
1588207414.0969539,10.0.1.6,57359,192.168.0.4,8443,tcp,ssl,0.00801992416381836,1193.0,1823.0,RSTO,7,6,0,100,100,100,0,100,100,100,63,128,0,0,0,345,212,11124,10639,1929634526,3419801394
1588207414.1053061,10.0.1.6,57360,192.168.0.4,8443,tcp,ssl,0.009541034698486328,997.0,1823.0,RSTO,7,6,0,100,100,100,0,100,100,100,63,128,0,0,0,345,184,11124,10639,708659443,3249067717
1588207414.115581,10.0.1.6,57361,192.168.0.4,8443,tcp,ssl,0.00686192512512207,997.0,1823.0,RSTO,7,6,0,100,100,100,0,100,100,100,63,128,0,0,0,345,184,11124,10639,2799173997,939693070
1588207414.2258859,10.0.1.6,57362,192.168.0.4,8443,tcp,ssl,0.010179996490478516,997.0,1823.0,RSTO,7,6,0,100,100,100,0,100,100,100,63,128,0,0,0,345,184,11124,10639,826838002,270789732
1588207414.4282641,10.0.1.6,57363,192.168.0.4,8443,tcp,ssl,0.010456085205078123,997.0,1823.0,RSTO,7,6,0,100,100,100,0,100,100,100,63,128,0,0,0,345,184,11124,10639,1761704423,693598020
1588207414.7410789,10.0.1.6,57364,192.168.0.4,8443,tcp,ssl,0.013052940368652344,997.0,1823.0,RSTO,7,6,0,100,100,100,0,100,100,100,63,128,0,0,0,345,184,11124,10639,2327561683,3758192856
1588207415.157146,10.0.1.6,57365,192.168.0.4,8443,tcp,ssl,0.011358022689819336,997.0,1823.0,RSTO,7,6,0,100,100,100,0,100,100,100,63,128,0,0,0,345,184,11124,10639,2003973241,1968527131
1588207415.6646369,10.0.1.6,57366,192.168.0.4,8443,tcp,ssl,0.009982824325561523,997.0,1823.0,RSTO,7,6,0,100,100,100,0,100,100,100,63,128,0,0,0,345,184,11124,10639,2906281798,2042502899
1588207416.264416,10.0.1.6,57367,192.168.0.4,8443,tcp,ssl,0.01024794578552246,997.0,1823.0,RSTO,7,6,0,100,100,100,0,100,100,100,63,128,0,0,0,345,184,11124,10639,1035691438,3432932887
1588207416.964609,10.0.1.6,57368,192.168.0.4,8443,tcp,ssl,0.009531021118164064,997.0,1823.0,RSTO,7,6,0,100,100,100,0,100,100,100,63,128,0,0,0,345,184,11124,20887,147606780,4242306532
1588207417.768232,10.0.1.6,57369,192.168.0.4,8443,tcp,ssl,0.009643793106079102,997.0,1823.0,RSTO,7,6,0,100,100,100,0,100,100,100,63,128,0,0,0,345,184,11124,10639,2176915074,1295305460
1588207418.681755,10.0.1.6,57370,192.168.0.4,8443,tcp,ssl,0.010464906692504885,997.0,1823.0,RSTO,7,6,0,100,100,100,0,100,100,100,63,128,0,0,0,345,184,11124,10639,571253626,139332412
1588207419.681874,10.0.1.6,57371,192.168.0.4,8443,tcp,ssl,0.009878873825073242,997.0,1823.0,RSTO,7,6,0,100,100,100,0,100,100,100,63,128,0,0,0,345,184,11124,10639,3334745202,3991116330
1588207420.7826462,10.0.1.6,57372,192.168.0.4,8443,tcp,ssl,0.009773969650268556,997.0,1823.0,RSTO,7,6,0,100,100,100,0,100,100,100,63,128,0,0,0,345,184,11124,10639,976728067,3669077649
1588207421.983081,10.0.1.6,57373,192.168.0.4,8443,tcp,ssl,0.019568920135498047,997.0,1823.0,RSTO,7,6,0,100,100,100,0,100,100,100,63,128,0,0,0,345,184,11124,10639,653216395,3931145956
1588207423.29856,10.0.1.6,57374,192.168.0.4,8443,tcp,ssl,0.009357213973999023,997.0,2011.0,RSTO,7,6,0,100,100,100,0,100,100,100,63,128,0,0,0,377,184,11124,10639,3283256538,1462341995
1588207423.312124,10.0.1.6,57375,192.168.0.4,8443,tcp,ssl,0.009034872055053713,1167.0,1823.0,RSTO,7,6,0,100,100,100,0,100,100,100,63,128,0,0,0,345,208,11124,10639,527679604,946205483
1588207423.3215652,10.0.1.6,57376,192.168.0.4,8443,tcp,ssl,0.008181095123291016,997.0,1823.0,RSTO,7,6,0,100,100,100,0,100,100,100,63,128,0,0,0,345,184,11124,10639,2052599984,1257494284
1588207423.3305109,10.0.1.6,57377,192.168.0.4,8443,tcp,ssl,0.007421970367431641,997.0,1823.0,RSTO,7,6,0,100,100,100,0,100,100,100,63,128,0,0,0,345,184,11124,10639,1968102997,2695629849
1588207423.4451132,10.0.1.6,57378,192.168.0.4,8443,tcp,ssl,0.010808944702148438,1348.0,1823.0,RSTO,7,6,0,100,100,100,0,100,100,100,63,128,0,0,0,345,234,11124,10639,2012223625,1343303666
1588207423.456302,10.0.1.6,57379,192.168.0.4,8443,tcp,ssl,0.008275985717773438,997.0,1823.0,RSTO,7,6,0,100,100,100,0,100,100,100,63,128,0,0,0,345,184,11124,10639,260046325,1620624760
1588207423.663903,10.0.1.6,57380,192.168.0.4,8443,tcp,ssl,0.010155916213989258,1223.0,1823.0,RSTO,7,6,0,100,100,100,0,100,100,100,63,128,0,0,0,345,216,11124,10639,1230552677,3038326600
1588207423.674441,10.0.1.6,57381,192.168.0.4,8443,tcp,ssl,0.008539915084838867,997.0,1823.0,RSTO,7,6,0,100,100,100,0,100,100,100,63,128,0,0,0,345,184,11124,10639,1330784083,1657773890
1588207423.9919221,10.0.1.6,57382,192.168.0.4,8443,tcp,ssl,0.010374069213867188,997.0,1823.0,RSTO,7,6,0,100,100,100,0,100,100,100,63,128,0,0,0,345,184,11124,10639,235610724,3521813375
1588207424.394524,10.0.1.6,57383,192.168.0.4,8443,tcp,ssl,0.008961915969848633,997.0,1823.0,RSTO,7,6,0,100,100,100,0,100,100,100,63,128,0,0,0,345,184,11124,16788,1366100815,411845536
1588207424.9104538,10.0.1.6,57384,192.168.0.4,8443,tcp,ssl,0.00993490219116211,997.0,1823.0,RSTO,7,6,0,100,100,100,0,100,100,100,63,128,0,0,0,345,184,11124,10639,2720849636,1999388130
1588207425.524646,10.0.1.6,57385,192.168.0.4,8443,tcp,ssl,0.012403011322021484,997.0,1823.0,RSTO,7,6,0,100,100,100,0,100,100,100,63,128,0,0,0,345,184,11124,10639,305059102,1285672863
1588207426.2264519,10.0.1.6,57386,192.168.0.4,8443,tcp,ssl,0.01013493537902832,997.0,1823.0,RSTO,7,6,0,100,100,100,0,100,100,100,63,128,0,0,0,345,184,11124,10639,3440551757,2745112488
1588207427.026705,10.0.1.6,57387,192.168.0.4,8443,tcp,ssl,0.010380029678344728,997.0,1823.0,RSTO,7,6,0,100,100,100,0,100,100,100,63,128,0,0,0,345,184,11124,10639,4140054147,3771292708
1588207427.9334211,10.0.1.6,57388,192.168.0.4,8443,tcp,ssl,0.009653091430664064,997.0,1823.0,RSTO,7,6,0,100,100,100,0,100,100,100,63,128,0,0,0,345,184,11124,10639,3315638889,3566260606
1588207428.9336529,10.0.1.6,57389,192.168.0.4,8443,tcp,ssl,0.010626792907714844,997.0,1823.0,RSTO,7,6,0,100,100,100,0,100,100,100,63,128,0,0,0,345,184,11124,10639,1881491142,712388107
1588207430.037834,10.0.1.6,57390,192.168.0.4,8443,tcp,ssl,0.010795116424560549,997.0,1823.0,RSTO,7,6,0,100,100,100,0,100,100,100,63,128,0,0,0,345,184,11124,10639,3552385391,764914360
1588207431.238151,10.0.1.6,57391,192.168.0.4,8443,tcp,ssl,0.010175943374633787,997.0,1823.0,RSTO,7,6,0,100,100,100,0,100,100,100,63,128,0,0,0,345,184,11124,20887,1358970227,1910712808
1588207432.5388381,10.0.1.6,57392,192.168.0.4,8443,tcp,ssl,0.010367155075073242,997.0,2032.0,RSTO,7,6,0,100,100,100,0,100,100,100,63,128,0,0,0,380,184,11124,10639,2246356501,455204791
1588207432.552946,10.0.1.6,57393,192.168.0.4,8443,tcp,ssl,0.008821964263916016,1167.0,1823.0,RSTO,7,6,0,100,100,100,0,100,100,100,63,128,0,0,0,345,208,11124,10639,255698932,3619874676
1588207432.562141,10.0.1.6,57394,192.168.0.4,8443,tcp,ssl,0.007256031036376953,997.0,1823.0,RSTO,7,6,0,100,100,100,0,100,100,100,63,128,0,0,0,345,184,11124,10639,3351996777,1893245881
1588207432.569824,10.0.1.6,57395,192.168.0.4,8443,tcp,ssl,0.006866931915283203,997.0,1823.0,RSTO,7,6,0,100,100,100,0,100,100,100,63,128,0,0,0,345,184,11124,20887,1489896267,1803490733
1588207432.679874,10.0.1.6,57396,192.168.0.4,8443,tcp,ssl,0.0117340087890625,1417.0,1823.0,RSTO,7,6,0,100,100,100,0,100,100,100,63,128,0,0,0,345,244,11124,10639,2416154899,1583204249
1588207432.692019,10.0.1.6,57397,192.168.0.4,8443,tcp,ssl,0.008795976638793945,997.0,1823.0,RSTO,7,6,0,100,100,100,0,100,100,100,63,128,0,0,0,345,184,11124,10639,417304924,1545005614
1588207432.898557,10.0.1.6,57398,192.168.0.4,8443,tcp,ssl,0.010061979293823242,997.0,1823.0,RSTO,7,6,0,100,100,100,0,100,100,100,63,128,0,0,0,345,184,11124,10639,933386329,2051781936
1588207433.200947,10.0.1.6,57399,192.168.0.4,8443,tcp,ssl,0.00896596908569336,997.0,1823.0,RSTO,7,6,0,100,100,100,0,100,100,100,63,128,0,0,0,345,184,11124,10639,1832557765,4134788510
1588207433.604115,10.0.1.6,57400,192.168.0.4,8443,tcp,ssl,0.010380029678344728,997.0,1823.0,RSTO,7,6,0,100,100,100,0,100,100,100,63,128,0,0,0,345,184,11124,10639,3851809947,91054609
1588207434.117351,10.0.1.6,57401,192.168.0.4,8443,tcp,ssl,0.009356021881103516,997.0,1823.0,RSTO,7,6,0,100,100,100,0,100,100,100,63,128,0,0,0,345,184,11124,10639,1949082507,1258701447
1588207434.729374,10.0.1.6,57402,192.168.0.4,8443,tcp,ssl,0.012653112411499023,997.0,1823.0,RSTO,7,6,0,100,100,100,0,100,100,100,63,128,0,0,0,345,184,11124,10639,544030536,789728796
1588207435.4295108,10.0.1.6,57404,192.168.0.4,8443,tcp,ssl,0.010129928588867188,997.0,1823.0,RSTO,7,6,0,100,100,100,0,100,100,100,63,128,0,0,0,345,184,11124,10639,972690405,4014559818
1588207436.233226,10.0.1.6,57405,192.168.0.4,8443,tcp,ssl,0.01142597198486328,997.0,1823.0,RSTO,7,6,0,100,100,100,0,100,100,100,63,128,0,0,0,345,184,11124,10639,2675288971,4058782232
1588207437.139569,10.0.1.6,57406,192.168.0.4,8443,tcp,ssl,0.008157014846801758,997.0,1823.0,RSTO,7,6,0,100,100,100,0,100,100,100,63,128,0,0,0,345,184,11124,20887,1756594176,518611491
1588207438.139643,10.0.1.6,57407,192.168.0.4,8443,tcp,ssl,0.00906515121459961,997.0,1823.0,RSTO,7,6,0,100,100,100,0,100,100,100,63,128,0,0,0,345,184,11124,10639,1796499684,1106848425
1588207439.241109,10.0.1.6,57408,192.168.0.4,8443,tcp,ssl,0.01100611686706543,997.0,1823.0,RSTO,7,6,0,100,100,100,0,100,100,100,63,128,0,0,0,345,184,11124,10639,1475580256,720962838
1588207440.4547381,10.0.1.6,57409,192.168.0.4,8443,tcp,ssl,0.010496139526367188,997.0,1823.0,RSTO,7,6,0,100,100,100,0,100,100,100,63,128,0,0,0,345,184,11124,10639,3268217483,2158281678
1588207441.766117,10.0.1.6,57410,192.168.0.4,8443,tcp,ssl,0.008617877960205078,997.0,1823.0,RSTO,7,6,0,100,100,100,0,100,100,100,63,128,0,0,0,345,184,11124,20887,1323901242,3172718564
1588207443.166389,10.0.1.6,57411,192.168.0.4,8443,tcp,ssl,0.00974893569946289,997.0,2024.0,RSTO,7,6,0,100,100,100,0,100,100,100,63,128,0,0,0,379,184,11124,10639,345906582,3515058863
1588207443.179282,10.0.1.6,57412,192.168.0.4,8443,tcp,ssl,0.00937795639038086,1167.0,1823.0,RSTO,7,6,0,100,100,100,0,100,100,100,63,128,0,0,0,345,208,11124,10639,3725580941,1549526704
1588207443.189068,10.0.1.6,57413,192.168.0.4,8443,tcp,ssl,0.014685869216918944,997.0,1823.0,RSTO,7,6,0,100,100,100,0,100,100,100,63,128,0,0,0,345,184,11124,10639,2323155888,648419140
1588207443.20479,10.0.1.6,57414,192.168.0.4,8443,tcp,ssl,0.00856781005859375,1294.0,1823.0,RSTO,7,6,0,100,100,100,0,100,100,100,63,128,0,0,0,345,226,11124,10639,3150949473,1148418780
1588207443.2137618,10.0.1.6,57415,192.168.0.4,8443,tcp,ssl,0.01099395751953125,997.0,1823.0,RSTO,7,6,0,100,100,100,0,100,100,100,63,128,0,0,0,345,184,11124,10639,590291073,2886475735
1588207443.33733,10.0.1.6,57416,192.168.0.4,8443,tcp,ssl,0.010846853256225586,1290.0,1823.0,RSTO,7,6,0,100,100,100,0,100,100,100,63,128,0,0,0,345,226,11124,20887,2371173727,3584222443
1588207443.3486009,10.0.1.6,57417,192.168.0.4,8443,tcp,ssl,0.009368896484375,997.0,1823.0,RSTO,7,6,0,100,100,100,0,100,100,100,63,128,0,0,0,345,184,11124,10639,688320989,3539458685
1588207443.555223,10.0.1.6,57418,192.168.0.4,8443,tcp,ssl,0.008590936660766602,997.0,1823.0,RSTO,7,6,0,100,100,100,0,100,100,100,63,128,0,0,0,345,184,11124,10639,105845494,522580880
1588207443.8556552,10.0.1.6,57419,192.168.0.4,8443,tcp,ssl,0.009020090103149414,997.0,1823.0,RSTO,7,6,0,100,100,100,0,100,100,100,63,128,0,0,0,345,184,11124,10639,3917864229,1094493710
1588207444.258799,10.0.1.6,57420,192.168.0.4,8443,tcp,ssl,0.011884927749633787,997.0,1823.0,RSTO,7,6,0,100,100,100,0,100,100,100,63,128,0,0,0,345,184,11124,10639,34985262,2244381542
1588207444.774421,10.0.1.6,57421,192.168.0.4,8443,tcp,ssl,0.01134014129638672,997.0,1823.0,RSTO,7,6,0,100,100,100,0,100,100,100,63,128,0,0,0,345,184,11124,10639,3186788570,4115292248
1588207445.383869,10.0.1.6,57422,192.168.0.4,8443,tcp,ssl,0.009449005126953123,997.0,1823.0,RSTO,7,6,0,100,100,100,0,100,100,100,63,128,0,0,0,345,184,11124,10639,3491047989,2988974501
1588207446.095353,10.0.1.6,57423,192.168.0.4,8443,tcp,ssl,0.009781122207641602,997.0,1823.0,RSTO,7,6,0,100,100,100,0,100,100,100,63,128,0,0,0,345,184,11124,10639,1507616718,1089420986
1588207446.899144,10.0.1.6,57424,192.168.0.4,8443,tcp,ssl,0.010661125183105469,997.0,1823.0,RSTO,7,6,0,100,100,100,0,100,100,100,63,128,0,0,0,345,184,11124,10639,3638499258,3161267233
1588207447.811789,10.0.1.6,57425,192.168.0.4,8443,tcp,ssl,0.00910496711730957,997.0,1823.0,RSTO,7,6,0,100,100,100,0,100,100,100,63,128,0,0,0,345,184,11124,10639,4063847428,160120826
1588207448.811878,10.0.1.6,57426,192.168.0.4,8443,tcp,ssl,0.008773088455200195,997.0,1823.0,RSTO,7,6,0,100,100,100,0,100,100,100,63,128,0,0,0,345,184,11124,10639,1866859571,329005230
1588207449.911973,10.0.1.6,57427,192.168.0.4,8443,tcp,ssl,0.010843992233276369,997.0,1823.0,RSTO,7,6,0,100,100,100,0,100,100,100,63,128,0,0,0,345,184,11124,10639,1299990212,1818112258
1588207451.1185439,10.0.1.6,57428,192.168.0.4,8443,tcp,ssl,0.009491920471191406,997.0,1993.0,RSTO,7,6,0,100,100,100,0,100,100,100,63,128,0,0,0,374,184,11124,10639,1454707213,1570533082
1588207451.130497,10.0.1.6,57429,192.168.0.4,8443,tcp,ssl,0.01001596450805664,1167.0,1823.0,RSTO,7,6,0,100,100,100,0,100,100,100,63,128,0,0,0,345,208,11124,10639,3603164728,1708725893
1588207451.141037,10.0.1.6,57430,192.168.0.4,8443,tcp,ssl,0.007887125015258789,1193.0,1823.0,RSTO,7,6,0,100,100,100,0,100,100,100,63,128,0,0,0,345,212,11124,10639,3857330841,376584383
1588207451.149475,10.0.1.6,57431,192.168.0.4,8443,tcp,ssl,0.008540868759155273,997.0,1823.0,RSTO,7,6,0,100,100,100,0,100,100,100,63,128,0,0,0,345,184,11124,10639,2620872426,670338274
1588207451.158343,10.0.1.6,57432,192.168.0.4,8443,tcp,ssl,0.0071070194244384766,997.0,1823.0,RSTO,7,6,0,100,100,100,0,100,100,100,63,128,0,0,0,345,184,11124,10639,3607929432,3805100754
1588207451.2749429,10.0.1.6,57433,192.168.0.4,8443,tcp,ssl,0.05610084533691406,997.0,1947.0,RSTO,7,7,0,100,100,100,0,100,100,100,63,128,0,0,0,319,184,9606,10639,2032269615,3833900354
1588207451.331835,10.0.1.6,57434,192.168.0.4,8443,tcp,ssl,0.01047205924987793,1161.0,1823.0,RSTO,7,6,0,100,100,100,0,100,100,100,63,128,0,0,0,345,207,11124,10639,3771724851,3059933516
1588207451.342824,10.0.1.6,57435,192.168.0.4,8443,tcp,ssl,0.007386922836303711,997.0,1823.0,RSTO,7,6,0,100,100,100,0,100,100,100,63,128,0,0,0,345,184,11124,10639,3867488952,1094168821
1588207451.3505929,10.0.1.6,57436,192.168.0.4,8443,tcp,ssl,0.007931947708129883,997.0,1823.0,RSTO,7,6,0,100,100,100,0,100,100,100,63,128,0,0,0,345,184,11124,10639,3501055635,2650401107
1588207451.462122,10.0.1.6,57437,192.168.0.4,8443,tcp,ssl,0.0092620849609375,997.0,1823.0,RSTO,7,6,0,100,100,100,0,100,100,100,63,128,0,0,0,345,184,11124,10639,1775365344,1718698595
1588207451.6652222,10.0.1.6,57438,192.168.0.4,8443,tcp,ssl,0.00929117202758789,997.0,1823.0,RSTO,7,6,0,100,100,100,0,100,100,100,63,128,0,0,0,345,184,11124,10639,2686277135,3969721663
1588207451.965325,10.0.1.6,57439,192.168.0.4,8443,tcp,ssl,0.009042978286743164,997.0,1823.0,RSTO,7,6,0,100,100,100,0,100,100,100,63,128,0,0,0,345,184,11124,10639,1313487992,3409272678
1588207452.3690948,10.0.1.6,57440,192.168.0.4,8443,tcp,ssl,0.008759021759033203,997.0,1823.0,RSTO,7,6,0,100,100,100,0,100,100,100,63,128,0,0,0,345,184,11124,10639,4290048219,4229469850
1588207452.8692632,10.0.1.6,57441,192.168.0.4,8443,tcp,ssl,0.009718179702758787,997.0,1823.0,RSTO,7,6,0,100,100,100,0,100,100,100,63,128,0,0,0,345,184,11124,10639,3261715077,1687436285
1588207453.4845018,10.0.1.6,57442,192.168.0.4,8443,tcp,ssl,0.00877690315246582,997.0,1823.0,RSTO,7,6,0,100,100,100,0,100,100,100,63,128,0,0,0,345,184,11124,16788,1797064202,1333638012
1588207454.190107,10.0.1.6,57443,192.168.0.4,8443,tcp,ssl,0.009871959686279295,997.0,1823.0,RSTO,7,6,0,100,100,100,0,100,100,100,63,128,0,0,0,345,184,11124,10639,1549244555,4115880384
1588207455.002707,10.0.1.6,57444,192.168.0.4,8443,tcp,ssl,0.01133108139038086,997.0,1823.0,RSTO,7,6,0,100,100,100,0,100,100,100,63,128,0,0,0,345,184,11124,10639,3635713489,1428856157
1588207455.9031029,10.0.1.6,57445,192.168.0.4,8443,tcp,ssl,0.01140284538269043,997.0,1823.0,RSTO,7,6,0,100,100,100,0,100,100,100,63,128,0,0,0,345,184,11124,10639,2232034182,3564508171
1588207456.915514,10.0.1.6,57446,192.168.0.4,8443,tcp,ssl,0.010853052139282228,997.0,1823.0,RSTO,7,6,0,100,100,100,0,100,100,100,63,128,0,0,0,345,184,11124,10639,977688841,3607379602
1588207458.0156631,10.0.1.6,57447,192.168.0.4,8443,tcp,ssl,0.009582042694091795,997.0,1823.0,RSTO,7,6,0,100,100,100,0,100,100,100,63,128,0,0,0,345,184,11124,20887,1285906450,1536249020
1588207459.215863,10.0.1.6,57448,192.168.0.4,8443,tcp,ssl,0.011255979537963869,997.0,1962.0,RSTO,7,6,0,100,100,100,0,100,100,100,63,128,0,0,0,369,184,11124,20887,1011860605,2064484905
1588207459.2284698,10.0.1.6,57449,192.168.0.4,8443,tcp,ssl,0.008037805557250977,1167.0,1823.0,RSTO,7,6,0,100,100,100,0,100,100,100,63,128,0,0,0,345,208,11124,10639,990203206,3275656787
1588207459.236998,10.0.1.6,57450,192.168.0.4,8443,tcp,ssl,0.0074918270111083984,1155.0,1823.0,RSTO,7,6,0,100,100,100,0,100,100,100,63,128,0,0,0,345,206,11124,10639,3294782834,697773891
1588207459.244794,10.0.1.6,57451,192.168.0.4,8443,tcp,ssl,0.008194208145141602,997.0,1823.0,SF,7,7,0,100,100,100,0,100,100,100,63,128,0,0,0,302,184,9606,10639,123102540,188493308
1588207459.253028,10.0.1.6,57452,192.168.0.4,8443,tcp,ssl,0.008359193801879883,997.0,1823.0,RSTO,7,6,0,100,100,100,0,100,100,100,63,128,0,0,0,345,184,11124,20887,482652547,2764250346
1588207459.353519,10.0.1.6,57453,192.168.0.4,8443,tcp,ssl,0.009150028228759766,997.0,1823.0,RSTO,7,6,0,100,100,100,0,100,100,100,63,128,0,0,0,345,184,11124,10639,1189585946,4225473210
1588207459.5567858,10.0.1.6,57454,192.168.0.4,8443,tcp,ssl,0.011503934860229492,997.0,1823.0,RSTO,7,6,0,100,100,100,0,100,100,100,63,128,0,0,0,345,184,11124,10639,1047583876,1876219391
1588207459.856849,10.0.1.6,57455,192.168.0.4,8443,tcp,ssl,0.010062932968139648,997.0,1823.0,RSTO,7,6,0,100,100,100,0,100,100,100,63,128,0,0,0,345,184,11124,10639,2862006714,2432546359
1588207460.263167,10.0.1.6,57456,192.168.0.4,8443,tcp,ssl,0.010940074920654295,997.0,1823.0,RSTO,7,6,0,100,100,100,0,100,100,100,63,128,0,0,0,345,184,11124,10639,2493256953,3125087551
1588207460.763473,10.0.1.6,57457,192.168.0.4,8443,tcp,ssl,0.02331686019897461,997.0,1823.0,SF,7,7,0,100,100,100,0,100,100,100,63,128,0,0,0,302,184,9606,10639,646573902,4051620189
1588207461.388511,10.0.1.6,57458,192.168.0.4,8443,tcp,ssl,0.01233506202697754,997.0,1823.0,RSTO,7,6,0,100,100,100,0,100,100,100,63,128,0,0,0,345,184,11124,10639,2691131553,1803225750
1588207462.104176,10.0.1.6,57459,192.168.0.4,8443,tcp,ssl,0.010102033615112305,997.0,1823.0,RSTO,7,6,0,100,100,100,0,100,100,100,63,128,0,0,0,345,184,11124,10639,2809898420,372262995
1588207462.904071,10.0.1.6,57460,192.168.0.4,8443,tcp,ssl,0.010172843933105469,997.0,1823.0,RSTO,7,6,0,100,100,100,0,100,100,100,63,128,0,0,0,345,184,11124,10639,1082713450,2102294131
1588207463.812696,10.0.1.6,57461,192.168.0.4,8443,tcp,ssl,0.009671926498413086,997.0,1823.0,RSTO,7,6,0,100,100,100,0,100,100,100,63,128,0,0,0,345,184,11124,10639,2135213438,1670241668
1588207464.817003,10.0.1.6,57462,192.168.0.4,8443,tcp,ssl,0.011094093322753906,997.0,1823.0,RSTO,7,6,0,100,100,100,0,100,100,100,63,128,0,0,0,345,184,11124,10639,1850313191,2913970902
1588207465.9169,10.0.1.6,57463,192.168.0.4,8443,tcp,ssl,0.010838985443115234,997.0,1823.0,RSTO,7,6,0,100,100,100,0,100,100,100,63,128,0,0,0,345,184,11124,10639,3881944577,23830739
1588207467.119351,10.0.1.6,57464,192.168.0.4,8443,tcp,ssl,0.012816190719604492,997.0,1823.0,RSTO,7,6,0,100,100,100,0,100,100,100,63,128,0,0,0,345,184,11124,20887,1596562572,466865528
1588207468.433249,10.0.1.6,57465,192.168.0.4,8443,tcp,ssl,0.011421918869018556,997.0,1823.0,RSTO,7,6,0,100,100,100,0,100,100,100,63,128,0,0,0,345,184,11124,10639,1865427941,3507782373
1588207469.846719,10.0.1.6,57466,192.168.0.4,8443,tcp,ssl,0.009386062622070312,997.0,1823.0,RSTO,7,6,0,100,100,100,0,100,100,100,63,128,0,0,0,345,184,11124,10639,3526361284,1747550751
1588207471.3469849,10.0.1.6,57467,192.168.0.4,8443,tcp,ssl,0.012904882431030272,997.0,1823.0,RSTO,7,6,0,100,100,100,0,100,100,100,63,128,0,0,0,345,184,11124,10639,2934723849,3586256146
1588207472.955568,10.0.1.6,57468,192.168.0.4,8443,tcp,ssl,0.01188802719116211,997.0,1823.0,RSTO,7,6,0,100,100,100,0,100,100,100,63,128,0,0,0,345,184,11124,10639,2302893430,334968998
1588207474.6676462,10.0.1.6,57469,192.168.0.4,8443,tcp,ssl,0.010380029678344728,997.0,1823.0,RSTO,7,6,0,100,100,100,0,100,100,100,63,128,0,0,0,345,184,11124,10639,963998797,3721075185
1588207476.476728,10.0.1.6,57470,192.168.0.4,8443,tcp,ssl,0.024337053298950195,997.0,1823.0,RSTO,7,6,0,100,100,100,0,100,100,100,63,128,0,0,0,345,184,11124,10639,3948111747,898211427
1588207478.392492,10.0.1.6,57471,192.168.0.4,8443,tcp,ssl,0.01152491569519043,997.0,1823.0,RSTO,7,6,0,100,100,100,0,100,100,100,63,128,0,0,0,345,184,11124,10639,2157450308,1553435015
1588207480.406883,10.0.1.6,57472,192.168.0.4,8443,tcp,ssl,0.009927034378051758,997.0,1823.0,RSTO,7,6,0,100,100,100,0,100,100,100,63,128,0,0,0,345,184,11124,10639,1639303918,3545135123
1588207482.5131881,10.0.1.6,57473,192.168.0.4,8443,tcp,ssl,0.024584054946899414,997.0,1823.0,RSTO,7,6,0,100,100,100,0,100,100,100,63,128,0,0,0,345,184,11124,10639,3912548778,381126163
1588207484.737342,10.0.1.6,57474,192.168.0.4,8443,tcp,ssl,0.011046171188354492,997.0,1919.0,RSTO,7,6,0,100,100,100,0,100,100,100,63,128,0,0,0,361,184,11124,10639,1964954299,2096429498
1588207484.749054,10.0.1.6,57475,192.168.0.4,8443,tcp,ssl,0.00855708122253418,1159.0,1823.0,RSTO,7,6,0,100,100,100,0,100,100,100,63,128,0,0,0,345,207,11124,10639,792273464,402503654
1588207485.006003,10.0.1.4,60879,10.0.1.6,55121,tcp,,3.024379014968872,0.0,0.0,S0,3,0,0,0,0,0,0,0,0,0,0,128,0,0,0,0,52,0,64240,0,3649577299
1588207492.031084,10.0.1.4,60879,10.0.1.6,55121,tcp,,,,,S0,1,0,0,0,0,1,1,1,1,1,0,128,0,0,0,0,52,0,64240,0,3649577299
1588207439.015401,10.0.1.6,123,10.0.0.4,123,udp,,0.001981019973754883,120.0,120.0,SF,1,1,0,0,0,0,0,0,0,98,128,128,0,0,0,148,148,0,0,0,0
1588207500.042548,10.0.1.4,60879,10.0.1.6,55121,tcp,,,,,S0,1,0,0,0,0,2,2,2,2,2,0,128,0,0,0,0,52,0,64240,0,3649577299
1588207485.002054,10.0.1.4,60878,10.0.1.6,135,tcp,dce_rpc,21.009445905685425,328.0,280.0,RSTO,6,3,0,0,0,0,0,3,3,3,128,128,0,0,0,137,96,23210,12072,1135603839,1152683523
1588207222.417684,10.0.1.4,60853,10.0.1.6,445,tcp,gssapi,294.320417881012,193919.0,30831.0,RSTO,107,100,0,0,0,0,0,4,4,4,128,128,0,0,0,157,1852,16884,8642,2878928550,3599032751
1588207482.662991,10.0.1.6,138,10.0.1.255,138,udp,,,,,S0,1,0,0,0,0,0,0,0,0,95,0,128,0,0,0,0,229,0,0,0,0
